-- MySQL dump 10.16  Distrib 10.2.14-MariaDB, for osx10.12 (x86_64)
--
-- Host: localhost    Database: acamedia
-- ------------------------------------------------------
-- Server version	10.2.14-MariaDB

/*!40101 SET @OLD_CHARACTER_SET_CLIENT=@@CHARACTER_SET_CLIENT */;
/*!40101 SET @OLD_CHARACTER_SET_RESULTS=@@CHARACTER_SET_RESULTS */;
/*!40101 SET @OLD_COLLATION_CONNECTION=@@COLLATION_CONNECTION */;
/*!40101 SET NAMES utf8 */;
/*!40103 SET @OLD_TIME_ZONE=@@TIME_ZONE */;
/*!40103 SET TIME_ZONE='+00:00' */;
/*!40014 SET @OLD_UNIQUE_CHECKS=@@UNIQUE_CHECKS, UNIQUE_CHECKS=0 */;
/*!40014 SET @OLD_FOREIGN_KEY_CHECKS=@@FOREIGN_KEY_CHECKS, FOREIGN_KEY_CHECKS=0 */;
/*!40101 SET @OLD_SQL_MODE=@@SQL_MODE, SQL_MODE='NO_AUTO_VALUE_ON_ZERO' */;
/*!40111 SET @OLD_SQL_NOTES=@@SQL_NOTES, SQL_NOTES=0 */;

--
-- Table structure for table `article`
--

DROP TABLE IF EXISTS `article`;
/*!40101 SET @saved_cs_client     = @@character_set_client */;
/*!40101 SET character_set_client = utf8 */;
CREATE TABLE `article` (
  `id` int(11) NOT NULL AUTO_INCREMENT,
  `title` varchar(1024) NOT NULL,
  `publish_date` date DEFAULT NULL,
  PRIMARY KEY (`id`),
  UNIQUE KEY `title` (`title`)
) ENGINE=InnoDB AUTO_INCREMENT=56 DEFAULT CHARSET=utf8;
/*!40101 SET character_set_client = @saved_cs_client */;

--
-- Dumping data for table `article`
--

LOCK TABLES `article` WRITE;
/*!40000 ALTER TABLE `article` DISABLE KEYS */;
INSERT INTO `article` VALUES (1,'Longterm followup of single crowns supported by short moderately rough implantsA prospective 10year cohort study','2018-12-06'),(2,'ABO blood types and major outcomes in patients with acute hypoxaemic respiratory failure A multicenter retrospective cohort study','2018-10-25'),(3,'Supplementation with a selective amino acid formula ameliorates muscular dystrophy in mdx mice','2018-10-02'),(4,'LCMSMS based 25OHD status in a large Southern European outpatient cohort gender and agespecific differences','2018-08-07'),(5,'Correlation between venous pressure gradients and intravascular ultrasound in the diagnosis of iliac vein compression syndrome','2018-03-08'),(6,'Inhibition of Methyltransferase Setd7 Allows the In Vitro Expansion of Myogenic Stem Cells with Improved Therapeutic Potential','2018-01-25'),(7,'Endocrine and metabolic evaluation of classic Klinefelter syndrome and highgrade aneuploidies of sexual chromosomes with male phenotype are they different clinical conditions?','2018-01-25'),(8,'A specific amino acid formula prevents alcoholic liver disease in rodents','2018-01-25'),(9,'A blueprint for the next generation of ELSI research training and outreach in regenerative medicine','2017-07-05'),(10,'Randomized doubleblinded study comparing medical treatment versus iliac vein stenting in chronic venous disease','2017-12-29'),(11,'Prospective doubleblind randomized controlled trial comparing electrocoagulation and radiofrequency in the treatment of patients with great saphenous vein insufficiency and lower limb varicose veins','2017-12-09'),(12,'Increased nonHDL cholesterol levels cause muscle wasting and ambulatory dysfunction in the mouse model of LGMD2B','2017-11-25'),(13,'Effects of OnceWeekly Exenatide on Cardiovascular Outcomes in Type 2 Diabetes','2017-09-14'),(14,'Increased plasma lipid levels exacerbate muscle pathology in the mdx mouse model of Duchenne muscular dystrophy','2017-09-12'),(15,'6mmlong implants loaded with fiberreinforced composite resinbonded fixed prostheses FRCRBFDPs A 5year prospective study','2017-03-28'),(16,'Bone MarrowDerived Cell Accumulation in the Spinal Cord Is Independent of Peripheral Mobilization in a Mouse Model of Amyotrophic Lateral Sclerosis','2017-03-08'),(17,'Wholebody vibration to prevent intensive care unitacquired weakness safety feasibility and metabolic response','2017-01-09'),(18,'Critical illness polyneuropathy in ICU patients is related to reduced motor nerve excitability caused by reduced sodium permeability','2016-05-20'),(19,'Interactions between mitochondria and the transcription factor myocyte enhancer factor 2 MEF2 regulate neuronal structural and functional plasticity and metaplasticity','2015-01-29'),(20,'Dynamics of myosin degradation in intensive care unitacquired weakness during severe critical illness','2014-02-15'),(21,'Longterm recovery In critical illness myopathy is complete contrary to polyneuropathy','2014-07-14'),(22,'Ultrabright and stable red and nearinfrared squaraine fluorophores for in vivo twophoton imaging','2012-12-14'),(23,'Fast nonnegative temporal deconvolution for laser scanning microscopy','2012-03-21'),(24,'Functional clustering drives encoding improvement in a developing brain network during awake visual learning','2012-01-10'),(25,'Singlecell electroporation in Xenopus','2011-09-01'),(26,'Singlecell electroporation of Xenopus tadpole tectal neurons','2011-09-01'),(27,'In vivo singlecell excitability probing of neuronal ensembles in the intact and awake developing Xenopus brain','2010-04-08'),(28,'Single cell electroporation in vivo within the intact developing brain','2008-07-11'),(29,'In vivo imaging of seizure activity in a novel developmental seizure model','2008-03-04'),(30,'Temperature Driven Changes in Benthic Bacterial Diversity Influences Biogeochemical Cycling in Coastal Sediments','2018-08-22'),(31,'Timeresolved neural reinstatement and pattern separation during memory decisions in human hippocampus','2018-07-13'),(32,'More Than the Sum of Its Parts A Role for the Hippocampus in Configural Reinforcement Learning','2018-04-19'),(33,'Hippocampal representations as a function of time subregion and brain state','2018-03-10'),(34,'Nonhealing orbital floor fracture in a pediatric patient A unique presentation of pseudosilent sinus syndrome','2018-01-10'),(35,'An Integrative Approach to Decipher the Chemical Antagonism between the Competing Endophytes Paraconiothyrium variabile and Bacillus subtilis','2017-11-15'),(36,'Lingering Cognitive States Shape Fundamental Mnemonic Abilities','2017-11-08'),(37,'Superior ophthalmic vein thrombosis A rare complication of Graves orbitopathy','2017-10-20'),(38,'Highresolution investigation of memoryspecific reinstatement in the hippocampus and perirhinal cortex','2016-04-04'),(39,'Using Molecular Networking for Microbial Secondary Metabolite Bioprospecting','2016-01-08'),(40,'Competitive strategies differentiate closely related species of marine actinobacteria','2015-08-04'),(41,'Molecular networking and patternbased genome mining improves discovery of biosynthetic gene clusters and their products from Salinispora species','2015-04-09'),(42,'Modelbased choices involve prospective neural activity','2015-03-23'),(43,'Enhanced communication between inpatient and community pharmacists to optimize medication management during transitions of care','2018-11-13'),(44,'Selfmanagement of pain and depression in adults with spinal cord injury A scoping review','2018-10-18'),(45,'Exploring deprescribing opportunities for community pharmacists Protocol for a qualitative study','2018-05-30'),(46,'Costrelated nonadherence to prescription medications in Canada a scoping review','2018-09-06'),(47,'Prescription drug claims following a traumatic spinal cord injury for older adults a retrospective populationbased study in Ontario Canada','2018-07-31'),(48,'Prevalence of osteoarthritis in individuals with COPD a systematic review','2018-04-16'),(49,'In this together Social identification predicts health outcomes via selfefficacy in a chronic disease selfmanagement program','2018-03-05'),(50,'Preventive care among primary care patients living with spinal cord injury','2018-02-09'),(51,'Online peer support interventions for chronic conditions a scoping review protocol','2017-09-24'),(52,'An examination of perceived health care availability and unmet health care need in the City of Toronto Ontario Canada','2017-04-20'),(53,'The association between social cohesion in the neighborhood and body mass index BMI An examination of gendered differences among urbandwelling Canadians','2017-02-21'),(54,'The financial burden of prescription drugs for neurological conditions in Canada Results from the National Population Health Study of Neurological Conditions','2017-02-04'),(55,'Identifying mechanisms for facilitating knowledge to action strategies targeting the built environment','2017-01-03');
/*!40000 ALTER TABLE `article` ENABLE KEYS */;
UNLOCK TABLES;

--
-- Table structure for table `article_keyword`
--

DROP TABLE IF EXISTS `article_keyword`;
/*!40101 SET @saved_cs_client     = @@character_set_client */;
/*!40101 SET character_set_client = utf8 */;
CREATE TABLE `article_keyword` (
  `article_id` int(11) NOT NULL,
  `keyword_id` int(11) NOT NULL,
  PRIMARY KEY (`article_id`,`keyword_id`),
  KEY `keyword_id` (`keyword_id`),
  CONSTRAINT `article_keyword_ibfk_1` FOREIGN KEY (`article_id`) REFERENCES `article` (`id`),
  CONSTRAINT `article_keyword_ibfk_2` FOREIGN KEY (`keyword_id`) REFERENCES `keyword` (`id`)
) ENGINE=InnoDB DEFAULT CHARSET=utf8;
/*!40101 SET character_set_client = @saved_cs_client */;

--
-- Dumping data for table `article_keyword`
--

LOCK TABLES `article_keyword` WRITE;
/*!40000 ALTER TABLE `article_keyword` DISABLE KEYS */;
INSERT INTO `article_keyword` VALUES (1,1),(1,2),(1,3),(1,4),(1,5),(1,6),(1,7),(1,8),(1,9),(1,10),(1,11),(1,12),(1,13),(1,14),(1,15),(1,16),(1,17),(1,18),(1,19),(1,20),(1,21),(1,22),(1,23),(1,24),(1,25),(1,26),(1,27),(1,28),(1,29),(1,30),(1,31),(1,32),(1,33),(1,34),(1,35),(1,36),(1,37),(1,38),(1,39),(1,40),(1,41),(1,42),(1,43),(1,44),(1,45),(1,46),(1,47),(1,48),(1,49),(1,50),(1,51),(1,52),(1,53),(1,54),(1,55),(1,56),(1,57),(1,58),(1,59),(1,60),(1,61),(1,62),(1,63),(1,64),(1,65),(1,66),(1,67),(1,68),(1,69),(1,70),(1,71),(1,72),(1,73),(1,74),(1,75),(1,76),(1,77),(1,78),(1,79),(1,80),(1,81),(1,82),(1,83),(1,84),(1,85),(1,86),(1,87),(1,88),(1,89),(1,90),(1,91),(1,92),(1,93),(1,94),(1,95),(1,96),(1,97),(1,98),(1,99),(1,100),(1,101),(1,102),(1,103),(1,104),(1,105),(1,106),(1,107),(1,108),(1,109),(1,110),(1,111),(1,112),(1,113),(1,114),(1,115),(1,116),(1,117),(1,118),(1,119),(1,120),(1,121),(1,122),(1,123),(1,124),(1,125),(1,126),(1,127),(1,128),(1,129),(1,130),(1,131),(1,132),(1,133),(1,134),(1,135),(2,6),(2,21),(2,22),(2,23),(2,35),(2,36),(2,38),(2,41),(2,43),(2,55),(2,57),(2,66),(2,80),(2,98),(2,109),(2,118),(2,122),(2,135),(2,136),(2,137),(2,138),(2,140),(2,141),(2,142),(2,143),(2,144),(2,145),(2,148),(2,149),(2,150),(2,151),(2,152),(2,153),(2,156),(2,157),(2,158),(2,159),(2,160),(2,161),(2,162),(2,163),(2,165),(2,166),(2,167),(2,168),(2,169),(2,170),(2,171),(2,172),(2,173),(2,174),(2,177),(2,178),(2,179),(2,181),(2,182),(2,184),(2,185),(2,186),(2,187),(2,188),(2,189),(2,190),(2,191),(2,192),(2,193),(2,194),(2,196),(2,197),(2,198),(2,199),(2,200),(2,201),(2,202),(2,203),(2,204),(2,205),(2,206),(2,207),(2,208),(2,209),(2,210),(2,211),(2,212),(2,213),(2,214),(2,215),(2,216),(2,217),(2,218),(2,219),(2,220),(2,221),(2,222),(2,223),(2,224),(2,225),(2,226),(2,227),(2,228),(2,229),(2,230),(2,231),(2,232),(2,233),(2,234),(2,235),(2,236),(2,237),(2,238),(2,239),(2,240),(2,241),(2,242),(2,243),(2,244),(2,245),(2,246),(2,247),(2,248),(2,249),(2,250),(2,251),(2,252),(2,253),(2,255),(2,256),(2,257),(2,258),(2,259),(2,260),(2,261),(2,262),(2,263),(2,264),(2,265),(2,266),(2,267),(2,268),(2,269),(2,270),(2,271),(2,272),(2,273),(2,274),(2,275),(2,276),(2,277),(2,278),(2,279),(2,280),(2,282),(2,284),(2,285),(2,286),(2,287),(2,288),(2,289),(2,290),(2,291),(2,292),(2,293),(2,294),(2,295),(2,297),(2,298),(2,299),(2,300),(2,301),(2,302),(2,303),(2,304),(2,305),(2,306),(2,307),(2,308),(2,309),(2,311),(2,312),(2,313),(2,314),(2,315),(2,316),(2,317),(2,318),(2,319),(2,320),(2,321),(2,322),(2,323),(2,324),(2,325),(2,326),(2,327),(2,328),(2,329),(2,330),(2,331),(2,332),(2,334),(2,335),(2,336),(2,337),(2,339),(2,340),(2,341),(2,342),(2,343),(2,344),(2,345),(2,346),(3,6),(3,22),(3,23),(3,35),(3,36),(3,37),(3,40),(3,41),(3,43),(3,74),(3,90),(3,99),(3,118),(3,135),(3,137),(3,159),(3,163),(3,178),(3,187),(3,188),(3,191),(3,192),(3,193),(3,207),(3,210),(3,226),(3,228),(3,233),(3,234),(3,235),(3,236),(3,243),(3,244),(3,245),(3,247),(3,248),(3,260),(3,336),(3,347),(3,348),(3,351),(3,352),(3,353),(3,354),(3,355),(3,356),(3,357),(3,358),(3,359),(3,360),(3,361),(3,362),(3,364),(3,365),(3,366),(3,367),(3,368),(3,369),(3,370),(3,371),(3,372),(3,373),(3,375),(3,376),(3,378),(3,379),(3,380),(3,381),(3,382),(3,383),(3,384),(3,385),(3,386),(3,387),(3,388),(3,392),(3,393),(3,402),(3,406),(3,407),(3,408),(3,411),(3,412),(3,414),(3,415),(3,417),(3,419),(3,421),(3,422),(3,425),(3,426),(3,428),(3,429),(3,430),(3,431),(3,432),(3,434),(3,435),(3,436),(3,437),(3,438),(3,439),(3,440),(3,441),(3,442),(3,443),(3,444),(3,445),(3,446),(3,448),(3,449),(3,450),(3,451),(3,452),(3,454),(3,455),(3,456),(3,457),(3,458),(3,459),(3,460),(3,461),(3,462),(3,464),(3,465),(3,466),(3,467),(3,468),(3,469),(3,470),(3,471),(3,472),(3,473),(3,474),(3,475),(3,476),(3,477),(3,478),(3,479),(3,480),(3,481),(3,482),(3,483),(3,484),(3,485),(3,486),(3,487),(3,488),(3,489),(3,491),(3,492),(3,493),(3,494),(3,495),(3,496),(3,497),(3,498),(3,499),(3,500),(3,502),(3,503),(3,504),(3,505),(3,506),(3,507),(3,508),(3,509),(3,510),(3,511),(3,512),(3,513),(3,514),(3,515),(3,516),(3,518),(3,519),(3,520),(3,521),(3,522),(3,523),(3,524),(3,525),(3,526),(3,527),(3,528),(3,529),(3,530),(3,531),(3,532),(3,533),(3,534),(3,535),(3,536),(3,537),(3,539),(3,540),(3,541),(3,542),(3,544),(4,6),(4,21),(4,22),(4,23),(4,24),(4,35),(4,36),(4,37),(4,41),(4,43),(4,55),(4,66),(4,98),(4,118),(4,122),(4,135),(4,178),(4,188),(4,192),(4,193),(4,208),(4,218),(4,219),(4,228),(4,269),(4,322),(4,384),(4,426),(4,445),(4,474),(4,546),(4,547),(4,548),(4,550),(4,551),(4,552),(4,553),(4,554),(4,555),(4,556),(4,557),(4,558),(4,559),(4,560),(4,561),(4,563),(4,564),(4,565),(4,566),(4,567),(4,568),(4,569),(4,571),(4,572),(4,575),(4,576),(4,577),(4,578),(4,579),(4,580),(4,581),(4,583),(4,584),(4,585),(4,586),(4,591),(4,592),(4,594),(4,596),(4,599),(4,600),(4,602),(4,603),(4,604),(4,605),(4,606),(4,608),(4,609),(4,610),(4,612),(4,615),(4,616),(4,618),(4,619),(4,620),(4,622),(4,623),(4,624),(4,625),(4,626),(4,627),(4,628),(4,629),(4,630),(4,631),(4,632),(4,633),(4,634),(4,636),(4,637),(4,638),(4,639),(4,641),(4,642),(4,643),(4,644),(4,645),(4,646),(4,647),(4,648),(4,651),(4,652),(4,653),(4,654),(4,655),(4,656),(4,657),(4,658),(4,659),(4,660),(4,661),(4,662),(4,663),(4,664),(4,665),(4,666),(4,667),(4,668),(4,669),(4,670),(4,671),(4,672),(4,673),(4,674),(4,675),(4,676),(4,677),(4,678),(4,679),(4,680),(4,681),(4,683),(4,684),(4,685),(4,687),(4,688),(4,689),(4,690),(4,691),(4,692),(4,693),(4,694),(4,695),(4,696),(4,697),(4,698),(4,699),(4,700),(4,702),(4,703),(4,704),(4,705),(4,706),(4,707),(4,708),(4,710),(4,711),(4,712),(4,713),(4,714),(4,715),(4,716),(4,717),(4,718),(4,719),(5,6),(5,8),(5,22),(5,23),(5,35),(5,36),(5,53),(5,54),(5,55),(5,66),(5,80),(5,98),(5,104),(5,109),(5,127),(5,129),(5,134),(5,135),(5,179),(5,186),(5,201),(5,218),(5,257),(5,263),(5,268),(5,297),(5,312),(5,322),(5,392),(5,462),(5,482),(5,509),(5,565),(5,631),(5,641),(5,681),(5,683),(5,721),(5,722),(5,723),(5,724),(5,725),(5,726),(5,728),(5,730),(5,731),(5,732),(5,733),(5,734),(5,735),(5,736),(5,737),(5,738),(5,739),(5,741),(5,742),(5,743),(5,744),(5,746),(5,747),(5,748),(5,749),(5,750),(5,751),(5,752),(5,753),(5,754),(5,755),(5,756),(5,757),(5,758),(5,759),(5,760),(5,761),(5,762),(5,763),(5,764),(5,767),(5,768),(5,769),(5,770),(5,771),(5,772),(5,773),(5,775),(5,776),(5,777),(5,779),(5,780),(5,781),(5,783),(5,784),(5,785),(5,788),(5,789),(5,790),(5,791),(5,793),(5,794),(5,795),(5,797),(5,798),(5,800),(5,801),(5,803),(5,805),(5,806),(5,807),(5,808),(5,809),(5,810),(5,811),(5,812),(5,813),(5,815),(5,816),(5,818),(5,819),(5,820),(5,821),(5,822),(5,823),(5,825),(5,827),(5,828),(5,830),(5,831),(5,832),(5,834),(5,836),(5,837),(5,838),(5,839),(5,840),(5,841),(5,843),(5,844),(5,845),(5,846),(5,848),(5,850),(5,851),(5,853),(5,854),(5,855),(5,856),(5,857),(5,858),(5,859),(5,860),(5,861),(5,862),(5,863),(5,864),(5,865),(5,866),(5,867),(5,870),(5,871),(5,874),(5,876),(5,877),(5,878),(5,879),(5,880),(5,881),(5,882),(5,883),(5,884),(5,885),(5,886),(5,888),(5,892),(5,893),(5,894),(5,896),(5,897),(6,6),(6,8),(6,23),(6,35),(6,36),(6,40),(6,41),(6,74),(6,127),(6,129),(6,135),(6,178),(6,185),(6,188),(6,191),(6,192),(6,193),(6,196),(6,204),(6,207),(6,245),(6,266),(6,297),(6,336),(6,358),(6,359),(6,393),(6,411),(6,414),(6,426),(6,428),(6,439),(6,440),(6,441),(6,448),(6,449),(6,468),(6,520),(6,524),(6,599),(6,655),(6,683),(6,706),(6,775),(6,886),(6,892),(6,893),(6,894),(6,900),(6,901),(6,903),(6,905),(6,906),(6,907),(6,908),(6,909),(6,910),(6,911),(6,913),(6,914),(6,915),(6,916),(6,917),(6,918),(6,919),(6,920),(6,921),(6,922),(6,923),(6,924),(6,925),(6,926),(6,927),(6,928),(6,929),(6,930),(6,931),(6,932),(6,933),(6,934),(6,935),(6,936),(6,937),(6,938),(6,939),(6,940),(6,941),(6,942),(6,943),(6,944),(6,945),(6,946),(6,947),(6,948),(6,949),(6,950),(6,951),(6,952),(6,954),(6,955),(6,956),(6,957),(6,958),(6,959),(6,960),(6,961),(6,962),(6,963),(6,964),(6,966),(6,969),(6,974),(6,977),(6,979),(6,980),(6,981),(6,982),(6,983),(6,984),(6,985),(6,987),(6,988),(6,989),(6,990),(6,993),(6,994),(6,995),(6,998),(6,1000),(6,1001),(6,1002),(6,1003),(6,1004),(6,1005),(6,1006),(6,1009),(6,1011),(6,1013),(6,1016),(6,1017),(6,1018),(6,1019),(6,1020),(6,1023),(6,1024),(6,1025),(6,1026),(6,1027),(6,1028),(6,1029),(6,1030),(6,1031),(6,1032),(6,1033),(6,1034),(6,1035),(6,1036),(6,1037),(6,1038),(6,1039),(6,1040),(6,1041),(6,1044),(6,1045),(6,1046),(6,1047),(6,1048),(6,1049),(6,1052),(6,1053),(6,1055),(6,1056),(6,1057),(6,1058),(6,1059),(6,1060),(6,1061),(6,1062),(6,1063),(6,1064),(6,1065),(6,1066),(6,1067),(6,1068),(6,1069),(6,1070),(6,1071),(6,1073),(6,1075),(6,1076),(6,1077),(6,1078),(6,1079),(6,1080),(6,1081),(6,1082),(6,1083),(6,1085),(6,1087),(6,1088),(6,1089),(6,1090),(6,1091),(6,1092),(6,1093),(6,1094),(6,1095),(6,1096),(6,1097),(6,1098),(6,1101),(6,1102),(6,1103),(6,1104),(6,1105),(6,1112),(7,6),(7,8),(7,22),(7,23),(7,35),(7,36),(7,41),(7,43),(7,55),(7,66),(7,80),(7,94),(7,98),(7,105),(7,111),(7,121),(7,129),(7,135),(7,178),(7,193),(7,257),(7,267),(7,369),(7,392),(7,450),(7,462),(7,475),(7,480),(7,527),(7,546),(7,560),(7,565),(7,609),(7,653),(7,668),(7,670),(7,681),(7,683),(7,716),(7,751),(7,785),(7,813),(7,843),(7,882),(7,888),(7,896),(7,897),(7,905),(7,1115),(7,1116),(7,1118),(7,1121),(7,1122),(7,1124),(7,1125),(7,1127),(7,1128),(7,1129),(7,1130),(7,1131),(7,1135),(7,1137),(7,1138),(7,1140),(7,1141),(7,1142),(7,1143),(7,1144),(7,1145),(7,1147),(7,1148),(7,1149),(7,1152),(7,1155),(7,1158),(7,1160),(7,1162),(7,1163),(7,1165),(7,1167),(7,1168),(7,1169),(7,1172),(7,1173),(7,1174),(7,1175),(7,1176),(7,1177),(7,1178),(7,1179),(7,1183),(7,1184),(7,1186),(7,1187),(7,1188),(7,1191),(7,1192),(7,1193),(7,1194),(7,1198),(7,1199),(7,1200),(7,1201),(7,1202),(7,1203),(7,1204),(7,1205),(7,1208),(7,1209),(7,1210),(7,1213),(7,1214),(7,1215),(7,1216),(7,1218),(7,1220),(7,1221),(7,1222),(7,1223),(7,1224),(7,1225),(7,1226),(7,1227),(7,1228),(7,1229),(7,1230),(7,1233),(8,6),(8,8),(8,22),(8,23),(8,24),(8,28),(8,30),(8,35),(8,36),(8,37),(8,41),(8,43),(8,55),(8,80),(8,112),(8,118),(8,135),(8,150),(8,178),(8,192),(8,193),(8,196),(8,201),(8,226),(8,352),(8,354),(8,355),(8,356),(8,365),(8,366),(8,369),(8,385),(8,411),(8,414),(8,425),(8,428),(8,429),(8,440),(8,450),(8,452),(8,465),(8,468),(8,484),(8,485),(8,486),(8,488),(8,489),(8,503),(8,504),(8,505),(8,507),(8,508),(8,513),(8,530),(8,555),(8,599),(8,639),(8,643),(8,712),(8,794),(8,905),(8,1077),(8,1081),(8,1105),(8,1210),(8,1241),(8,1242),(8,1243),(8,1244),(8,1246),(8,1253),(8,1254),(8,1256),(8,1257),(8,1259),(8,1262),(8,1263),(8,1267),(8,1268),(8,1269),(8,1270),(8,1291),(8,1295),(8,1296),(8,1298),(8,1299),(8,1301),(8,1302),(8,1305),(8,1307),(8,1308),(8,1309),(8,1310),(8,1311),(8,1312),(8,1314),(8,1316),(8,1317),(8,1319),(8,1320),(8,1321),(8,1325),(8,1327),(8,1331),(8,1332),(8,1333),(8,1334),(8,1335),(8,1336),(8,1337),(8,1339),(8,1340),(8,1342),(8,1343),(8,1344),(8,1345),(8,1346),(8,1347),(8,1348),(8,1349),(8,1350),(8,1351),(8,1352),(8,1354),(8,1355),(8,1356),(8,1357),(8,1359),(8,1360),(8,1361),(8,1363),(8,1364),(8,1365),(8,1366),(8,1367),(8,1368),(8,1369),(8,1370),(8,1371),(8,1372),(8,1378),(8,1379),(8,1380),(8,1381),(8,1382),(8,1383),(8,1384),(8,1385),(8,1386),(8,1387),(8,1388),(8,1389),(8,1390),(8,1391),(8,1392),(8,1393),(8,1395),(8,1396),(8,1397),(8,1398),(8,1399),(8,1400),(8,1402),(8,1403),(8,1404),(8,1405),(8,1406),(8,1407),(8,1408),(8,1409),(8,1410),(8,1411),(8,1412),(8,1413),(8,1414),(8,1415),(9,6),(9,23),(9,35),(9,36),(9,41),(9,101),(9,135),(9,141),(9,178),(9,185),(9,187),(9,188),(9,192),(9,193),(9,196),(9,197),(9,207),(9,245),(9,336),(9,339),(9,340),(9,341),(9,342),(9,344),(9,345),(9,412),(9,426),(9,431),(9,450),(9,599),(9,840),(9,974),(9,979),(9,980),(9,981),(9,982),(9,983),(9,987),(9,990),(9,993),(9,1028),(9,1039),(9,1088),(9,1102),(9,1417),(9,1418),(9,1419),(9,1420),(9,1422),(9,1424),(9,1425),(9,1426),(9,1428),(9,1429),(9,1432),(9,1433),(9,1434),(9,1435),(9,1436),(9,1437),(9,1438),(9,1439),(9,1440),(9,1441),(9,1442),(9,1443),(9,1444),(9,1445),(9,1446),(9,1447),(9,1448),(9,1449),(9,1450),(9,1451),(9,1452),(9,1453),(9,1455),(9,1456),(9,1457),(9,1458),(9,1459),(9,1462),(9,1463),(9,1464),(9,1465),(9,1474),(9,1476),(9,1478),(9,1479),(9,1480),(9,1482),(9,1483),(9,1484),(9,1487),(9,1488),(9,1489),(9,1490),(9,1491),(9,1492),(9,1494),(9,1495),(9,1496),(9,1499),(9,1500),(9,1501),(9,1502),(9,1504),(9,1505),(9,1507),(9,1508),(9,1509),(9,1510),(9,1513),(9,1514),(9,1515),(9,1516),(9,1517),(9,1518),(9,1519),(9,1520),(9,1521),(9,1522),(9,1523),(9,1525),(9,1526),(9,1527),(9,1528),(9,1532),(9,1533),(9,1534),(9,1535),(9,1536),(9,1537),(9,1538),(9,1539),(9,1540),(9,1541),(9,1542),(9,1544),(9,1545),(9,1547),(9,1548),(9,1549),(9,1550),(9,1551),(9,1552),(9,1553),(9,1554),(9,1555),(9,1556),(9,1557),(9,1558),(9,1559),(9,1560),(9,1561),(9,1562),(9,1563),(9,1565),(9,1568),(9,1569),(9,1570),(9,1571),(9,1572),(9,1573),(9,1575),(9,1580),(9,1582),(10,6),(10,8),(10,9),(10,11),(10,15),(10,22),(10,23),(10,35),(10,36),(10,55),(10,57),(10,66),(10,80),(10,98),(10,101),(10,103),(10,105),(10,129),(10,134),(10,135),(10,179),(10,193),(10,207),(10,263),(10,266),(10,274),(10,290),(10,297),(10,300),(10,304),(10,322),(10,367),(10,392),(10,509),(10,539),(10,542),(10,599),(10,675),(10,721),(10,722),(10,723),(10,724),(10,725),(10,734),(10,735),(10,737),(10,738),(10,750),(10,752),(10,753),(10,754),(10,755),(10,757),(10,761),(10,762),(10,763),(10,764),(10,768),(10,769),(10,771),(10,772),(10,773),(10,775),(10,779),(10,781),(10,783),(10,784),(10,785),(10,789),(10,794),(10,798),(10,800),(10,801),(10,803),(10,812),(10,816),(10,819),(10,837),(10,882),(10,886),(10,888),(10,892),(10,893),(10,894),(10,896),(10,897),(10,913),(10,960),(10,1081),(10,1105),(10,1227),(10,1389),(10,1589),(10,1591),(10,1594),(10,1595),(10,1597),(10,1603),(10,1607),(10,1616),(10,1617),(10,1618),(10,1623),(10,1626),(10,1634),(10,1635),(10,1636),(10,1637),(10,1642),(10,1643),(10,1645),(10,1646),(10,1648),(10,1649),(10,1650),(10,1652),(10,1656),(10,1657),(10,1658),(10,1659),(10,1661),(10,1662),(10,1665),(10,1676),(10,1677),(10,1678),(10,1679),(10,1680),(10,1681),(10,1682),(10,1684),(10,1685),(10,1686),(10,1689),(10,1691),(10,1692),(10,1695),(10,1696),(10,1697),(10,1698),(10,1700),(10,1702),(10,1703),(10,1704),(10,1705),(10,1707),(10,1709),(10,1710),(10,1711),(10,1712),(10,1713),(10,1714),(10,1716),(10,1717),(10,1718),(10,1719),(10,1721),(10,1723),(10,1724),(10,1726),(10,1727),(10,1730),(10,1731),(10,1732),(10,1733),(10,1734),(10,1735),(10,1737),(10,1740),(10,1742),(10,1744),(10,1745),(10,1746),(10,1747),(10,1749),(10,1750),(11,6),(11,8),(11,9),(11,11),(11,19),(11,22),(11,23),(11,35),(11,36),(11,41),(11,55),(11,57),(11,66),(11,80),(11,95),(11,98),(11,105),(11,107),(11,109),(11,115),(11,117),(11,129),(11,134),(11,135),(11,178),(11,179),(11,186),(11,188),(11,208),(11,218),(11,266),(11,274),(11,290),(11,297),(11,322),(11,330),(11,455),(11,509),(11,531),(11,539),(11,542),(11,652),(11,665),(11,670),(11,671),(11,675),(11,721),(11,722),(11,723),(11,724),(11,725),(11,735),(11,738),(11,742),(11,743),(11,746),(11,748),(11,749),(11,750),(11,752),(11,753),(11,754),(11,755),(11,756),(11,757),(11,763),(11,769),(11,771),(11,772),(11,773),(11,775),(11,779),(11,780),(11,781),(11,783),(11,784),(11,785),(11,795),(11,809),(11,811),(11,812),(11,836),(11,837),(11,850),(11,870),(11,882),(11,886),(11,888),(11,892),(11,893),(11,894),(11,896),(11,897),(11,950),(11,990),(11,1095),(11,1167),(11,1215),(11,1227),(11,1594),(11,1597),(11,1616),(11,1649),(11,1656),(11,1658),(11,1681),(11,1703),(11,1704),(11,1705),(11,1712),(11,1742),(11,1765),(11,1767),(11,1771),(11,1773),(11,1776),(11,1777),(11,1780),(11,1781),(11,1785),(11,1786),(11,1787),(11,1789),(11,1794),(11,1797),(11,1799),(11,1800),(11,1811),(11,1814),(11,1820),(11,1821),(11,1822),(11,1834),(11,1836),(11,1839),(11,1840),(11,1841),(11,1843),(11,1844),(11,1845),(11,1846),(11,1847),(11,1853),(11,1854),(11,1855),(11,1857),(11,1862),(11,1865),(11,1868),(11,1874),(11,1879),(11,1883),(11,1884),(11,1886),(11,1890),(11,1891),(11,1892),(11,1894),(11,1896),(11,1897),(11,1898),(11,1902),(11,1903),(11,1904),(11,1905),(11,1906),(11,1907),(11,1908),(11,1911),(11,1913),(11,1915),(11,1916),(11,1919),(11,1922),(11,1923),(12,4),(12,6),(12,8),(12,23),(12,35),(12,36),(12,37),(12,41),(12,91),(12,93),(12,112),(12,118),(12,129),(12,135),(12,143),(12,145),(12,178),(12,185),(12,191),(12,192),(12,193),(12,201),(12,204),(12,207),(12,218),(12,219),(12,251),(12,252),(12,259),(12,260),(12,289),(12,328),(12,332),(12,336),(12,358),(12,359),(12,361),(12,414),(12,468),(12,509),(12,511),(12,513),(12,565),(12,591),(12,623),(12,630),(12,670),(12,717),(12,781),(12,837),(12,886),(12,888),(12,974),(12,979),(12,980),(12,981),(12,983),(12,1019),(12,1032),(12,1045),(12,1087),(12,1098),(12,1102),(12,1105),(12,1204),(12,1210),(12,1215),(12,1229),(12,1299),(12,1415),(12,1697),(12,1712),(12,1745),(12,1747),(12,1785),(12,1935),(12,1937),(12,1939),(12,1941),(12,1943),(12,1947),(12,1948),(12,1952),(12,1953),(12,1954),(12,1955),(12,1956),(12,1958),(12,1959),(12,1960),(12,1961),(12,1962),(12,1963),(12,1964),(12,1965),(12,1966),(12,1968),(12,1969),(12,1970),(12,1971),(12,1972),(12,1976),(12,1977),(12,1978),(12,1979),(12,1982),(12,1983),(12,1989),(12,1990),(12,1996),(12,2000),(12,2001),(12,2007),(12,2008),(12,2009),(12,2010),(12,2012),(12,2013),(12,2014),(12,2016),(12,2017),(12,2018),(12,2019),(12,2020),(12,2024),(12,2025),(12,2026),(12,2027),(12,2029),(12,2030),(12,2031),(12,2034),(12,2035),(12,2036),(12,2037),(12,2039),(12,2042),(12,2043),(12,2050),(12,2052),(12,2056),(12,2057),(12,2059),(12,2060),(12,2062),(12,2063),(12,2064),(12,2065),(12,2069),(12,2070),(12,2072),(12,2073),(12,2074),(12,2075),(12,2077),(12,2078),(12,2079),(12,2081),(12,2082),(12,2083),(12,2084),(12,2086),(12,2087),(12,2088),(12,2089),(12,2090),(12,2091),(12,2092),(12,2093),(12,2095),(12,2096),(12,2099),(12,2102),(12,2108),(13,2),(13,6),(13,8),(13,9),(13,15),(13,22),(13,23),(13,57),(13,59),(13,60),(13,66),(13,80),(13,93),(13,98),(13,104),(13,135),(13,145),(13,148),(13,151),(13,186),(13,204),(13,228),(13,245),(13,251),(13,257),(13,259),(13,266),(13,304),(13,317),(13,318),(13,319),(13,320),(13,330),(13,441),(13,500),(13,542),(13,627),(13,634),(13,671),(13,683),(13,742),(13,743),(13,781),(13,882),(13,896),(13,897),(13,926),(13,935),(13,945),(13,947),(13,957),(13,994),(13,1024),(13,1105),(13,1165),(13,1179),(13,1200),(13,1347),(13,1419),(13,1456),(13,1489),(13,1541),(13,1642),(13,1645),(13,1685),(13,1686),(13,1711),(13,1734),(13,1855),(13,1922),(13,1953),(13,1961),(13,2001),(13,2110),(13,2112),(13,2113),(13,2115),(13,2118),(13,2119),(13,2120),(13,2123),(13,2124),(13,2125),(13,2126),(13,2127),(13,2128),(13,2129),(13,2130),(13,2131),(13,2132),(13,2133),(13,2134),(13,2136),(13,2137),(13,2138),(13,2139),(13,2140),(13,2141),(13,2142),(13,2143),(13,2144),(13,2145),(13,2146),(13,2147),(13,2148),(13,2149),(13,2150),(13,2151),(13,2152),(13,2153),(13,2156),(13,2157),(13,2158),(13,2159),(13,2161),(13,2162),(13,2163),(13,2164),(13,2166),(13,2167),(13,2168),(13,2169),(13,2170),(13,2171),(13,2172),(13,2173),(13,2174),(13,2175),(13,2176),(13,2177),(13,2178),(13,2179),(13,2180),(13,2181),(13,2182),(13,2183),(13,2184),(13,2185),(13,2186),(13,2187),(13,2188),(13,2189),(13,2190),(13,2191),(13,2192),(13,2193),(13,2194),(13,2195),(13,2196),(13,2197),(13,2198),(13,2199),(13,2200),(13,2201),(13,2202),(13,2203),(13,2204),(13,2205),(13,2206),(13,2207),(13,2209),(13,2210),(13,2211),(13,2212),(13,2213),(13,2214),(13,2215),(13,2216),(13,2217),(13,2218),(13,2219),(13,2220),(13,2221),(13,2222),(13,2223),(13,2224),(13,2225),(13,2226),(13,2227),(13,2228),(13,2229),(13,2230),(13,2231),(13,2232),(13,2233),(13,2234),(13,2235),(13,2236),(13,2238),(13,2239),(13,2240),(13,2241),(13,2242),(13,2243),(13,2244),(13,2245),(13,2246),(13,2247),(13,2248),(13,2249),(13,2250),(13,2251),(13,2252),(13,2253),(13,2254),(13,2255),(13,2256),(13,2257),(13,2258),(13,2259),(13,2260),(13,2261),(13,2262),(13,2263),(13,2264),(13,2265),(13,2266),(13,2267),(13,2268),(13,2269),(13,2270),(13,2271),(13,2273),(13,2274),(13,2275),(13,2276),(13,2277),(13,2278),(13,2279),(13,2280),(13,2281),(13,2282),(13,2283),(13,2284),(13,2285),(13,2286),(13,2287),(13,2288),(13,2289),(13,2290),(13,2291),(13,2292),(13,2293),(13,2294),(13,2295),(13,2296),(13,2297),(13,2298),(13,2299),(13,2300),(13,2301),(13,2302),(13,2303),(13,2304),(13,2305),(13,2306),(13,2307),(13,2308),(13,2309),(13,2310),(13,2311),(13,2312),(13,2313),(13,2314),(13,2315),(13,2316),(13,2317),(13,2318),(13,2319),(13,2320),(13,2321),(13,2322),(13,2323),(13,2324),(13,2325),(13,2326),(13,2327),(13,2328),(13,2329),(13,2330),(13,2331),(13,2332),(13,2333),(13,2334),(13,2335),(13,2336),(13,2337),(13,2338),(13,2339),(13,2340),(13,2341),(13,2342),(13,2343),(13,2344),(13,2345),(13,2346),(13,2347),(13,2348),(13,2349),(13,2350),(13,2351),(13,2352),(13,2353),(13,2354),(13,2355),(13,2356),(13,2357),(13,2358),(13,2359),(13,2360),(13,2361),(13,2362),(13,2363),(13,2364),(13,2365),(13,2366),(13,2368),(13,2369),(13,2370),(13,2371),(13,2372),(13,2373),(13,2374),(13,2375),(13,2376),(13,2377),(13,2378),(13,2379),(13,2380),(13,2381),(13,2382),(13,2383),(13,2384),(13,2385),(13,2386),(13,2387),(13,2388),(13,2389),(13,2390),(13,2391),(13,2392),(13,2393),(13,2394),(13,2395),(13,2396),(13,2397),(13,2398),(13,2399),(13,2400),(13,2401),(13,2402),(13,2403),(13,2404),(13,2405),(13,2406),(13,2407),(13,2408),(13,2409),(13,2410),(13,2411),(13,2412),(13,2413),(13,2414),(13,2415),(13,2416),(13,2417),(13,2418),(13,2419),(13,2420),(13,2422),(13,2423),(13,2424),(13,2425),(13,2426),(13,2427),(13,2428),(13,2429),(13,2430),(13,2431),(13,2432),(13,2433),(13,2434),(13,2435),(13,2436),(13,2437),(13,2438),(13,2439),(13,2440),(13,2441),(13,2442),(13,2443),(13,2444),(13,2445),(13,2446),(13,2447),(13,2449),(13,2450),(13,2451),(13,2452),(13,2453),(13,2454),(13,2455),(13,2456),(13,2457),(13,2458),(13,2459),(13,2460),(13,2462),(13,2463),(13,2465),(13,2466),(13,2467),(13,2468),(13,2469),(13,2470),(13,2471),(13,2472),(13,2473),(13,2474),(13,2475),(13,2476),(13,2477),(13,2478),(13,2479),(13,2480),(13,2481),(13,2482),(13,2483),(13,2484),(13,2485),(13,2486),(13,2487),(13,2488),(13,2489),(13,2490),(13,2491),(13,2492),(13,2493),(13,2494),(13,2495),(13,2496),(13,2497),(13,2498),(13,2499),(13,2500),(13,2501),(13,2502),(13,2503),(13,2504),(13,2505),(13,2506),(13,2507),(13,2508),(13,2509),(13,2510),(13,2511),(13,2512),(13,2513),(13,2514),(13,2515),(13,2516),(13,2517),(13,2518),(13,2519),(13,2520),(13,2521),(13,2522),(13,2523),(13,2524),(13,2526),(13,2527),(13,2528),(13,2529),(13,2530),(13,2531),(13,2532),(13,2533),(13,2534),(13,2535),(13,2536),(13,2537),(13,2538),(13,2539),(13,2540),(13,2541),(13,2542),(13,2543),(13,2544),(13,2545),(13,2546),(13,2547),(13,2548),(13,2549),(13,2550),(13,2551),(13,2552),(13,2553),(13,2554),(13,2555),(13,2556),(13,2557),(13,2558),(13,2559),(13,2560),(13,2561),(13,2562),(13,2563),(13,2564),(13,2565),(13,2566),(13,2567),(13,2568),(13,2569),(13,2570),(13,2571),(13,2572),(13,2573),(13,2574),(13,2575),(13,2576),(13,2577),(13,2578),(13,2579),(13,2580),(13,2581),(13,2582),(13,2583),(13,2584),(13,2585),(13,2586),(13,2588),(13,2589),(13,2590),(13,2591),(13,2592),(13,2593),(13,2594),(13,2595),(13,2596),(13,2597),(13,2598),(13,2599),(13,2600),(13,2601),(13,2602),(13,2603),(13,2604),(13,2605),(13,2606),(13,2607),(13,2608),(13,2609),(13,2610),(13,2611),(13,2612),(13,2613),(13,2614),(13,2615),(13,2616),(13,2617),(13,2618),(13,2619),(13,2620),(13,2621),(13,2622),(13,2623),(13,2624),(13,2625),(13,2626),(13,2627),(13,2628),(13,2629),(13,2630),(13,2631),(13,2632),(13,2633),(13,2634),(13,2635),(13,2636),(13,2637),(13,2638),(13,2639),(13,2640),(13,2641),(13,2642),(13,2643),(13,2644),(13,2645),(13,2646),(13,2647),(13,2648),(13,2649),(13,2650),(13,2651),(13,2652),(13,2653),(13,2654),(13,2655),(13,2656),(13,2657),(13,2658),(13,2659),(13,2660),(13,2661),(13,2662),(13,2663),(13,2664),(13,2665),(13,2666),(13,2667),(13,2668),(13,2669),(13,2670),(13,2671),(13,2672),(13,2673),(13,2674),(13,2675),(13,2676),(13,2679),(13,2680),(13,2681),(13,2682),(13,2683),(13,2684),(13,2685),(13,2686),(13,2687),(13,2688),(13,2689),(13,2690),(13,2691),(13,2692),(13,2693),(13,2694),(13,2695),(13,2696),(13,2697),(13,2698),(13,2699),(13,2700),(13,2701),(13,2702),(13,2703),(13,2704),(13,2705),(13,2706),(13,2707),(13,2708),(13,2709),(13,2710),(13,2711),(13,2712),(13,2713),(13,2714),(13,2715),(13,2716),(13,2717),(13,2718),(13,2719),(13,2720),(13,2721),(13,2722),(13,2723),(13,2724),(13,2725),(13,2726),(13,2727),(13,2728),(13,2729),(13,2730),(13,2731),(13,2732),(13,2733),(13,2734),(13,2735),(13,2736),(13,2738),(13,2739),(13,2740),(13,2741),(13,2742),(13,2743),(13,2744),(13,2745),(13,2746),(13,2747),(13,2748),(13,2749),(13,2750),(13,2751),(13,2752),(13,2753),(13,2754),(13,2755),(13,2756),(13,2757),(13,2758),(13,2759),(13,2760),(13,2761),(13,2762),(13,2763),(13,2764),(13,2765),(13,2766),(13,2767),(13,2768),(13,2769),(13,2770),(13,2771),(13,2772),(13,2773),(13,2774),(13,2775),(13,2776),(13,2777),(13,2778),(13,2779),(13,2780),(13,2781),(13,2782),(13,2783),(13,2784),(13,2785),(13,2786),(13,2787),(13,2788),(13,2789),(13,2790),(13,2791),(13,2792),(13,2793),(13,2794),(13,2795),(13,2796),(13,2797),(13,2799),(13,2800),(13,2801),(13,2802),(13,2803),(13,2804),(13,2805),(13,2806),(13,2807),(13,2808),(13,2809),(13,2810),(13,2811),(13,2813),(13,2814),(13,2815),(13,2816),(13,2817),(13,2818),(13,2819),(13,2820),(13,2821),(13,2822),(13,2823),(13,2824),(13,2825),(13,2826),(13,2827),(13,2828),(13,2829),(13,2830),(13,2831),(13,2832),(13,2833),(13,2834),(13,2835),(13,2836),(13,2837),(13,2838),(13,2839),(13,2840),(13,2841),(13,2842),(13,2843),(13,2844),(13,2845),(13,2846),(13,2847),(13,2848),(13,2849),(13,2851),(13,2852),(13,2853),(13,2854),(13,2855),(13,2856),(13,2858),(13,2859),(13,2860),(13,2861),(13,2862),(13,2863),(13,2864),(13,2865),(13,2866),(13,2867),(13,2868),(13,2869),(13,2870),(13,2871),(13,2872),(13,2873),(13,2874),(13,2875),(13,2876),(13,2877),(13,2878),(13,2879),(13,2880),(13,2881),(13,2882),(13,2883),(13,2884),(13,2885),(13,2886),(13,2887),(13,2888),(13,2889),(13,2890),(13,2891),(13,2892),(13,2893),(13,2894),(13,2895),(13,2896),(13,2897),(13,2898),(13,2899),(13,2900),(13,2901),(13,2902),(13,2903),(13,2904),(13,2905),(13,2906),(13,2907),(13,2908),(13,2909),(13,2910),(13,2911),(13,2912),(13,2913),(13,2914),(13,2915),(13,2916),(13,2917),(13,2918),(13,2919),(13,2920),(13,2921),(13,2922),(13,2924),(13,2925),(13,2926),(13,2927),(13,2928),(13,2929),(13,2930),(13,2931),(13,2932),(13,2933),(13,2934),(13,2935),(13,2936),(13,2937),(13,2938),(13,2939),(13,2940),(13,2941),(13,2942),(13,2943),(13,2945),(13,2946),(13,2947),(13,2948),(13,2949),(13,2950),(13,2951),(13,2952),(13,2953),(13,2954),(13,2955),(13,2956),(13,2957),(13,2958),(13,2959),(13,2961),(13,2962),(13,2963),(13,2964),(13,2965),(13,2966),(13,2967),(13,2968),(13,2969),(13,2970),(13,2971),(13,2972),(13,2973),(13,2974),(13,2975),(13,2976),(13,2977),(13,2978),(13,2979),(13,2980),(13,2981),(13,2982),(13,2983),(13,2984),(13,2985),(13,2986),(13,2987),(13,2988),(13,2989),(13,2990),(13,2992),(13,2993),(13,2994),(13,2995),(13,2996),(13,2997),(13,2998),(13,2999),(13,3001),(13,3002),(13,3003),(13,3004),(13,3005),(13,3006),(13,3007),(13,3008),(13,3009),(13,3010),(13,3011),(13,3012),(13,3013),(13,3014),(13,3015),(13,3016),(13,3017),(13,3018),(13,3019),(13,3020),(13,3021),(13,3022),(13,3023),(13,3024),(13,3025),(13,3026),(13,3027),(13,3028),(13,3029),(13,3030),(13,3031),(13,3032),(13,3033),(13,3034),(13,3035),(13,3036),(13,3037),(13,3038),(13,3039),(13,3040),(13,3041),(13,3042),(13,3043),(13,3044),(13,3045),(13,3046),(13,3047),(13,3048),(13,3049),(13,3050),(13,3051),(13,3052),(13,3053),(13,3054),(13,3055),(13,3056),(13,3057),(13,3058),(13,3059),(13,3060),(13,3061),(13,3062),(13,3063),(13,3064),(13,3065),(13,3066),(13,3067),(13,3068),(13,3069),(13,3070),(13,3071),(13,3072),(13,3073),(13,3074),(13,3075),(13,3076),(13,3077),(13,3078),(13,3079),(13,3080),(13,3081),(13,3082),(13,3083),(13,3084),(13,3085),(13,3086),(13,3087),(13,3088),(13,3089),(13,3090),(13,3091),(13,3092),(13,3093),(13,3094),(13,3095),(13,3096),(13,3097),(13,3098),(13,3099),(13,3100),(13,3101),(13,3102),(13,3103),(13,3104),(13,3105),(13,3106),(13,3107),(13,3108),(13,3111),(13,3112),(13,3113),(13,3115),(13,3117),(13,3120),(13,3126),(13,3127),(13,3128),(13,3129),(13,3130),(13,3131),(13,3132),(13,3133),(13,3134),(13,3136),(13,3139),(13,3140),(13,3141),(13,3142),(13,3143),(13,3144),(13,3145),(13,3146),(13,3147),(13,3148),(13,3149),(13,3150),(13,3153),(13,3156),(13,3158),(13,3159),(13,3160),(13,3162),(13,3163),(13,3164),(13,3170),(13,3172),(13,3173),(13,3174),(13,3175),(13,3176),(13,3178),(13,3179),(13,3183),(13,3185),(13,3186),(13,3187),(13,3189),(13,3191),(13,3192),(13,3198),(13,3199),(13,3200),(13,3201),(13,3202),(13,3203),(13,3204),(14,6),(14,23),(14,35),(14,36),(14,37),(14,38),(14,41),(14,66),(14,80),(14,91),(14,98),(14,112),(14,118),(14,121),(14,127),(14,135),(14,143),(14,186),(14,191),(14,192),(14,193),(14,196),(14,201),(14,207),(14,208),(14,218),(14,253),(14,259),(14,260),(14,263),(14,266),(14,328),(14,332),(14,336),(14,358),(14,359),(14,360),(14,361),(14,431),(14,460),(14,461),(14,468),(14,498),(14,509),(14,513),(14,524),(14,527),(14,529),(14,532),(14,533),(14,535),(14,567),(14,591),(14,627),(14,637),(14,641),(14,670),(14,671),(14,691),(14,781),(14,837),(14,846),(14,850),(14,882),(14,896),(14,897),(14,974),(14,977),(14,979),(14,980),(14,981),(14,983),(14,1045),(14,1087),(14,1088),(14,1098),(14,1105),(14,1210),(14,1227),(14,1229),(14,1230),(14,1299),(14,1364),(14,1415),(14,1642),(14,1697),(14,1700),(14,1712),(14,1886),(14,1919),(14,1935),(14,1948),(14,1953),(14,1955),(14,1956),(14,1958),(14,1971),(14,1977),(14,1978),(14,1979),(14,1982),(14,1983),(14,1990),(14,2009),(14,2027),(14,2050),(14,2060),(14,2065),(14,2069),(14,2070),(14,2072),(14,2073),(14,2074),(14,2084),(14,2086),(14,2089),(14,2090),(14,2095),(14,2112),(14,2158),(14,3208),(14,3212),(14,3217),(14,3229),(14,3230),(14,3234),(14,3236),(14,3240),(14,3247),(14,3252),(14,3253),(14,3255),(14,3262),(14,3263),(14,3280),(14,3283),(14,3285),(14,3286),(14,3287),(14,3288),(14,3289),(14,3295),(14,3298),(14,3299),(14,3300),(14,3303),(14,3307),(14,3312),(14,3313),(14,3314),(14,3316),(14,3318),(14,3319),(14,3321),(14,3322),(14,3323),(14,3325),(14,3326),(14,3327),(14,3328),(14,3329),(14,3333),(14,3335),(14,3336),(14,3337),(14,3338),(14,3342),(14,3343),(14,3345),(14,3346),(14,3347),(14,3348),(14,3353),(14,3354),(14,3355),(14,3357),(14,3358),(14,3359),(14,3360),(14,3361),(14,3369),(14,3371),(14,3372),(14,3376),(14,3377),(14,3378),(14,3379),(14,3381),(14,3383),(14,3385),(14,3386),(14,3387),(14,3388),(14,3395),(14,3396),(14,3398),(14,3399),(14,3400),(14,3402),(14,3404),(14,3405),(14,3406),(14,3407),(14,3409),(15,1),(15,2),(15,3),(15,4),(15,6),(15,8),(15,11),(15,14),(15,15),(15,19),(15,22),(15,23),(15,25),(15,27),(15,28),(15,29),(15,30),(15,33),(15,35),(15,36),(15,38),(15,39),(15,40),(15,41),(15,42),(15,43),(15,46),(15,48),(15,50),(15,51),(15,53),(15,55),(15,56),(15,57),(15,59),(15,60),(15,62),(15,63),(15,66),(15,79),(15,80),(15,81),(15,87),(15,88),(15,89),(15,90),(15,91),(15,94),(15,95),(15,96),(15,97),(15,98),(15,99),(15,104),(15,107),(15,109),(15,112),(15,113),(15,120),(15,122),(15,123),(15,129),(15,130),(15,131),(15,132),(15,133),(15,134),(15,135),(15,178),(15,267),(15,422),(15,426),(15,603),(15,637),(15,648),(15,700),(15,730),(15,742),(15,848),(15,874),(15,896),(15,897),(15,1210),(15,1711),(15,1730),(15,1854),(15,1890),(15,3136),(15,3198),(15,3417),(15,3419),(15,3422),(15,3424),(15,3426),(15,3427),(15,3428),(15,3429),(15,3430),(15,3434),(15,3436),(15,3441),(15,3442),(15,3444),(15,3447),(15,3448),(15,3456),(15,3458),(15,3459),(15,3462),(15,3466),(15,3467),(15,3468),(15,3469),(15,3470),(15,3471),(15,3472),(15,3473),(15,3475),(15,3476),(15,3485),(15,3491),(15,3495),(15,3498),(15,3499),(15,3501),(15,3502),(15,3506),(15,3507),(15,3509),(15,3511),(15,3512),(15,3513),(15,3515),(15,3529),(15,3531),(15,3532),(15,3534),(15,3535),(15,3541),(15,3543),(15,3544),(15,3545),(15,3546),(16,6),(16,23),(16,35),(16,36),(16,37),(16,38),(16,41),(16,90),(16,95),(16,98),(16,104),(16,118),(16,121),(16,135),(16,141),(16,143),(16,178),(16,191),(16,192),(16,201),(16,215),(16,263),(16,332),(16,336),(16,361),(16,367),(16,393),(16,426),(16,440),(16,448),(16,511),(16,518),(16,530),(16,630),(16,655),(16,661),(16,667),(16,681),(16,700),(16,730),(16,811),(16,851),(16,874),(16,880),(16,957),(16,979),(16,980),(16,981),(16,982),(16,983),(16,987),(16,1077),(16,1087),(16,1105),(16,1140),(16,1210),(16,1433),(16,1465),(16,1677),(16,2086),(16,2093),(16,2261),(16,2536),(16,2547),(16,2852),(16,2977),(16,3130),(16,3134),(16,3203),(16,3359),(16,3556),(16,3557),(16,3560),(16,3563),(16,3566),(16,3567),(16,3569),(16,3570),(16,3573),(16,3574),(16,3575),(16,3576),(16,3577),(16,3581),(16,3582),(16,3585),(16,3591),(16,3592),(16,3594),(16,3596),(16,3599),(16,3610),(16,3613),(16,3615),(16,3616),(16,3617),(16,3618),(16,3619),(16,3620),(16,3621),(16,3622),(16,3623),(16,3625),(16,3626),(16,3627),(16,3628),(16,3629),(16,3630),(16,3631),(16,3632),(16,3633),(16,3634),(16,3635),(16,3636),(16,3637),(16,3642),(16,3643),(16,3644),(16,3645),(16,3647),(16,3649),(16,3651),(16,3652),(16,3654),(16,3655),(16,3656),(16,3658),(16,3660),(16,3661),(16,3662),(16,3663),(16,3664),(16,3665),(16,3666),(16,3667),(16,3670),(16,3671),(16,3672),(16,3674),(16,3678),(16,3679),(16,3682),(16,3683),(16,3684),(16,3685),(16,3687),(16,3688),(16,3689),(16,3690),(16,3692),(16,3693),(16,3694),(16,3700),(16,3702),(16,3707),(16,3708),(16,3709),(16,3710),(16,3713),(16,3714),(16,3715),(16,3716),(16,3717),(16,3718),(16,3719),(16,3720),(16,3721),(16,3722),(16,3723),(16,3725),(17,6),(17,22),(17,35),(17,36),(17,37),(17,66),(17,80),(17,98),(17,104),(17,116),(17,118),(17,121),(17,135),(17,143),(17,178),(17,186),(17,188),(17,191),(17,192),(17,201),(17,203),(17,204),(17,207),(17,208),(17,215),(17,221),(17,270),(17,286),(17,334),(17,335),(17,336),(17,445),(17,452),(17,462),(17,468),(17,539),(17,609),(17,627),(17,683),(17,698),(17,707),(17,717),(17,810),(17,837),(17,882),(17,896),(17,897),(17,905),(17,1046),(17,1122),(17,1204),(17,1262),(17,1331),(17,1412),(17,1428),(17,1437),(17,1559),(17,1656),(17,1695),(17,1696),(17,1734),(17,1737),(17,1855),(17,1905),(17,1947),(17,1976),(17,2008),(17,2034),(17,2042),(17,2075),(17,2120),(17,2123),(17,3149),(17,3158),(17,3192),(17,3202),(17,3280),(17,3357),(17,3404),(17,3509),(17,3577),(17,3629),(17,3694),(17,3727),(17,3731),(17,3733),(17,3736),(17,3739),(17,3741),(17,3742),(17,3743),(17,3744),(17,3746),(17,3747),(17,3748),(17,3749),(17,3750),(17,3752),(17,3754),(17,3755),(17,3756),(17,3757),(17,3758),(17,3759),(17,3764),(17,3766),(17,3767),(17,3768),(17,3769),(17,3770),(17,3771),(17,3772),(17,3773),(17,3775),(17,3778),(17,3780),(17,3784),(17,3785),(17,3787),(17,3788),(17,3789),(17,3790),(17,3791),(17,3792),(17,3796),(17,3797),(17,3798),(17,3800),(17,3801),(17,3804),(17,3805),(17,3806),(17,3813),(17,3817),(17,3818),(17,3820),(17,3821),(17,3822),(17,3829),(17,3831),(17,3833),(17,3835),(17,3836),(17,3837),(17,3838),(17,3840),(17,3841),(17,3842),(17,3843),(17,3846),(17,3848),(17,3849),(17,3850),(17,3853),(17,3854),(17,3855),(17,3856),(17,3857),(17,3859),(17,3861),(17,3864),(17,3866),(17,3867),(17,3868),(17,3869),(17,3874),(17,3877),(17,3882),(17,3883),(17,3887),(17,3888),(17,3889),(17,3890),(17,3892),(17,3894),(17,3895),(17,3897),(17,3901),(18,6),(18,8),(18,22),(18,35),(18,36),(18,37),(18,55),(18,66),(18,80),(18,95),(18,98),(18,109),(18,112),(18,118),(18,135),(18,159),(18,178),(18,188),(18,192),(18,193),(18,201),(18,203),(18,204),(18,207),(18,221),(18,252),(18,263),(18,267),(18,269),(18,270),(18,276),(18,278),(18,304),(18,322),(18,336),(18,414),(18,445),(18,474),(18,480),(18,498),(18,536),(18,565),(18,599),(18,627),(18,683),(18,699),(18,716),(18,822),(18,882),(18,937),(18,990),(18,1192),(18,1193),(18,1299),(18,1316),(18,1419),(18,1550),(18,1658),(18,1919),(18,1976),(18,2065),(18,3357),(18,3383),(18,3744),(18,3747),(18,3750),(18,3758),(18,3766),(18,3768),(18,3769),(18,3770),(18,3771),(18,3772),(18,3773),(18,3778),(18,3790),(18,3798),(18,3805),(18,3806),(18,3813),(18,3842),(18,3908),(18,3909),(18,3911),(18,3915),(18,3920),(18,3921),(18,3922),(18,3924),(18,3925),(18,3926),(18,3928),(18,3931),(18,3932),(18,3934),(18,3935),(18,3936),(18,3937),(18,3939),(18,3940),(18,3941),(18,3943),(18,3950),(18,3958),(18,3959),(18,3960),(18,3961),(18,3962),(18,3963),(18,3964),(18,3965),(18,3967),(18,3969),(18,3971),(18,3972),(18,3973),(18,3974),(18,3978),(18,3979),(18,3980),(18,3982),(18,3984),(18,3985),(18,3988),(18,3989),(18,3990),(18,3995),(18,3996),(18,3997),(18,4000),(18,4002),(18,4004),(18,4005),(18,4006),(18,4008),(18,4010),(18,4016),(18,4018),(18,4019),(18,4021),(18,4025),(18,4026),(18,4027),(18,4028),(18,4030),(18,4031),(18,4033),(18,4034),(18,4035),(18,4036),(18,4037),(18,4038),(18,4039),(18,4040),(18,4042),(18,4044),(18,4045),(18,4052),(18,4054),(18,4056),(18,4057),(18,4058),(18,4061),(18,4065),(18,4067),(18,4068),(18,4069),(18,4071),(19,6),(19,8),(19,35),(19,36),(19,37),(19,41),(19,62),(19,112),(19,129),(19,135),(19,191),(19,192),(19,196),(19,269),(19,336),(19,342),(19,440),(19,474),(19,500),(19,511),(19,513),(19,530),(19,548),(19,627),(19,667),(19,863),(19,888),(19,896),(19,897),(19,905),(19,915),(19,979),(19,980),(19,981),(19,982),(19,983),(19,1192),(19,1203),(19,1241),(19,1298),(19,1360),(19,1379),(19,1383),(19,1403),(19,1404),(19,1410),(19,1411),(19,1412),(19,1433),(19,1919),(19,2086),(19,3577),(19,3591),(19,3622),(19,3744),(19,3821),(19,4075),(19,4077),(19,4080),(19,4081),(19,4084),(19,4085),(19,4086),(19,4088),(19,4089),(19,4090),(19,4091),(19,4092),(19,4093),(19,4101),(19,4103),(19,4112),(19,4113),(19,4114),(19,4115),(19,4116),(19,4117),(19,4119),(19,4120),(19,4122),(19,4123),(19,4124),(19,4125),(19,4126),(19,4128),(19,4129),(19,4130),(19,4131),(19,4132),(19,4134),(19,4135),(19,4136),(19,4137),(19,4138),(19,4140),(19,4141),(19,4142),(19,4143),(19,4144),(19,4146),(19,4147),(19,4148),(19,4150),(19,4151),(19,4152),(19,4154),(19,4155),(19,4159),(19,4164),(19,4165),(19,4166),(19,4167),(19,4168),(19,4171),(19,4172),(19,4174),(19,4175),(19,4176),(19,4178),(19,4179),(19,4180),(19,4181),(19,4183),(19,4184),(19,4186),(19,4187),(19,4188),(19,4189),(19,4190),(19,4191),(19,4192),(19,4193),(19,4194),(19,4195),(19,4196),(19,4199),(19,4200),(19,4202),(19,4203),(19,4204),(19,4206),(19,4209),(19,4213),(20,6),(20,8),(20,19),(20,22),(20,35),(20,36),(20,41),(20,55),(20,57),(20,79),(20,80),(20,95),(20,98),(20,118),(20,135),(20,151),(20,178),(20,179),(20,203),(20,204),(20,215),(20,218),(20,221),(20,255),(20,260),(20,270),(20,288),(20,304),(20,308),(20,322),(20,445),(20,467),(20,468),(20,470),(20,513),(20,524),(20,530),(20,542),(20,630),(20,716),(20,719),(20,785),(20,882),(20,896),(20,897),(20,900),(20,1064),(20,1183),(20,1186),(20,1192),(20,1221),(20,1363),(20,1383),(20,1405),(20,1413),(20,1419),(20,1697),(20,1711),(20,1903),(20,1905),(20,1947),(20,2013),(20,2014),(20,2026),(20,2042),(20,2074),(20,2079),(20,2089),(20,2090),(20,2688),(20,3159),(20,3670),(20,3736),(20,3742),(20,3744),(20,3750),(20,3756),(20,3758),(20,3764),(20,3766),(20,3767),(20,3769),(20,3770),(20,3771),(20,3804),(20,3805),(20,3806),(20,3813),(20,3940),(20,4025),(20,4090),(20,4151),(20,4220),(20,4222),(20,4225),(20,4226),(20,4227),(20,4234),(20,4235),(20,4237),(20,4238),(20,4239),(20,4240),(20,4242),(20,4243),(20,4245),(20,4246),(20,4247),(20,4253),(20,4267),(20,4270),(20,4272),(20,4275),(20,4276),(20,4278),(20,4280),(20,4281),(20,4285),(20,4293),(20,4294),(20,4296),(20,4297),(20,4301),(20,4302),(20,4303),(20,4304),(20,4306),(20,4307),(20,4308),(20,4313),(20,4315),(20,4316),(20,4317),(20,4320),(20,4321),(20,4324),(20,4325),(20,4327),(20,4330),(20,4331),(20,4334),(20,4335),(20,4336),(20,4340),(20,4341),(20,4342),(20,4343),(20,4345),(20,4346),(20,4349),(20,4350),(20,4352),(20,4356),(20,4357),(20,4360),(20,4361),(20,4364),(20,4365),(20,4368),(20,4369),(20,4370),(20,4371),(20,4373),(20,4375),(20,4376),(20,4377),(20,4378),(20,4379),(20,4382),(21,6),(21,8),(21,10),(21,19),(21,21),(21,22),(21,35),(21,36),(21,37),(21,66),(21,80),(21,94),(21,98),(21,109),(21,129),(21,131),(21,135),(21,159),(21,178),(21,203),(21,204),(21,215),(21,221),(21,250),(21,263),(21,270),(21,278),(21,330),(21,334),(21,335),(21,445),(21,468),(21,474),(21,652),(21,683),(21,700),(21,882),(21,896),(21,897),(21,988),(21,1073),(21,1193),(21,1420),(21,1645),(21,1836),(21,1976),(21,2026),(21,2042),(21,2688),(21,3399),(21,3742),(21,3744),(21,3750),(21,3758),(21,3766),(21,3769),(21,3770),(21,3771),(21,3772),(21,3773),(21,3798),(21,3805),(21,3806),(21,3813),(21,3915),(21,3921),(21,3926),(21,3928),(21,3950),(21,3997),(21,4000),(21,4026),(21,4037),(21,4042),(21,4044),(21,4126),(21,4247),(21,4324),(21,4341),(21,4388),(21,4390),(21,4398),(21,4399),(21,4406),(21,4407),(21,4409),(21,4430),(21,4431),(21,4437),(21,4438),(21,4440),(21,4441),(21,4449),(21,4450),(21,4463),(21,4465),(21,4470),(21,4472),(21,4473),(21,4475),(21,4477),(21,4478),(21,4480),(21,4481),(21,4484),(21,4486),(21,4490),(22,6),(22,8),(22,9),(22,35),(22,36),(22,37),(22,41),(22,135),(22,136),(22,191),(22,192),(22,196),(22,221),(22,308),(22,336),(22,485),(22,530),(22,558),(22,803),(22,896),(22,897),(22,979),(22,980),(22,981),(22,983),(22,1073),(22,1411),(22,2081),(22,3577),(22,3647),(22,3744),(22,3864),(22,4101),(22,4103),(22,4129),(22,4130),(22,4132),(22,4495),(22,4497),(22,4500),(22,4502),(22,4503),(22,4504),(22,4505),(22,4507),(22,4509),(22,4511),(22,4512),(22,4513),(22,4514),(22,4515),(22,4532),(22,4533),(22,4535),(22,4536),(22,4538),(22,4539),(22,4540),(22,4541),(22,4542),(22,4544),(22,4546),(22,4547),(22,4548),(22,4549),(22,4551),(22,4552),(22,4553),(22,4554),(22,4555),(22,4556),(22,4557),(22,4560),(22,4561),(22,4562),(22,4563),(22,4565),(22,4566),(22,4569),(22,4571),(23,6),(23,8),(23,15),(23,35),(23,36),(23,37),(23,41),(23,107),(23,118),(23,121),(23,129),(23,135),(23,191),(23,192),(23,196),(23,263),(23,275),(23,303),(23,462),(23,539),(23,630),(23,655),(23,706),(23,730),(23,811),(23,886),(23,896),(23,897),(23,913),(23,977),(23,979),(23,980),(23,981),(23,982),(23,983),(23,1316),(23,1411),(23,1425),(23,1711),(23,1734),(23,1836),(23,3577),(23,3647),(23,3744),(23,3790),(23,3883),(23,4101),(23,4103),(23,4112),(23,4132),(23,4507),(23,4509),(23,4551),(23,4575),(23,4576),(23,4578),(23,4581),(23,4582),(23,4583),(23,4584),(23,4585),(23,4586),(23,4587),(23,4603),(23,4609),(23,4613),(23,4617),(23,4618),(23,4619),(23,4620),(23,4621),(23,4622),(23,4623),(23,4624),(23,4625),(23,4626),(23,4627),(23,4629),(23,4630),(23,4633),(23,4634),(23,4636),(23,4639),(23,4640),(23,4641),(23,4643),(23,4644),(23,4645),(23,4648),(23,4650),(23,4651),(23,4656),(23,4658),(23,4661),(23,4665),(23,4666),(23,4668),(23,4669),(24,6),(24,8),(24,12),(24,35),(24,36),(24,37),(24,41),(24,126),(24,135),(24,136),(24,191),(24,192),(24,196),(24,280),(24,336),(24,339),(24,340),(24,341),(24,342),(24,343),(24,344),(24,345),(24,346),(24,871),(24,896),(24,897),(24,905),(24,913),(24,979),(24,980),(24,981),(24,983),(24,1183),(24,1253),(24,1411),(24,1428),(24,1676),(24,1734),(24,1742),(24,2043),(24,3172),(24,3577),(24,3689),(24,3744),(24,3831),(24,3866),(24,3995),(24,4021),(24,4080),(24,4088),(24,4089),(24,4090),(24,4091),(24,4101),(24,4103),(24,4130),(24,4132),(24,4141),(24,4146),(24,4507),(24,4509),(24,4674),(24,4675),(24,4677),(24,4681),(24,4682),(24,4683),(24,4687),(24,4688),(24,4690),(24,4693),(24,4709),(24,4714),(24,4715),(24,4716),(24,4717),(24,4718),(24,4719),(24,4722),(24,4724),(24,4726),(24,4728),(24,4729),(24,4731),(24,4733),(24,4734),(24,4735),(24,4736),(24,4739),(24,4741),(24,4746),(24,4747),(24,4748),(24,4749),(24,4751),(24,4753),(24,4754),(24,4756),(24,4757),(24,4758),(24,4759),(24,4761),(24,4762),(24,4763),(24,4765),(24,4766),(24,4767),(24,4768),(24,4769),(24,4770),(24,4771),(24,4772),(24,4773),(24,4774),(24,4775),(24,4777),(25,6),(25,12),(25,66),(25,112),(25,119),(25,135),(25,275),(25,440),(25,448),(25,510),(25,530),(25,896),(25,897),(25,1347),(25,1359),(25,1361),(25,1379),(25,1745),(25,1890),(25,2075),(25,2081),(25,2112),(25,2443),(25,2894),(25,3744),(25,3883),(25,3890),(25,4010),(25,4126),(25,4130),(25,4132),(25,4136),(25,4150),(25,4507),(25,4532),(25,4535),(25,4587),(25,4630),(25,4734),(25,4735),(25,4789),(25,4790),(25,4791),(25,4792),(25,4794),(25,4795),(25,4797),(25,4798),(25,4799),(25,4802),(25,4804),(25,4805),(25,4807),(25,4808),(25,4809),(25,4810),(25,4813),(25,4814),(25,4815),(25,4816),(25,4818),(25,4819),(25,4821),(25,4825),(25,4827),(25,4829),(25,4831),(25,4832),(25,4834),(25,4835),(25,4836),(25,4837),(25,4839),(25,4840),(25,4842),(25,4843),(25,4848),(25,4850),(25,4851),(25,4852),(25,4854),(25,4855),(25,4859),(25,4860),(25,4862),(25,4863),(25,4867),(25,4868),(25,4870),(25,4872),(25,4874),(26,6),(26,12),(26,66),(26,97),(26,119),(26,135),(26,275),(26,440),(26,448),(26,462),(26,474),(26,510),(26,513),(26,530),(26,537),(26,623),(26,896),(26,897),(26,1359),(26,1745),(26,1903),(26,2081),(26,2112),(26,2443),(26,3357),(26,3535),(26,3647),(26,3744),(26,3883),(26,4010),(26,4042),(26,4103),(26,4126),(26,4130),(26,4142),(26,4150),(26,4505),(26,4507),(26,4532),(26,4566),(26,4587),(26,4690),(26,4734),(26,4735),(26,4773),(26,4789),(26,4790),(26,4791),(26,4792),(26,4794),(26,4798),(26,4799),(26,4802),(26,4804),(26,4805),(26,4807),(26,4808),(26,4809),(26,4810),(26,4813),(26,4814),(26,4815),(26,4816),(26,4818),(26,4819),(26,4821),(26,4827),(26,4829),(26,4831),(26,4834),(26,4840),(26,4852),(26,4868),(26,4886),(26,4888),(26,4923),(26,4924),(26,4928),(26,4929),(26,4930),(26,4931),(26,4933),(26,4939),(26,4941),(26,4942),(26,4943),(26,4944),(26,4947),(26,4948),(26,4949),(26,4950),(26,4951),(26,4952),(26,4953),(26,4956),(26,4957),(26,4960),(26,4961),(26,4962),(26,4965),(26,4970),(26,4971),(26,4972),(26,4973),(26,4977),(26,4978),(26,4979),(26,4980),(26,4982),(26,4983),(26,4985),(26,4987),(26,4988),(26,4989),(26,4990),(26,4992),(26,4993),(26,4994),(27,6),(27,8),(27,12),(27,35),(27,36),(27,37),(27,41),(27,95),(27,135),(27,191),(27,192),(27,196),(27,269),(27,275),(27,280),(27,558),(27,896),(27,897),(27,979),(27,980),(27,983),(27,1045),(27,1183),(27,1411),(27,1428),(27,1676),(27,2081),(27,3509),(27,3741),(27,3744),(27,3820),(27,3883),(27,3889),(27,3922),(27,3995),(27,4021),(27,4088),(27,4090),(27,4091),(27,4101),(27,4103),(27,4130),(27,4150),(27,4168),(27,4507),(27,4532),(27,4587),(27,4613),(27,4661),(27,4688),(27,4693),(27,4709),(27,4714),(27,4722),(27,4731),(27,4734),(27,4735),(27,4736),(27,4741),(27,4772),(27,4792),(27,4798),(27,4819),(27,4821),(27,4928),(27,4941),(27,4960),(27,4998),(27,5000),(27,5002),(27,5004),(27,5008),(27,5010),(27,5017),(27,5033),(27,5034),(27,5038),(27,5040),(27,5042),(27,5043),(27,5051),(27,5056),(27,5057),(27,5058),(27,5060),(27,5061),(27,5062),(27,5066),(27,5069),(27,5072),(27,5073),(27,5077),(27,5078),(27,5080),(27,5081),(27,5082),(27,5087),(27,5088),(27,5089),(27,5093),(27,5094),(27,5095),(27,5096),(28,6),(28,12),(28,35),(28,36),(28,41),(28,66),(28,74),(28,119),(28,135),(28,191),(28,192),(28,308),(28,336),(28,440),(28,448),(28,450),(28,500),(28,510),(28,706),(28,793),(28,896),(28,897),(28,979),(28,980),(28,1083),(28,1233),(28,1347),(28,1359),(28,1411),(28,1420),(28,1484),(28,1649),(28,2081),(28,3323),(28,3509),(28,3647),(28,3744),(28,3866),(28,3883),(28,3908),(28,4021),(28,4103),(28,4126),(28,4130),(28,4132),(28,4150),(28,4507),(28,4734),(28,4735),(28,4772),(28,4794),(28,4798),(28,4799),(28,4804),(28,4810),(28,4819),(28,4821),(28,4829),(28,4831),(28,4855),(28,4872),(28,4923),(28,4928),(28,4929),(28,4939),(28,4960),(28,5077),(28,5101),(28,5106),(28,5114),(28,5115),(28,5119),(28,5127),(28,5137),(28,5139),(28,5141),(28,5143),(28,5144),(28,5145),(28,5146),(28,5151),(28,5155),(28,5157),(28,5164),(28,5166),(28,5167),(28,5168),(28,5170),(28,5171),(28,5175),(28,5176),(28,5177),(28,5184),(28,5186),(28,5189),(28,5190),(28,5192),(28,5193),(28,5196),(29,6),(29,8),(29,10),(29,35),(29,36),(29,41),(29,104),(29,135),(29,191),(29,192),(29,196),(29,221),(29,332),(29,355),(29,426),(29,462),(29,475),(29,514),(29,555),(29,558),(29,653),(29,655),(29,710),(29,730),(29,775),(29,896),(29,897),(29,979),(29,980),(29,981),(29,982),(29,983),(29,1028),(29,1045),(29,1056),(29,1098),(29,1233),(29,1347),(29,1411),(29,1476),(29,1645),(29,1696),(29,1773),(29,1923),(29,2014),(29,2034),(29,2081),(29,2086),(29,2847),(29,2894),(29,3139),(29,3557),(29,3683),(29,3707),(29,3715),(29,3744),(29,3820),(29,3908),(29,3920),(29,4021),(29,4034),(29,4057),(29,4067),(29,4088),(29,4090),(29,4101),(29,4103),(29,4112),(29,4126),(29,4130),(29,4132),(29,4141),(29,4168),(29,4225),(29,4275),(29,4340),(29,4465),(29,4507),(29,4546),(29,4693),(29,4726),(29,4734),(29,4735),(29,4741),(29,4798),(29,4819),(29,4821),(29,4829),(29,4831),(29,4852),(29,4960),(29,5040),(29,5051),(29,5066),(29,5077),(29,5087),(29,5114),(29,5115),(29,5192),(29,5202),(29,5204),(29,5209),(29,5216),(29,5221),(29,5223),(29,5239),(29,5241),(29,5242),(29,5243),(29,5244),(29,5246),(29,5248),(29,5250),(29,5251),(29,5258),(29,5259),(29,5262),(29,5269),(29,5273),(29,5274),(29,5275),(29,5276),(29,5278),(29,5279),(29,5280),(29,5281),(29,5282),(29,5283),(29,5285),(29,5286),(29,5287),(29,5289),(29,5290),(29,5291),(29,5292),(29,5295),(29,5298),(29,5301),(29,5302),(29,5304),(29,5305),(29,5306),(29,5308),(29,5310),(29,5311),(29,5312),(29,5313),(29,5315),(29,5316),(29,5317),(29,5319),(29,5320),(29,5321),(29,5322),(29,5323),(29,5330),(29,5331),(29,5339),(29,5340),(29,5346),(29,5347),(29,5349),(29,5350),(29,5351),(29,5352),(29,5353),(29,5355),(29,5363),(29,5364),(29,5365),(29,5367),(29,5368),(30,6),(30,22),(30,32),(30,35),(30,36),(30,38),(30,40),(30,41),(30,75),(30,109),(30,135),(30,141),(30,185),(30,186),(30,188),(30,192),(30,196),(30,276),(30,336),(30,432),(30,476),(30,491),(30,548),(30,651),(30,653),(30,677),(30,683),(30,687),(30,692),(30,710),(30,719),(30,751),(30,937),(30,990),(30,1063),(30,1102),(30,1147),(30,1227),(30,1388),(30,1391),(30,1404),(30,1484),(30,1522),(30,1547),(30,1563),(30,1573),(30,1642),(30,1695),(30,1891),(30,2086),(30,2443),(30,3255),(30,3318),(30,3321),(30,3337),(30,3358),(30,3556),(30,3664),(30,4090),(30,4125),(30,4126),(30,4141),(30,4144),(30,4336),(30,4748),(30,4953),(30,5250),(30,5365),(30,5373),(30,5376),(30,5378),(30,5379),(30,5380),(30,5381),(30,5382),(30,5384),(30,5385),(30,5386),(30,5387),(30,5388),(30,5391),(30,5392),(30,5393),(30,5394),(30,5396),(30,5399),(30,5400),(30,5401),(30,5402),(30,5403),(30,5406),(30,5407),(30,5409),(30,5412),(30,5413),(30,5414),(30,5418),(30,5421),(30,5422),(30,5423),(30,5426),(30,5428),(30,5429),(30,5430),(30,5434),(30,5435),(30,5437),(30,5440),(30,5441),(30,5442),(30,5443),(30,5446),(30,5448),(30,5450),(30,5451),(30,5452),(30,5453),(30,5455),(30,5456),(30,5457),(30,5459),(30,5460),(30,5461),(30,5462),(30,5465),(30,5467),(30,5468),(30,5470),(30,5471),(30,5472),(30,5474),(30,5475),(30,5480),(30,5481),(30,5483),(30,5484),(30,5485),(30,5487),(30,5488),(30,5490),(30,5491),(30,5493),(30,5494),(30,5495),(30,5497),(30,5499),(30,5501),(30,5504),(30,5505),(30,5507),(30,5511),(30,5512),(30,5515),(30,5517),(30,5518),(30,5522),(30,5523),(30,5525),(30,5527),(30,5530),(31,6),(31,8),(31,14),(31,35),(31,36),(31,37),(31,38),(31,41),(31,62),(31,63),(31,95),(31,98),(31,135),(31,178),(31,188),(31,196),(31,201),(31,208),(31,219),(31,221),(31,293),(31,327),(31,336),(31,339),(31,340),(31,341),(31,342),(31,347),(31,411),(31,500),(31,637),(31,707),(31,837),(31,850),(31,896),(31,897),(31,980),(31,983),(31,987),(31,990),(31,1088),(31,1420),(31,1465),(31,1513),(31,1580),(31,1642),(31,1719),(31,1923),(31,2001),(31,2007),(31,2052),(31,2065),(31,3468),(31,3509),(31,3591),(31,3658),(31,3683),(31,3702),(31,3780),(31,3833),(31,4037),(31,4061),(31,4125),(31,4132),(31,4141),(31,4168),(31,4225),(31,4301),(31,4336),(31,4683),(31,4724),(31,4852),(31,4990),(31,5051),(31,5171),(31,5223),(31,5251),(31,5285),(31,5295),(31,5402),(31,5532),(31,5533),(31,5534),(31,5537),(31,5539),(31,5541),(31,5543),(31,5544),(31,5545),(31,5546),(31,5547),(31,5549),(31,5550),(31,5551),(31,5553),(31,5554),(31,5555),(31,5556),(31,5557),(31,5558),(31,5559),(31,5560),(31,5561),(31,5565),(31,5566),(31,5570),(31,5571),(31,5572),(31,5584),(31,5586),(31,5587),(31,5588),(31,5591),(31,5595),(31,5599),(31,5600),(31,5601),(31,5603),(31,5604),(31,5605),(31,5606),(31,5608),(31,5609),(31,5611),(31,5612),(31,5614),(31,5615),(31,5621),(31,5625),(31,5628),(31,5631),(31,5632),(31,5633),(31,5634),(31,5637),(31,5640),(31,5641),(31,5642),(31,5646),(31,5647),(31,5648),(31,5650),(31,5651),(31,5655),(31,5656),(31,5660),(31,5661),(31,5663),(31,5665),(31,5666),(31,5669),(31,5673),(31,5676),(32,6),(32,8),(32,34),(32,35),(32,36),(32,37),(32,41),(32,57),(32,129),(32,135),(32,188),(32,208),(32,297),(32,300),(32,329),(32,411),(32,426),(32,599),(32,704),(32,775),(32,830),(32,874),(32,886),(32,892),(32,893),(32,894),(32,980),(32,983),(32,993),(32,1098),(32,1179),(32,1233),(32,1342),(32,1513),(32,1550),(32,1650),(32,2052),(32,2147),(32,3323),(32,3577),(32,4034),(32,4090),(32,4103),(32,4132),(32,4141),(32,4168),(32,4379),(32,4690),(32,4769),(32,4819),(32,4870),(32,5004),(32,5223),(32,5295),(32,5402),(32,5549),(32,5565),(32,5566),(32,5570),(32,5611),(32,5634),(32,5660),(32,5686),(32,5688),(32,5691),(32,5695),(32,5696),(32,5700),(32,5701),(32,5702),(32,5703),(32,5704),(32,5715),(32,5721),(32,5724),(32,5727),(32,5728),(32,5731),(32,5734),(32,5735),(32,5736),(32,5737),(32,5738),(32,5743),(32,5744),(32,5751),(32,5752),(32,5754),(32,5755),(32,5760),(32,5763),(32,5764),(32,5765),(32,5766),(32,5767),(32,5768),(32,5769),(32,5770),(32,5771),(32,5775),(32,5776),(32,5779),(32,5781),(33,6),(33,8),(33,35),(33,36),(33,37),(33,41),(33,95),(33,112),(33,125),(33,129),(33,135),(33,192),(33,297),(33,411),(33,462),(33,485),(33,730),(33,775),(33,841),(33,886),(33,892),(33,893),(33,894),(33,983),(33,1210),(33,1233),(33,1361),(33,1404),(33,1517),(33,1563),(33,3318),(33,3670),(33,4103),(33,4120),(33,4125),(33,4148),(33,4171),(33,4196),(33,4313),(33,4648),(33,4683),(33,4687),(33,4769),(33,4774),(33,4852),(33,4973),(33,5127),(33,5144),(33,5184),(33,5402),(33,5490),(33,5545),(33,5546),(33,5549),(33,5565),(33,5570),(33,5571),(33,5572),(33,5609),(33,5614),(33,5621),(33,5651),(33,5715),(33,5737),(33,5743),(33,5788),(33,5790),(33,5791),(33,5792),(33,5794),(33,5798),(33,5801),(33,5805),(33,5806),(33,5807),(33,5821),(33,5823),(33,5824),(33,5828),(33,5829),(33,5830),(33,5831),(33,5832),(33,5833),(33,5834),(33,5835),(33,5836),(33,5837),(33,5838),(33,5841),(33,5842),(33,5843),(33,5844),(33,5845),(33,5846),(33,5847),(33,5848),(33,5849),(33,5850),(33,5851),(33,5852),(33,5853),(33,5856),(33,5857),(33,5858),(33,5859),(33,5860),(33,5861),(33,5863),(33,5864),(33,5867),(33,5868),(33,5873),(33,5874),(33,5875),(33,5876),(33,5882),(33,5885),(33,5886),(33,5889),(33,5890),(33,5892),(33,5894),(33,5897),(33,5898),(33,5899),(33,5902),(33,5903),(33,5904),(33,5905),(33,5907),(33,5908),(33,5910),(34,6),(34,8),(34,35),(34,36),(34,41),(34,55),(34,59),(34,90),(34,101),(34,128),(34,135),(34,151),(34,159),(34,179),(34,193),(34,257),(34,262),(34,342),(34,426),(34,475),(34,483),(34,515),(34,535),(34,599),(34,732),(34,794),(34,831),(34,870),(34,896),(34,897),(34,905),(34,993),(34,1011),(34,1105),(34,1221),(34,1415),(34,1516),(34,1572),(34,1730),(34,2179),(34,2449),(34,3280),(34,3354),(34,3577),(34,3833),(34,4313),(34,4398),(34,5402),(34,5833),(34,5921),(34,5922),(34,5924),(34,5927),(34,5928),(34,5929),(34,5931),(34,5933),(34,5934),(34,5935),(34,5936),(34,5942),(34,5943),(34,5946),(34,5948),(34,5950),(34,5955),(34,5956),(34,5957),(34,5958),(34,5959),(34,5960),(34,5961),(34,5966),(34,5968),(34,5971),(34,5973),(34,5974),(34,5975),(34,5978),(34,5979),(34,5980),(34,5981),(34,5982),(34,5983),(34,5984),(34,5986),(34,5987),(34,5988),(34,5989),(34,5992),(34,5993),(34,5994),(34,5995),(34,6006),(34,6007),(34,6013),(35,6),(35,8),(35,22),(35,35),(35,36),(35,38),(35,41),(35,135),(35,159),(35,188),(35,196),(35,198),(35,344),(35,355),(35,369),(35,414),(35,622),(35,646),(35,647),(35,742),(35,744),(35,751),(35,896),(35,897),(35,929),(35,1040),(35,1522),(35,1572),(35,1941),(35,2317),(35,3263),(35,3642),(35,3747),(35,3796),(35,4132),(35,4167),(35,4340),(35,4839),(35,4863),(35,4998),(35,5057),(35,5088),(35,5381),(35,5402),(35,5418),(35,5430),(35,5434),(35,5435),(35,5446),(35,5838),(35,6018),(35,6020),(35,6022),(35,6026),(35,6028),(35,6030),(35,6031),(35,6032),(35,6033),(35,6034),(35,6035),(35,6037),(35,6038),(35,6039),(35,6040),(35,6041),(35,6042),(35,6043),(35,6044),(35,6046),(35,6047),(35,6049),(35,6050),(35,6052),(35,6054),(35,6058),(35,6062),(35,6063),(35,6064),(35,6065),(35,6066),(35,6067),(35,6068),(35,6070),(35,6071),(35,6072),(35,6073),(35,6074),(35,6075),(35,6076),(35,6077),(35,6078),(35,6079),(35,6080),(35,6081),(35,6082),(35,6083),(35,6084),(35,6085),(35,6087),(35,6088),(35,6089),(35,6090),(35,6091),(35,6092),(35,6093),(35,6094),(35,6100),(35,6103),(35,6107),(35,6110),(35,6112),(35,6113),(35,6115),(35,6119),(35,6120),(35,6121),(35,6122),(35,6124),(35,6125),(35,6126),(35,6129),(35,6130),(35,6134),(35,6135),(35,6136),(35,6139),(35,6140),(35,6141),(36,6),(36,8),(36,35),(36,36),(36,37),(36,41),(36,135),(36,347),(36,675),(36,706),(36,840),(36,846),(36,874),(36,896),(36,897),(36,1098),(36,1204),(36,1356),(36,1361),(36,1554),(36,1844),(36,1857),(36,1941),(36,3535),(36,3577),(36,3849),(36,4144),(36,4159),(36,4270),(36,4644),(36,4769),(36,4973),(36,5168),(36,5177),(36,5250),(36,5285),(36,5402),(36,5446),(36,5472),(36,5490),(36,5544),(36,5546),(36,5565),(36,5570),(36,5599),(36,5604),(36,5609),(36,5633),(36,5734),(36,5768),(36,5776),(36,5833),(36,6146),(36,6148),(36,6150),(36,6153),(36,6155),(36,6157),(36,6159),(36,6160),(36,6161),(36,6171),(36,6173),(36,6177),(36,6178),(36,6180),(36,6181),(36,6182),(36,6184),(36,6186),(36,6188),(36,6189),(36,6191),(36,6193),(36,6194),(36,6195),(36,6196),(36,6197),(36,6200),(36,6203),(36,6204),(36,6209),(36,6210),(36,6212),(36,6213),(36,6217),(36,6220),(36,6224),(36,6227),(36,6229),(36,6230),(36,6234),(36,6235),(36,6236),(36,6237),(36,6238),(36,6239),(36,6240),(37,6),(37,8),(37,35),(37,36),(37,41),(37,55),(37,105),(37,135),(37,137),(37,148),(37,178),(37,188),(37,221),(37,252),(37,599),(37,736),(37,738),(37,794),(37,896),(37,897),(37,914),(37,990),(37,993),(37,1105),(37,1200),(37,1517),(37,1519),(37,1704),(37,1905),(37,3098),(37,3150),(37,3577),(37,3855),(37,4002),(37,4234),(37,4296),(37,4341),(37,5017),(37,5176),(37,5402),(37,5769),(37,5770),(37,5823),(37,5863),(37,5921),(37,5928),(37,5942),(37,5946),(37,5950),(37,5966),(37,5973),(37,6245),(37,6247),(37,6251),(37,6253),(37,6254),(37,6257),(37,6258),(37,6260),(37,6261),(37,6262),(37,6263),(37,6268),(37,6269),(37,6273),(37,6276),(37,6285),(37,6286),(37,6287),(37,6290),(37,6298),(37,6300),(37,6303),(37,6304),(37,6311),(37,6314),(37,6315),(38,6),(38,8),(38,35),(38,36),(38,37),(38,40),(38,41),(38,64),(38,95),(38,129),(38,131),(38,135),(38,328),(38,336),(38,411),(38,422),(38,508),(38,710),(38,841),(38,896),(38,897),(38,1098),(38,1233),(38,1361),(38,1550),(38,1719),(38,1896),(38,3203),(38,3805),(38,3833),(38,3995),(38,4037),(38,4103),(38,4125),(38,4141),(38,4168),(38,4336),(38,4371),(38,4490),(38,4541),(38,4551),(38,4583),(38,4683),(38,4709),(38,4751),(38,4819),(38,4860),(38,5004),(38,5144),(38,5244),(38,5259),(38,5295),(38,5402),(38,5501),(38,5543),(38,5544),(38,5546),(38,5549),(38,5553),(38,5560),(38,5565),(38,5566),(38,5570),(38,5609),(38,5614),(38,5615),(38,5633),(38,5641),(38,5651),(38,5660),(38,5853),(38,5875),(38,6161),(38,6229),(38,6322),(38,6324),(38,6327),(38,6328),(38,6329),(38,6331),(38,6333),(38,6338),(38,6350),(38,6352),(38,6353),(38,6354),(38,6367),(38,6369),(38,6370),(38,6372),(38,6375),(38,6378),(38,6380),(38,6387),(38,6388),(38,6389),(38,6394),(38,6395),(38,6396),(38,6397),(38,6400),(38,6401),(38,6406),(38,6412),(38,6414),(38,6416),(38,6418),(38,6420),(38,6426),(39,6),(39,22),(39,35),(39,36),(39,38),(39,40),(39,41),(39,98),(39,135),(39,161),(39,188),(39,196),(39,274),(39,276),(39,336),(39,353),(39,414),(39,440),(39,535),(39,555),(39,622),(39,630),(39,646),(39,665),(39,696),(39,850),(39,905),(39,915),(39,1031),(39,1040),(39,1522),(39,1658),(39,1704),(39,1734),(39,1913),(39,2086),(39,2261),(39,3337),(39,3402),(39,3577),(39,3642),(39,3690),(39,3866),(39,4002),(39,4192),(39,4645),(39,4687),(39,4775),(39,4794),(39,4939),(39,5387),(39,5399),(39,5402),(39,5407),(39,5409),(39,5412),(39,5426),(39,5434),(39,5435),(39,5451),(39,5465),(39,5491),(39,5504),(39,5823),(39,6033),(39,6115),(39,6328),(39,6430),(39,6433),(39,6435),(39,6440),(39,6441),(39,6442),(39,6444),(39,6446),(39,6447),(39,6448),(39,6449),(39,6450),(39,6451),(39,6452),(39,6453),(39,6455),(39,6457),(39,6458),(39,6459),(39,6461),(39,6464),(39,6471),(39,6472),(39,6474),(39,6475),(39,6483),(39,6484),(39,6485),(39,6486),(39,6487),(39,6488),(39,6489),(39,6490),(39,6491),(39,6492),(39,6495),(39,6496),(39,6497),(39,6498),(39,6499),(39,6500),(39,6501),(39,6502),(39,6503),(39,6504),(39,6505),(39,6506),(39,6509),(39,6510),(39,6511),(39,6514),(39,6515),(39,6516),(39,6520),(39,6523),(39,6524),(39,6525),(39,6528),(39,6529),(39,6534),(39,6535),(39,6537),(39,6538),(39,6539),(39,6540),(39,6541),(39,6543),(39,6546),(39,6547),(39,6551),(39,6552),(39,6553),(39,6558),(39,6559),(39,6560),(39,6561),(39,6562),(39,6564),(39,6565),(39,6566),(39,6567),(39,6568),(39,6571),(39,6574),(39,6576),(39,6577),(39,6578),(39,6579),(39,6581),(39,6582),(39,6583),(39,6584),(39,6586),(39,6588),(39,6589),(39,6591),(40,6),(40,8),(40,35),(40,36),(40,41),(40,98),(40,135),(40,196),(40,216),(40,245),(40,274),(40,275),(40,336),(40,428),(40,476),(40,510),(40,515),(40,541),(40,548),(40,555),(40,565),(40,706),(40,775),(40,851),(40,896),(40,897),(40,906),(40,915),(40,990),(40,993),(40,1030),(40,1032),(40,1094),(40,1183),(40,1210),(40,1325),(40,1404),(40,1487),(40,1522),(40,1523),(40,1550),(40,1573),(40,1711),(40,1886),(40,1977),(40,2034),(40,2065),(40,2317),(40,3159),(40,3172),(40,3203),(40,3321),(40,3702),(40,3856),(40,4002),(40,4061),(40,4080),(40,4090),(40,4125),(40,4126),(40,4141),(40,4172),(40,4192),(40,4341),(40,4364),(40,4540),(40,4583),(40,4756),(40,4769),(40,5058),(40,5250),(40,5381),(40,5382),(40,5387),(40,5402),(40,5409),(40,5423),(40,5491),(40,5501),(40,5841),(40,5848),(40,5859),(40,6113),(40,6139),(40,6157),(40,6440),(40,6511),(40,6538),(40,6539),(40,6593),(40,6594),(40,6596),(40,6599),(40,6600),(40,6601),(40,6607),(40,6608),(40,6610),(40,6611),(40,6612),(40,6613),(40,6614),(40,6617),(40,6620),(40,6621),(40,6622),(40,6624),(40,6626),(40,6628),(40,6631),(40,6636),(40,6642),(40,6643),(40,6647),(40,6648),(40,6652),(40,6653),(40,6658),(40,6659),(40,6662),(40,6665),(40,6666),(40,6667),(40,6668),(40,6670),(40,6674),(40,6677),(40,6679),(40,6683),(40,6686),(40,6687),(40,6691),(40,6696),(40,6697),(40,6701),(40,6702),(40,6703),(40,6706),(40,6707),(40,6709),(40,6710),(40,6718),(40,6725),(40,6726),(40,6727),(40,6728),(40,6729),(40,6732),(40,6733),(40,6734),(40,6735),(40,6736),(40,6738),(40,6739),(40,6740),(40,6742),(40,6744),(40,6747),(41,6),(41,8),(41,22),(41,32),(41,35),(41,36),(41,40),(41,41),(41,98),(41,129),(41,135),(41,196),(41,216),(41,245),(41,274),(41,297),(41,336),(41,340),(41,369),(41,411),(41,414),(41,422),(41,428),(41,515),(41,535),(41,555),(41,558),(41,665),(41,775),(41,886),(41,892),(41,893),(41,894),(41,896),(41,897),(41,919),(41,990),(41,993),(41,1030),(41,1031),(41,1032),(41,1144),(41,1390),(41,1404),(41,1433),(41,1522),(41,1523),(41,1658),(41,1977),(41,2086),(41,2317),(41,2376),(41,2438),(41,2446),(41,3203),(41,3321),(41,3661),(41,4150),(41,4190),(41,4340),(41,4544),(41,4618),(41,4674),(41,4731),(41,4756),(41,4759),(41,5004),(41,5088),(41,5244),(41,5382),(41,5402),(41,5409),(41,5465),(41,5475),(41,5487),(41,5491),(41,6112),(41,6113),(41,6115),(41,6161),(41,6430),(41,6440),(41,6553),(41,6589),(41,6610),(41,6611),(41,6613),(41,6617),(41,6620),(41,6621),(41,6622),(41,6624),(41,6626),(41,6628),(41,6636),(41,6696),(41,6702),(41,6718),(41,6751),(41,6754),(41,6756),(41,6760),(41,6762),(41,6773),(41,6775),(41,6777),(41,6780),(41,6786),(41,6787),(41,6789),(41,6791),(41,6810),(41,6812),(41,6814),(41,6825),(41,6826),(41,6827),(41,6828),(41,6829),(41,6833),(41,6838),(41,6839),(41,6840),(41,6841),(41,6843),(41,6845),(41,6847),(41,6848),(41,6849),(41,6850),(41,6852),(41,6853),(41,6855),(41,6860),(41,6869),(41,6870),(41,6871),(41,6872),(41,6875),(41,6876),(41,6877),(41,6878),(41,6879),(41,6883),(41,6884),(41,6885),(41,6886),(41,6887),(41,6890),(41,6891),(41,6892),(41,6899),(42,6),(42,8),(42,19),(42,34),(42,35),(42,36),(42,40),(42,41),(42,95),(42,98),(42,111),(42,135),(42,188),(42,201),(42,332),(42,336),(42,411),(42,426),(42,599),(42,730),(42,834),(42,874),(42,896),(42,897),(42,980),(42,993),(42,1064),(42,1174),(42,1388),(42,1407),(42,1550),(42,1563),(42,1650),(42,1747),(42,2034),(42,2035),(42,2547),(42,3501),(42,3690),(42,4090),(42,4103),(42,4132),(42,4141),(42,4144),(42,4168),(42,4275),(42,4303),(42,4546),(42,4690),(42,4769),(42,4978),(42,4992),(42,4998),(42,5244),(42,5251),(42,5258),(42,5317),(42,5402),(42,5452),(42,5527),(42,5547),(42,5565),(42,5566),(42,5628),(42,5700),(42,5702),(42,5704),(42,5731),(42,5767),(42,6574),(42,6904),(42,6905),(42,6907),(42,6910),(42,6911),(42,6917),(42,6919),(42,6921),(42,6925),(42,6928),(42,6934),(42,6940),(42,6944),(42,6946),(42,6947),(42,6948),(42,6950),(42,6951),(42,6953),(42,6956),(42,6960),(42,6962),(42,6963),(42,6969),(42,6971),(42,6975),(42,6976),(42,6977),(42,6979),(42,6980),(42,6984),(42,6991),(42,6992),(42,6995),(42,6997),(42,6998),(42,6999),(42,7000),(42,7003),(42,7004),(42,7008),(42,7011),(43,6),(43,8),(43,11),(43,22),(43,36),(43,52),(43,53),(43,59),(43,80),(43,98),(43,105),(43,109),(43,111),(43,122),(43,129),(43,134),(43,135),(43,153),(43,178),(43,186),(43,192),(43,193),(43,204),(43,218),(43,275),(43,304),(43,612),(43,670),(43,874),(43,886),(43,892),(43,905),(43,915),(43,983),(43,1028),(43,1073),(43,1096),(43,1187),(43,1522),(43,1560),(43,1563),(43,1572),(43,1573),(43,1734),(43,1941),(43,1983),(43,2019),(43,2162),(43,2438),(43,2752),(43,3156),(43,3198),(43,3203),(43,3404),(43,3855),(43,4027),(43,4068),(43,4296),(43,4437),(43,5057),(43,5186),(43,5365),(43,5628),(43,6300),(43,6303),(43,6539),(43,6658),(43,6670),(43,6872),(43,6892),(43,7015),(43,7016),(43,7018),(43,7020),(43,7025),(43,7027),(43,7029),(43,7031),(43,7033),(43,7036),(43,7037),(43,7038),(43,7040),(43,7041),(43,7042),(43,7043),(43,7044),(43,7045),(43,7049),(43,7050),(43,7051),(43,7053),(43,7061),(43,7062),(43,7064),(43,7066),(43,7067),(43,7068),(43,7070),(43,7073),(43,7074),(43,7076),(43,7078),(43,7080),(43,7081),(43,7082),(43,7084),(43,7087),(43,7089),(43,7090),(43,7091),(43,7094),(43,7095),(43,7098),(43,7099),(43,7101),(43,7104),(43,7106),(43,7108),(43,7109),(43,7118),(43,7121),(43,7122),(43,7124),(43,7125),(43,7126),(43,7127),(43,7129),(43,7130),(43,7131),(43,7133),(43,7134),(43,7135),(43,7136),(43,7137),(43,7139),(43,7141),(43,7142),(43,7143),(43,7144),(43,7147),(43,7148),(43,7152),(43,7153),(44,6),(44,30),(44,35),(44,36),(44,40),(44,41),(44,66),(44,98),(44,115),(44,134),(44,135),(44,137),(44,178),(44,188),(44,191),(44,192),(44,196),(44,207),(44,218),(44,267),(44,268),(44,274),(44,280),(44,286),(44,290),(44,297),(44,347),(44,426),(44,474),(44,539),(44,551),(44,552),(44,553),(44,603),(44,713),(44,775),(44,785),(44,837),(44,882),(44,983),(44,990),(44,1046),(44,1080),(44,1262),(44,1419),(44,1463),(44,1522),(44,1573),(44,1642),(44,1679),(44,2019),(44,2024),(44,2159),(44,3203),(44,3407),(44,3566),(44,3567),(44,4196),(44,4327),(44,4542),(44,5082),(44,5365),(44,5570),(44,5734),(44,5767),(44,5779),(44,5863),(44,5946),(44,6420),(44,6539),(44,6600),(44,6892),(44,7044),(44,7164),(44,7166),(44,7170),(44,7174),(44,7175),(44,7177),(44,7179),(44,7181),(44,7182),(44,7183),(44,7184),(44,7185),(44,7186),(44,7188),(44,7190),(44,7194),(44,7195),(44,7196),(44,7200),(44,7204),(44,7205),(44,7206),(44,7209),(44,7211),(44,7215),(44,7218),(44,7220),(44,7221),(44,7222),(44,7223),(44,7224),(44,7225),(44,7227),(44,7229),(44,7231),(44,7232),(44,7234),(44,7235),(44,7236),(44,7237),(44,7238),(44,7240),(44,7244),(44,7246),(44,7248),(44,7249),(44,7250),(44,7252),(44,7253),(44,7261),(44,7265),(44,7266),(44,7267),(44,7270),(44,7271),(44,7273),(44,7275),(44,7276),(44,7277),(44,7278),(44,7281),(44,7282),(44,7283),(44,7284),(44,7286),(44,7289),(44,7293),(44,7294),(44,7298),(44,7300),(44,7301),(44,7302),(44,7304),(45,6),(45,22),(45,35),(45,36),(45,41),(45,111),(45,135),(45,141),(45,178),(45,207),(45,218),(45,336),(45,1039),(45,1488),(45,1522),(45,1573),(45,4068),(45,4941),(45,5566),(45,5570),(45,6300),(45,7015),(45,7027),(45,7033),(45,7044),(45,7144),(45,7195),(45,7196),(45,7200),(45,7307),(45,7308),(45,7310),(45,7312),(45,7313),(45,7314),(45,7319),(45,7321),(45,7322),(45,7323),(45,7324),(45,7325),(45,7326),(45,7328),(45,7332),(45,7337),(45,7341),(45,7346),(45,7348),(45,7351),(45,7354),(46,6),(46,22),(46,35),(46,36),(46,41),(46,53),(46,57),(46,59),(46,66),(46,80),(46,98),(46,101),(46,105),(46,122),(46,135),(46,141),(46,159),(46,177),(46,178),(46,192),(46,198),(46,201),(46,204),(46,207),(46,251),(46,280),(46,290),(46,336),(46,339),(46,340),(46,341),(46,342),(46,474),(46,483),(46,603),(46,630),(46,631),(46,654),(46,696),(46,697),(46,700),(46,811),(46,831),(46,874),(46,983),(46,990),(46,1046),(46,1102),(46,1186),(46,1522),(46,1553),(46,1582),(46,1657),(46,2089),(46,2093),(46,2112),(46,3702),(46,3877),(46,3890),(46,3931),(46,4125),(46,4196),(46,4382),(46,4438),(46,4719),(46,4748),(46,4818),(46,5176),(46,5258),(46,5321),(46,5446),(46,5452),(46,5457),(46,5547),(46,5570),(46,5863),(46,5905),(46,5973),(46,5987),(46,6304),(46,6420),(46,6528),(46,6600),(46,6860),(46,7029),(46,7044),(46,7076),(46,7091),(46,7109),(46,7175),(46,7195),(46,7196),(46,7265),(46,7266),(46,7267),(46,7270),(46,7283),(46,7289),(46,7298),(46,7337),(46,7357),(46,7358),(46,7360),(46,7362),(46,7364),(46,7365),(46,7367),(46,7371),(46,7373),(46,7374),(46,7376),(46,7377),(46,7384),(46,7386),(46,7387),(46,7394),(46,7399),(46,7400),(46,7401),(46,7405),(46,7407),(46,7410),(46,7411),(46,7412),(46,7413),(46,7414),(46,7420),(46,7424),(46,7428),(46,7429),(46,7432),(46,7433),(46,7439),(46,7442),(46,7447),(46,7451),(46,7464),(46,7465),(46,7466),(46,7469),(46,7470),(46,7471),(46,7475),(46,7477),(46,7478),(46,7479),(46,7480),(46,7482),(46,7484),(46,7485),(46,7489),(46,7491),(46,7492),(46,7494),(46,7495),(46,7497),(46,7498),(46,7500),(46,7501),(46,7504),(46,7508),(46,7510),(46,7512),(46,7513),(46,7515),(46,7520),(46,7522),(46,7523),(47,6),(47,8),(47,21),(47,22),(47,35),(47,36),(47,40),(47,41),(47,52),(47,55),(47,59),(47,66),(47,80),(47,98),(47,109),(47,117),(47,122),(47,135),(47,153),(47,178),(47,188),(47,191),(47,192),(47,193),(47,196),(47,204),(47,207),(47,218),(47,255),(47,263),(47,268),(47,317),(47,318),(47,327),(47,332),(47,336),(47,347),(47,462),(47,496),(47,603),(47,631),(47,656),(47,681),(47,683),(47,700),(47,713),(47,839),(47,896),(47,897),(47,983),(47,990),(47,998),(47,1028),(47,1046),(47,1186),(47,1227),(47,1361),(47,1420),(47,1496),(47,1514),(47,1522),(47,1550),(47,1555),(47,1573),(47,1642),(47,1978),(47,1983),(47,2089),(47,2090),(47,2159),(47,3199),(47,3203),(47,3566),(47,3567),(47,3854),(47,4171),(47,4296),(47,4437),(47,4542),(47,4687),(47,4818),(47,5321),(47,5462),(47,5570),(47,5632),(47,5734),(47,5755),(47,6812),(47,7044),(47,7076),(47,7104),(47,7174),(47,7181),(47,7183),(47,7185),(47,7195),(47,7196),(47,7200),(47,7204),(47,7205),(47,7206),(47,7211),(47,7220),(47,7221),(47,7225),(47,7229),(47,7231),(47,7232),(47,7235),(47,7238),(47,7367),(47,7428),(47,7495),(47,7526),(47,7528),(47,7533),(47,7534),(47,7536),(47,7539),(47,7544),(47,7545),(47,7546),(47,7547),(47,7548),(47,7550),(47,7552),(47,7554),(47,7556),(47,7559),(47,7565),(47,7566),(47,7568),(47,7570),(47,7577),(47,7580),(47,7581),(47,7582),(47,7583),(47,7590),(47,7600),(47,7601),(47,7603),(47,7604),(47,7607),(47,7608),(47,7610),(47,7611),(47,7614),(47,7615),(47,7616),(47,7618),(47,7619),(47,7620),(47,7621),(47,7622),(47,7623),(47,7631),(47,7639),(47,7640),(47,7643),(47,7645),(47,7646),(47,7647),(47,7650),(47,7654),(47,7655),(47,7658),(47,7659),(47,7660),(47,7661),(47,7662),(47,7665),(47,7668),(47,7670),(47,7671),(47,7672),(47,7679),(47,7680),(47,7683),(47,7688),(47,7693),(47,7694),(47,7695),(47,7696),(47,7699),(47,7700),(47,7701),(47,7702),(47,7706),(47,7708),(47,7709),(47,7710),(47,7711),(47,7712),(47,7713),(47,7714),(47,7716),(47,7717),(47,7718),(47,7719),(47,7721),(48,6),(48,21),(48,35),(48,36),(48,41),(48,59),(48,105),(48,135),(48,141),(48,178),(48,188),(48,191),(48,196),(48,208),(48,280),(48,290),(48,336),(48,339),(48,340),(48,341),(48,342),(48,474),(48,483),(48,629),(48,630),(48,631),(48,670),(48,693),(48,697),(48,785),(48,896),(48,897),(48,983),(48,1046),(48,1227),(48,1522),(48,1555),(48,1711),(48,2090),(48,3203),(48,3468),(48,3509),(48,4021),(48,4171),(48,4196),(48,4327),(48,5004),(48,5167),(48,5570),(48,5587),(48,5863),(48,5987),(48,7044),(48,7109),(48,7195),(48,7196),(48,7265),(48,7282),(48,7283),(48,7284),(48,7286),(48,7394),(48,7520),(48,7522),(48,7523),(48,7645),(48,7670),(48,7725),(48,7726),(48,7727),(48,7728),(48,7729),(48,7731),(48,7733),(48,7736),(48,7738),(48,7739),(48,7741),(48,7742),(48,7744),(48,7745),(48,7746),(48,7747),(48,7748),(48,7751),(48,7754),(48,7759),(48,7763),(48,7773),(48,7774),(48,7776),(48,7777),(48,7778),(48,7779),(48,7780),(48,7789),(48,7792),(48,7799),(48,7800),(48,7805),(48,7806),(48,7807),(48,7813),(48,7817),(49,6),(49,8),(49,35),(49,36),(49,41),(49,55),(49,57),(49,81),(49,94),(49,98),(49,122),(49,129),(49,135),(49,178),(49,186),(49,207),(49,256),(49,289),(49,297),(49,312),(49,313),(49,318),(49,347),(49,426),(49,481),(49,603),(49,641),(49,665),(49,683),(49,697),(49,714),(49,730),(49,736),(49,775),(49,781),(49,794),(49,886),(49,892),(49,893),(49,894),(49,896),(49,897),(49,913),(49,937),(49,983),(49,1028),(49,1045),(49,1046),(49,1064),(49,1096),(49,1102),(49,1105),(49,1419),(49,1522),(49,1547),(49,1553),(49,1679),(49,1691),(49,1696),(49,1712),(49,1855),(49,1982),(49,2030),(49,2052),(49,3143),(49,3146),(49,3466),(49,3535),(49,4089),(49,4125),(49,4188),(49,4199),(49,4272),(49,4301),(49,4327),(49,4330),(49,4449),(49,4687),(49,4819),(49,4965),(49,5057),(49,5082),(49,5251),(49,5565),(49,5570),(49,5734),(49,5781),(49,5910),(49,6189),(49,6196),(49,6229),(49,6658),(49,6687),(49,6870),(49,7008),(49,7037),(49,7044),(49,7051),(49,7073),(49,7170),(49,7194),(49,7195),(49,7196),(49,7200),(49,7246),(49,7248),(49,7250),(49,7252),(49,7270),(49,7294),(49,7394),(49,7413),(49,7668),(49,7829),(49,7832),(49,7834),(49,7842),(49,7848),(49,7849),(49,7851),(49,7852),(49,7854),(49,7855),(49,7856),(49,7857),(49,7858),(49,7861),(49,7862),(49,7869),(49,7870),(49,7872),(49,7874),(49,7883),(49,7885),(49,7886),(49,7888),(49,7894),(49,7897),(49,7899),(49,7901),(49,7904),(49,7908),(49,7909),(49,7911),(49,7914),(49,7918),(49,7920),(49,7922),(49,7924),(49,7929),(49,7930),(49,7931),(49,7932),(49,7933),(49,7937),(49,7941),(49,7947),(49,7956),(49,7965),(49,7975),(49,7980),(49,7981),(50,6),(50,35),(50,36),(50,41),(50,52),(50,58),(50,75),(50,80),(50,90),(50,98),(50,101),(50,108),(50,122),(50,135),(50,150),(50,153),(50,178),(50,188),(50,191),(50,204),(50,207),(50,218),(50,252),(50,266),(50,268),(50,290),(50,291),(50,297),(50,299),(50,304),(50,328),(50,330),(50,347),(50,369),(50,426),(50,441),(50,523),(50,551),(50,552),(50,553),(50,653),(50,751),(50,785),(50,818),(50,900),(50,919),(50,983),(50,1186),(50,1419),(50,1522),(50,1535),(50,1545),(50,1573),(50,1642),(50,1665),(50,1684),(50,1702),(50,1711),(50,1712),(50,2024),(50,2438),(50,2731),(50,3327),(50,3566),(50,3567),(50,4030),(50,4068),(50,4196),(50,4296),(50,4301),(50,4330),(50,4477),(50,4716),(50,4769),(50,4933),(50,5295),(50,5437),(50,5456),(50,5570),(50,5767),(50,5946),(50,6161),(50,6740),(50,7044),(50,7064),(50,7089),(50,7144),(50,7174),(50,7185),(50,7194),(50,7195),(50,7196),(50,7200),(50,7209),(50,7215),(50,7218),(50,7224),(50,7225),(50,7229),(50,7231),(50,7232),(50,7238),(50,7253),(50,7394),(50,7603),(50,7789),(50,7997),(50,8009),(50,8011),(50,8013),(50,8015),(50,8016),(50,8018),(50,8020),(50,8029),(50,8030),(50,8057),(50,8060),(50,8061),(50,8069),(50,8070),(50,8071),(50,8073),(50,8075),(50,8077),(50,8079),(50,8091),(50,8095),(50,8097),(50,8102),(50,8103),(50,8104),(50,8105),(50,8106),(50,8108),(50,8109),(50,8110),(50,8111),(50,8112),(50,8115),(50,8117),(50,8119),(50,8120),(50,8124),(50,8125),(50,8126),(50,8130),(50,8131),(50,8132),(50,8135),(50,8136),(50,8138),(50,8139),(50,8140),(50,8141),(50,8142),(51,6),(51,22),(51,35),(51,36),(51,40),(51,41),(51,57),(51,59),(51,66),(51,75),(51,104),(51,111),(51,126),(51,129),(51,134),(51,135),(51,163),(51,188),(51,191),(51,192),(51,196),(51,207),(51,208),(51,250),(51,280),(51,282),(51,290),(51,299),(51,336),(51,339),(51,340),(51,341),(51,342),(51,343),(51,344),(51,345),(51,412),(51,474),(51,480),(51,483),(51,485),(51,539),(51,603),(51,628),(51,653),(51,664),(51,665),(51,670),(51,713),(51,775),(51,794),(51,841),(51,851),(51,893),(51,894),(51,896),(51,897),(51,937),(51,983),(51,1045),(51,1046),(51,1102),(51,1488),(51,1489),(51,1490),(51,1522),(51,1563),(51,1684),(51,1723),(51,2007),(51,2019),(51,2089),(51,2112),(51,3468),(51,3592),(51,3739),(51,3747),(51,3817),(51,3855),(51,4196),(51,4297),(51,4313),(51,4327),(51,4368),(51,4542),(51,4687),(51,4719),(51,4748),(51,4769),(51,4941),(51,5170),(51,5176),(51,5570),(51,5863),(51,5873),(51,6300),(51,6420),(51,6665),(51,7044),(51,7091),(51,7170),(51,7175),(51,7195),(51,7196),(51,7200),(51,7265),(51,7267),(51,7276),(51,7283),(51,7384),(51,7386),(51,7394),(51,7407),(51,7424),(51,7471),(51,7513),(51,7645),(51,7759),(51,7776),(51,7851),(51,7931),(51,8069),(51,8147),(51,8150),(51,8152),(51,8153),(51,8154),(51,8162),(51,8163),(51,8164),(51,8166),(51,8167),(51,8168),(51,8170),(51,8171),(51,8172),(51,8173),(51,8174),(51,8175),(51,8177),(51,8178),(51,8181),(51,8184),(51,8195),(51,8203),(51,8209),(51,8210),(51,8215),(51,8216),(51,8217),(51,8218),(51,8222),(51,8229),(51,8231),(51,8237),(51,8239),(51,8240),(51,8241),(51,8245),(51,8247),(51,8256),(51,8257),(51,8258),(51,8259),(51,8260),(51,8261),(51,8265),(51,8269),(51,8270),(51,8271),(51,8273),(51,8275),(51,8278),(51,8284),(51,8285),(51,8290),(51,8291),(51,8292),(51,8293),(51,8294),(51,8299),(51,8301),(51,8304),(51,8306),(51,8310),(51,8313),(51,8316),(51,8317),(51,8322),(51,8323),(51,8327),(51,8328),(51,8329),(51,8331),(52,6),(52,22),(52,35),(52,36),(52,37),(52,41),(52,52),(52,59),(52,66),(52,98),(52,109),(52,122),(52,135),(52,144),(52,192),(52,204),(52,207),(52,269),(52,276),(52,290),(52,309),(52,317),(52,325),(52,328),(52,412),(52,563),(52,653),(52,670),(52,681),(52,697),(52,710),(52,711),(52,719),(52,838),(52,839),(52,896),(52,897),(52,983),(52,1045),(52,1098),(52,1227),(52,1347),(52,1388),(52,1433),(52,1488),(52,1553),(52,1555),(52,1650),(52,2052),(52,3619),(52,3716),(52,4296),(52,4301),(52,4463),(52,4465),(52,4709),(52,4970),(52,5004),(52,5365),(52,5462),(52,5525),(52,5570),(52,6304),(52,7044),(52,7045),(52,7053),(52,7200),(52,7229),(52,7246),(52,7394),(52,7513),(52,8108),(52,8344),(52,8346),(52,8348),(52,8351),(52,8352),(52,8356),(52,8360),(52,8361),(52,8362),(52,8363),(52,8364),(52,8365),(52,8369),(52,8370),(52,8372),(52,8373),(52,8374),(52,8378),(52,8379),(52,8380),(52,8383),(52,8386),(52,8387),(52,8389),(52,8392),(52,8403),(52,8406),(52,8415),(52,8419),(52,8420),(52,8422),(52,8426),(52,8427),(52,8430),(52,8431),(52,8432),(52,8433),(52,8434),(52,8436),(52,8439),(52,8443),(53,6),(53,8),(53,22),(53,35),(53,36),(53,41),(53,55),(53,65),(53,129),(53,135),(53,145),(53,178),(53,188),(53,191),(53,192),(53,196),(53,201),(53,207),(53,218),(53,263),(53,276),(53,297),(53,314),(53,330),(53,411),(53,412),(53,425),(53,426),(53,431),(53,496),(53,563),(53,565),(53,646),(53,670),(53,681),(53,775),(53,785),(53,811),(53,837),(53,838),(53,839),(53,886),(53,892),(53,893),(53,894),(53,896),(53,897),(53,900),(53,919),(53,950),(53,974),(53,983),(53,990),(53,1064),(53,1098),(53,1187),(53,1347),(53,1361),(53,1383),(53,1419),(53,1484),(53,1522),(53,1553),(53,1555),(53,1563),(53,1573),(53,1642),(53,1903),(53,2089),(53,3149),(53,4056),(53,4141),(53,4144),(53,4167),(53,4275),(53,4327),(53,4465),(53,4542),(53,4970),(53,5365),(53,5511),(53,5570),(53,5571),(53,5769),(53,7044),(53,7091),(53,7195),(53,7196),(53,7200),(53,7225),(53,7229),(53,7231),(53,7232),(53,7246),(53,7394),(53,7413),(53,7471),(53,7477),(53,7559),(53,7565),(53,7568),(53,7670),(53,7716),(53,7941),(53,8108),(53,8356),(53,8362),(53,8364),(53,8365),(53,8369),(53,8370),(53,8372),(53,8373),(53,8403),(53,8422),(53,8454),(53,8456),(53,8458),(53,8463),(53,8464),(53,8468),(53,8470),(53,8472),(53,8475),(53,8476),(53,8477),(53,8479),(53,8483),(53,8485),(53,8486),(53,8487),(53,8498),(53,8507),(53,8508),(53,8513),(53,8514),(53,8519),(53,8520),(53,8521),(53,8526),(53,8528),(53,8529),(53,8530),(53,8533),(53,8534),(53,8540),(53,8541),(53,8542),(53,8543),(53,8544),(53,8548),(53,8549),(53,8550),(53,8555),(53,8559),(53,8570),(53,8575),(53,8576),(53,8577),(53,8579),(53,8585),(53,8586),(53,8592),(53,8595),(53,8596),(53,8599),(53,8601),(53,8604),(53,8611),(53,8612),(53,8616),(54,6),(54,8),(54,22),(54,35),(54,36),(54,41),(54,75),(54,98),(54,104),(54,111),(54,129),(54,135),(54,159),(54,178),(54,188),(54,191),(54,196),(54,197),(54,198),(54,201),(54,204),(54,207),(54,218),(54,249),(54,266),(54,280),(54,297),(54,426),(54,565),(54,576),(54,599),(54,603),(54,653),(54,742),(54,775),(54,837),(54,886),(54,892),(54,893),(54,894),(54,896),(54,897),(54,900),(54,960),(54,983),(54,987),(54,988),(54,1028),(54,1039),(54,1046),(54,1088),(54,1105),(54,1142),(54,1488),(54,1489),(54,1490),(54,1522),(54,1550),(54,1573),(54,1582),(54,1642),(54,2007),(54,2086),(54,3263),(54,3327),(54,3399),(54,3780),(54,3888),(54,4002),(54,4125),(54,4335),(54,4687),(54,4818),(54,4933),(54,4992),(54,5057),(54,5290),(54,5321),(54,5499),(54,5525),(54,5527),(54,5570),(54,5571),(54,5587),(54,5734),(54,6085),(54,6298),(54,6300),(54,7044),(54,7076),(54,7129),(54,7183),(54,7195),(54,7196),(54,7200),(54,7211),(54,7220),(54,7221),(54,7222),(54,7223),(54,7229),(54,7231),(54,7232),(54,7319),(54,7394),(54,7407),(54,7424),(54,7428),(54,7508),(54,7513),(54,7559),(54,7565),(54,7851),(54,7870),(54,7872),(54,8162),(54,8209),(54,8261),(54,8479),(54,8498),(54,8507),(54,8508),(54,8533),(54,8540),(54,8541),(54,8627),(54,8629),(54,8647),(54,8651),(54,8652),(54,8653),(54,8655),(54,8656),(54,8657),(54,8658),(54,8659),(54,8660),(54,8662),(54,8682),(54,8694),(54,8695),(54,8700),(54,8702),(54,8703),(54,8707),(54,8708),(54,8709),(54,8710),(54,8714),(54,8718),(54,8719),(54,8720),(54,8721),(54,8725),(54,8728),(54,8729),(54,8730),(54,8731),(54,8732),(54,8733),(54,8735),(54,8736),(54,8738),(54,8741),(54,8743),(54,8744),(54,8746),(54,8747),(54,8748),(54,8753),(54,8754),(54,8755),(54,8756),(54,8757),(54,8761),(54,8762),(54,8763),(54,8764),(54,8767),(54,8770),(54,8772),(54,8774),(54,8775),(54,8777),(54,8778),(54,8779),(54,8780),(54,8781),(54,8791),(54,8792),(54,8793),(54,8796),(54,8798),(54,8803),(54,8804),(54,8806),(54,8811),(54,8812),(54,8813),(54,8815),(54,8816),(54,8817),(54,8819),(54,8820),(54,8824),(55,6),(55,22),(55,35),(55,36),(55,41),(55,55),(55,59),(55,66),(55,98),(55,104),(55,109),(55,111),(55,121),(55,122),(55,135),(55,145),(55,186),(55,188),(55,191),(55,192),(55,196),(55,207),(55,218),(55,251),(55,280),(55,282),(55,328),(55,336),(55,412),(55,425),(55,462),(55,485),(55,539),(55,555),(55,559),(55,627),(55,663),(55,714),(55,840),(55,881),(55,883),(55,888),(55,896),(55,897),(55,905),(55,983),(55,990),(55,1045),(55,1064),(55,1073),(55,1102),(55,1104),(55,1192),(55,1210),(55,1270),(55,1488),(55,1522),(55,1548),(55,1550),(55,1557),(55,1561),(55,1562),(55,1568),(55,1573),(55,1642),(55,1695),(55,2007),(55,2089),(55,2123),(55,2438),(55,3263),(55,3485),(55,3784),(55,3821),(55,3840),(55,3866),(55,4125),(55,4148),(55,4150),(55,4159),(55,4327),(55,4330),(55,4364),(55,4379),(55,4542),(55,4546),(55,4769),(55,4933),(55,4943),(55,4965),(55,5250),(55,5443),(55,5570),(55,5605),(55,5767),(55,5904),(55,6300),(55,6600),(55,6701),(55,6843),(55,6860),(55,6951),(55,7044),(55,7129),(55,7195),(55,7196),(55,7200),(55,7204),(55,7229),(55,7231),(55,7232),(55,7273),(55,7298),(55,7301),(55,7319),(55,7399),(55,7407),(55,7428),(55,7566),(55,7568),(55,7570),(55,8029),(55,8030),(55,8060),(55,8222),(55,8239),(55,8245),(55,8362),(55,8383),(55,8476),(55,8486),(55,8507),(55,8520),(55,8521),(55,8530),(55,8559),(55,8830),(55,8835),(55,8838),(55,8842),(55,8843),(55,8845),(55,8846),(55,8847),(55,8848),(55,8850),(55,8852),(55,8854),(55,8855),(55,8856),(55,8860),(55,8863),(55,8866),(55,8876),(55,8879),(55,8882),(55,8889),(55,8892),(55,8896),(55,8904),(55,8910),(55,8912),(55,8913),(55,8917),(55,8923),(55,8931),(55,8934),(55,8936),(55,8937),(55,8938),(55,8939),(55,8940),(55,8941),(55,8948),(55,8949),(55,8953),(55,8961),(55,8965),(55,8968),(55,8971),(55,8973),(55,8974),(55,8975),(55,8978),(55,8981),(55,8982),(55,8989),(55,8991),(55,8993),(55,8994),(55,8995),(55,8996),(55,8997),(55,8998),(55,9006),(55,9007),(55,9008),(55,9009),(55,9010),(55,9013),(55,9015),(55,9016),(55,9017),(55,9018),(55,9020),(55,9021),(55,9024),(55,9025),(55,9026),(55,9028),(55,9031),(55,9034),(55,9035),(55,9041);
/*!40000 ALTER TABLE `article_keyword` ENABLE KEYS */;
UNLOCK TABLES;

--
-- Table structure for table `keyword`
--

DROP TABLE IF EXISTS `keyword`;
/*!40101 SET @saved_cs_client     = @@character_set_client */;
/*!40101 SET character_set_client = utf8 */;
CREATE TABLE `keyword` (
  `id` int(11) NOT NULL AUTO_INCREMENT,
  `word` varchar(1024) NOT NULL,
  PRIMARY KEY (`id`),
  UNIQUE KEY `word` (`word`)
) ENGINE=InnoDB AUTO_INCREMENT=9045 DEFAULT CHARSET=utf8;
/*!40101 SET character_set_client = @saved_cs_client */;

--
-- Dumping data for table `keyword`
--

LOCK TABLES `keyword` WRITE;
/*!40000 ALTER TABLE `keyword` DISABLE KEYS */;
INSERT INTO `keyword` VALUES (109,''),(1727,'0100'),(326,'035075'),(688,'084'),(1717,'100'),(6324,'101002hipo22582'),(4578,'101002jbio201100133'),(4390,'101002mus24175'),(4222,'101007s0013401432249'),(550,'101007s0039401818031'),(6756,'101016jchembiol201503010'),(5204,'101016jexpneurol200802012'),(8629,'101016jhealthpol201701010'),(7020,'101016jjaph201809006'),(1767,'101016jjvsv201709010'),(1591,'101016jjvsv201711003'),(728,'101016jjvsv201711015'),(5688,'101016jneuron201803042'),(5794,'101016jnlm201803006'),(7834,'101016jsocscimed201803007'),(903,'101016jstem201712010'),(8458,'101016jypmed201702022'),(6022,'101021acsjnatprod6b01185'),(6596,'101038ismej2015128'),(6907,'101038nn3981'),(5002,'101038nprot201010'),(7528,'101038s413930180174z'),(1422,'101038s415360170026z'),(351,'101038s4159801832613w'),(2115,'101056nejmoa1612917'),(5539,'101073pnas1717088115'),(6247,'1010800167683020171383467'),(5924,'1010800167683020171423347'),(7997,'1010801079026820181432308'),(7166,'1010801079026820181523776'),(4888,'101101pdbprot065615'),(4797,'101101pdbtop065607'),(3419,'101111clr13015'),(7,'101111clr13386'),(4077,'101113jphysiol2014282459'),(8152,'101136bmjopen2017017999'),(1246,'101152ajpgi002312017'),(6150,'1011770956797617728592'),(7310,'1011771715163518778301'),(8835,'101186s1288901639544'),(3731,'101186s130540161576y'),(3212,'101186s1339501701359'),(3911,'101186s4063501600834'),(1939,'101194jlrm079459'),(4677,'101371journalpbio1001236'),(4497,'101371journalpone0051980'),(140,'101371journalpone0206403'),(1118,'101530eje170902'),(8346,'1017269cjph1085715'),(7733,'102147copds158614'),(7362,'102147ppas170417'),(5376,'103389fmicb201801730'),(3560,'103389fneur201700075'),(6435,'103390metabo6010002'),(5106,'103791705'),(8426,'109228'),(456,'10center'),(1514,'10department'),(6503,'10strathclyde'),(8757,'10toronto'),(20,'10year'),(8433,'110340'),(8436,'110358'),(8432,'113297'),(3160,'114'),(458,'11department'),(1520,'11faculties'),(7600,'11michael'),(6505,'11scottish'),(6928,'11]'),(7805,'12'),(3163,'122'),(901,'1222177190e7'),(8427,'123299'),(1528,'12bioethics'),(7604,'12schlegeluniversity'),(1244,'13145g566g582'),(1532,'13department'),(7607,'13waterloo'),(1714,'14'),(6577,'1492558'),(1533,'14school'),(7610,'14university'),(5974,'14yearold'),(626,'151'),(4075,'1559316347181'),(1537,'15johnson'),(7611,'15school'),(8725,'160500'),(7731,'161312071216'),(7615,'16department'),(5484,'16s'),(7620,'17school'),(7164,'18118'),(321,'18805724'),(7622,'18centre'),(7623,'19department'),(5946,'1a'),(8543,'1a8'),(4253,'1anesthesiology'),(969,'1biomedical'),(5119,'1brain'),(6617,'1center'),(8863,'1centre'),(1811,'1dante'),(37,'1department'),(1623,'1division'),(1408,'1endothelial'),(5221,'1graduate'),(767,'1instituto'),(7559,'1leslie'),(8708,'1m8'),(1462,'1national'),(6472,'1qa'),(7751,'1respiratory'),(7861,'1saint'),(177,'1school'),(6464,'1scottish'),(1152,'1section'),(8879,'1t8'),(5406,'1the'),(8184,'1toronto'),(3447,'1unit'),(6058,'1unité'),(8541,'1v7'),(8508,'1w8'),(7332,'1womens'),(6483,'1xq'),(3253,'1z3'),(8344,'201081e7e13'),(4495,'2012712e51980'),(8125,'214'),(3247,'2172176'),(6020,'22801128632873'),(6754,'23224460471'),(8112,'233'),(8150,'2479e017999'),(303,'25'),(138,'251310e0206403'),(556,'25ohd'),(672,'25ohd2'),(8141,'273'),(1713,'28'),(684,'283'),(2113,'283771312281239'),(5686,'2983645657e6'),(8694,'2a2'),(3456,'2ardec'),(2024,'2b'),(8755,'2b4'),(3775,'2berlin'),(3255,'2centre'),(1821,'2dante'),(411,'2department'),(1635,'2division'),(6078,'2institut'),(7566,'2institute'),(777,'2instituto'),(596,'2interdisciplinary'),(3959,'2klinik'),(7337,'2leslie'),(184,'2lung'),(7759,'2rehabilitation'),(1474,'2riken'),(8743,'2s8'),(1163,'2section'),(6631,'2skaggs'),(1989,'2st'),(6475,'2strathclyde'),(3599,'2the'),(7870,'2toronto'),(44,'2university'),(694,'30'),(7308,'301514228232'),(5537,'3111531e7418e7427'),(7807,'355'),(7470,'36'),(8110,'367'),(1698,'36item'),(301,'399'),(1009,'3biomedical'),(7209,'3c'),(422,'3center'),(7570,'3centre'),(4868,'3d'),(201,'3department'),(1636,'3division'),(5572,'3g3'),(8195,'3gerstein'),(6089,'3institut'),(7341,'3institute'),(1480,'3keio'),(7763,'3leslie'),(8498,'3m2'),(8514,'3m5'),(8762,'3m6'),(8534,'3m7'),(1915,'3month'),(5721,'3neuroscience'),(6485,'3scottish'),(5422,'3sediment'),(7874,'3toronto'),(1822,'3unilago'),(47,'3university'),(7469,'4'),(6558,'40'),(858,'41'),(7127,'4144'),(6940,'41]'),(6559,'42'),(7719,'441259'),(7124,'4482'),(859,'451'),(5280,'4aminopyridine'),(49,'4ardec'),(1018,'4biomedical'),(8528,'4centre'),(3316,'4cv'),(7215,'4d'),(8889,'4dalla'),(208,'4department'),(7346,'4faculty'),(1483,'4keio'),(6487,'4matis'),(3971,'4neurology'),(430,'4novystem'),(1996,'4providence'),(8719,'4r2'),(7577,'4rehabilitation'),(8710,'4school'),(6826,'4skaggs'),(5430,'4strathclyde'),(3466,'4university'),(8106,'50'),(6944,'51]'),(7122,'537'),(4477,'55'),(7683,'56'),(1019,'5biomedical'),(6828,'5center'),(431,'5centre'),(3468,'5department'),(608,'5division'),(7218,'5e'),(3974,'5experimental'),(6492,'5faculty'),(214,'5immunotransfusional'),(8892,'5institute'),(7580,'5leslie'),(7348,'5north'),(3785,'5research'),(8721,'5toronto'),(7883,'5university'),(3430,'5year'),(1716,'60'),(302,'601'),(3665,'60125'),(4988,'612'),(7360,'61216991715'),(1735,'618'),(7655,'66+'),(124,'67'),(1025,'6biomedical'),(8542,'6centre'),(3788,'6cro'),(219,'6department'),(438,'6division'),(7224,'6f'),(3984,'6heart'),(7581,'6institute'),(8896,'6leslie'),(6495,'6matis'),(3422,'6mmlong'),(1916,'6month'),(8729,'6morton'),(1492,'6national'),(3469,'6poi'),(8210,'6school'),(7885,'6university'),(848,'70'),(7806,'74'),(855,'745'),(7693,'75'),(680,'751880'),(3990,'7berlin'),(2007,'7department'),(227,'7dipartimento'),(3791,'7dzhk'),(7227,'7g'),(446,'7heidelberg'),(619,'7interdisciplinary'),(1494,'7john'),(6497,'7matis'),(1036,'7mrc'),(7582,'7rehabilitation'),(6564,'8'),(854,'82'),(1041,'8biomedical'),(1504,'8california'),(620,'8clinical'),(2008,'8department'),(237,'8dipartimento'),(7234,'8h'),(451,'8laboratory'),(8218,'8leslie'),(8904,'8public'),(8747,'8school'),(7583,'8st'),(6499,'8strathclyde'),(3531,'90'),(108,'917'),(1732,'92'),(7126,'932'),(317,'95'),(8592,'95ci'),(1733,'96'),(1507,'9alden'),(3801,'9berlin'),(454,'9center'),(249,'9department'),(7237,'9i'),(8222,'9institute'),(7590,'9neural'),(6501,'9scottish'),(322,'<'),(879,'<30'),(877,'<40'),(815,'<50'),(878,'<60'),(1682,'>3'),(3672,'>85'),(6161,'a1'),(7742,'a12'),(1459,'a15'),(751,'a2'),(1270,'a3'),(934,'a4'),(5792,'a4056'),(7548,'a6'),(1527,'ab'),(3020,'abbott'),(4038,'abductor'),(1874,'aberdeen'),(6159,'abilities'),(5283,'ability'),(1853,'ablation'),(4067,'abnormal'),(3295,'abnormalities'),(142,'abo'),(4766,'abolishes'),(1344,'abrogated'),(8304,'abstracted'),(5873,'abstraction'),(8294,'abstracts'),(491,'abundance'),(83,'abutments'),(5534,'acad'),(7062,'academic'),(50,'academy'),(7513,'access'),(1348,'accompanied'),(6652,'account'),(8812,'accountability'),(5765,'accumbens'),(3679,'accumulated'),(3621,'accumulating'),(1077,'accumulation'),(832,'accuracy'),(3061,'acheatel'),(1745,'achieved'),(355,'acid'),(487,'acidenriched'),(71,'acidetched'),(1406,'acidprotective'),(1319,'acids'),(4641,'acquired'),(6725,'acquisition'),(4117,'acting'),(6538,'actinobacteria'),(6515,'actinomyces'),(6679,'actinomycete'),(4546,'action'),(1561,'actionable'),(6951,'actions'),(1067,'activated'),(508,'activation'),(3821,'active'),(1913,'activities'),(4141,'activity'),(4175,'activitydependent'),(148,'acute'),(2470,'adamkova'),(6062,'adaptation'),(5781,'adaptive'),(5847,'adaptively'),(2588,'adawi'),(885,'added'),(3115,'adding'),(4463,'addition'),(7273,'additional'),(775,'address'),(1369,'adenine'),(6584,'adenocarcinoma'),(8061,'adequately'),(7358,'adherence'),(8595,'adjusting'),(540,'adjuvant'),(2868,'adler'),(3146,'administered'),(7621,'administration'),(7640,'administrative'),(8775,'administrators'),(285,'admitted'),(7410,'adopt'),(1202,'adrenal'),(291,'adult'),(713,'adults'),(793,'advanced'),(5139,'advantage'),(5355,'advantages'),(3192,'adverse'),(8792,'advocacy'),(2152,'af'),(1149,'af2'),(1004,'affairs'),(5248,'affect'),(3358,'affected'),(2075,'affecting'),(1616,'ag2'),(670,'age'),(8938,'agencies'),(8269,'agency'),(3633,'agents'),(1194,'agerelated'),(564,'agespecific'),(998,'aging'),(2247,'aguliera'),(2514,'ah'),(552,'ahead'),(273,'ahrf'),(267,'aim'),(8389,'aimed'),(2320,'aizenberg'),(7556,'ak61819'),(7186,'ak67'),(2262,'akerblom'),(3086,'akinboboye'),(3012,'akpunonu'),(1024,'al'),(1510,'albany'),(1525,'alberta'),(4829,'albino'),(2645,'alcocer'),(1295,'alcohol'),(1314,'alcoholconsuming'),(1254,'alcoholic'),(2263,'alexander'),(2803,'alfonso'),(4617,'algorithm'),(663,'aligned'),(9016,'aligning'),(9008,'alignment'),(2264,'alkhatib'),(8168,'allin'),(4772,'allowing'),(743,'almeida'),(3678,'als'),(4874,'altered'),(1006,'alto'),(2806,'alvarez'),(2316,'alvarisqueta'),(572,'am12'),(753,'am2'),(2455,'amador'),(2258,'ambrish'),(2595,'ambrosio'),(2016,'ambulation'),(1948,'ambulatory'),(3656,'amd3100'),(478,'ameliorate'),(357,'ameliorates'),(494,'amelioration'),(2341,'amerena'),(2102,'american'),(354,'amino'),(690,'amounts'),(3996,'amplitudes'),(3200,'amylin'),(3573,'amyotrophic'),(202,'anaesthesia'),(3240,'anaesthesiology'),(1677,'analog'),(328,'analyses'),(104,'analysis'),(7661,'analytical'),(3051,'anastasi'),(5993,'anatomical'),(801,'anatomy'),(2171,'anderson'),(2607,'andersone'),(3694,'andor'),(758,'andrade'),(5428,'andrews'),(2947,'anekwe'),(238,'anestesia'),(220,'anesthesia'),(1976,'anesthesiology'),(1128,'aneuploidies'),(1169,'aneuploidy'),(2694,'ang'),(2751,'angelescu'),(2808,'angustias'),(2027,'animal'),(3111,'ann'),(2257,'anoop'),(6028,'antagonism'),(6525,'antarctic'),(6130,'antibiosis'),(6703,'antibiotic'),(6956,'anticipation'),(5320,'antiepileptic'),(1402,'antireactive'),(1145,'anzuini'),(2817,'aomar'),(3335,'aortic'),(2521,'aoy'),(2142,'ap'),(2060,'apoe'),(3360,'apoenull'),(3319,'apolipoprotein'),(4166,'apoptosis'),(4186,'apoptotic'),(6180,'apparent'),(3719,'appears'),(2515,'appel'),(3895,'applicability'),(3867,'application'),(4859,'applications'),(5290,'applied'),(4618,'apply'),(7813,'applying'),(5057,'approach'),(6892,'approaches'),(5072,'approximately'),(5004,'apr'),(8627,'apr1214389396'),(1116,'apr1784343352'),(4220,'apr40452838'),(4430,'apr5146245'),(4431,'apr5146256'),(2206,'aps'),(2750,'ar'),(3087,'arauzpacheco'),(470,'architecture'),(258,'ards'),(3485,'area'),(1565,'areas'),(1558,'arena'),(6697,'arenicola'),(1351,'arginine'),(2958,'argoud'),(5868,'argue'),(2796,'arguelles'),(8520,'ariel'),(3458,'ariminum'),(6946,'arise'),(6969,'arises'),(7130,'arising'),(784,'ariz'),(780,'arizona'),(8257,'arksey'),(2265,'armaganijan'),(2743,'aron'),(2921,'aronoff'),(5305,'arrest'),(2453,'arroyo'),(7947,'arthritis'),(5176,'article'),(7267,'articles'),(133,'as'),(2885,'asamoahowusu'),(6452,'ásgeirsdóttir'),(1321,'asked'),(604,'asklepios'),(711,'aspect'),(1205,'aspects'),(5058,'assay'),(5467,'assemblages'),(3337,'assess'),(641,'assessed'),(6217,'assessing'),(4306,'assessment'),(1686,'assigned'),(8313,'assist'),(4480,'assistance'),(1731,'assisted'),(7016,'assoc'),(5744,'associate'),(276,'association'),(5768,'associations'),(6203,'associative'),(222,'asst'),(7901,'assumption'),(5971,'atelectasis'),(3338,'atherosclerosis'),(3385,'atherosclerotic'),(2183,'athwal'),(4154,'atp'),(4361,'atrogin1'),(2013,'atrophy'),(4202,'attempt'),(3649,'attempted'),(7098,'attempts'),(7980,'attending'),(8229,'attention'),(1542,'attracted'),(3398,'attributable'),(625,'auenbruggerplatz'),(548,'aug'),(6322,'aug2689951007'),(7981,'augmenting'),(3772,'augustenburger'),(2621,'augusteniene'),(1035,'australia'),(616,'austria'),(35,'author'),(342,'authors'),(8139,'autonomic'),(2234,'av'),(5525,'availability'),(6085,'avenue'),(676,'average'),(4688,'awake'),(7712,'award'),(3230,'ay12'),(3059,'azad'),(2945,'azizad'),(744,'b1'),(1457,'b14'),(1138,'b2'),(8718,'b3h'),(584,'b5'),(6033,'bacillus'),(627,'background'),(5491,'bacteria'),(5381,'bacterial'),(6122,'bacterium'),(5493,'bacteroidetes'),(2822,'badat'),(2941,'bain'),(3052,'bajaj'),(1413,'balance'),(3101,'baldauf'),(31,'baldi'),(2819,'balsells'),(2376,'bandeira'),(362,'banfi'),(2762,'barbarash'),(2865,'barber'),(568,'barbieri'),(2572,'barkai'),(2974,'baron'),(2642,'barrientos'),(3619,'barrier'),(8948,'barriers'),(2266,'barros'),(2611,'barsiene'),(955,'barta'),(2922,'bartkowiak'),(2330,'bartolacci'),(555,'based'),(1696,'baseline'),(2582,'bashkin'),(6234,'basic'),(5289,'bath'),(8741,'bathurst'),(2267,'batit'),(2185,'batra'),(6917,'bb1'),(5701,'bb2'),(3620,'bbb'),(982,'bc'),(489,'bcaaem'),(497,'bcaaemtreated'),(1320,'bcaas'),(2484,'becker'),(8793,'behalf'),(4034,'behavior'),(5285,'behavioral'),(7413,'behaviors'),(7908,'behaviours'),(370,'belicchi'),(2407,'bell'),(371,'bella'),(174,'bellani'),(2870,'bellary'),(2801,'bellido'),(6535,'belonged'),(6540,'belonging'),(2671,'bemmel'),(3404,'benefit'),(7134,'benefits'),(6224,'benefitted'),(1438,'benjaminy'),(2860,'benjasuratwong'),(3090,'benson'),(2585,'bental'),(5380,'benthic'),(8655,'bereket'),(2913,'berenfus'),(2248,'bergenstal'),(3093,'berk'),(3771,'berlin'),(3467,'bern'),(2268,'bernacki'),(2269,'bernandez'),(1971,'bernatchez'),(3989,'bernau'),(45,'berne'),(2942,'bestermann'),(756,'beteli'),(2126,'bethel'),(2550,'bezzegh'),(2738,'bh'),(3005,'bhargava'),(3108,'bhatt'),(5611,'bias'),(5490,'biased'),(2959,'bickel'),(5278,'bicuculline'),(2518,'bieler'),(3928,'bierbrauer'),(379,'bifari'),(3778,'bih'),(5989,'bilateral'),(6588,'bioactive'),(6581,'bioactivity'),(1032,'biochemistry'),(4552,'biocompatibility'),(4536,'biocompatible'),(5460,'biodiversity'),(1509,'bioethics'),(1395,'biogenesis'),(5384,'biogeochemical'),(6571,'biogeographic'),(6891,'bioinformatic'),(4674,'biol'),(6520,'biological'),(6238,'biologically'),(185,'biology'),(38,'biomedical'),(1030,'biomedicine'),(4575,'biophotonics'),(6441,'bioprospecting'),(4315,'biopsies'),(4320,'biopsy'),(6718,'biosynthetic'),(428,'biotechnology'),(3029,'biscoveanu'),(1794,'bl2'),(3047,'bland'),(4658,'bleedthrough'),(2840,'blignaut'),(1692,'blinded'),(4763,'blockade'),(936,'blonigan'),(143,'blood'),(3618,'bloodbrain'),(2270,'bloomfield'),(1424,'blueprint'),(3078,'blumberg'),(8703,'blvd'),(2536,'bm'),(8830,'bmc'),(3660,'bmdc'),(3615,'bmdcs'),(519,'bmderived'),(8468,'bmi'),(8147,'bmj'),(2393,'bobeva'),(6262,'bodily'),(4970,'body'),(2513,'boenninghoff'),(3019,'boggs'),(5760,'bold'),(42,'bologna'),(594,'bolzano'),(8682,'bond'),(2771,'bondar'),(90,'bone'),(8486,'booth'),(2364,'borges'),(2793,'botella'),(2456,'botero'),(2903,'botsyurko'),(33,'botticelli'),(2422,'bourgeois'),(8714,'box'),(5975,'boy'),(2529,'bpy'),(3378,'brachii'),(4103,'brain'),(486,'branchedchain'),(3985,'brandenburg'),(2505,'braun'),(773,'brazil'),(6446,'brennan'),(1291,'brescia'),(3062,'bressler'),(4040,'brevis'),(213,'brianza'),(7142,'bridge'),(8215,'bridgepoint'),(3544,'bridges'),(4533,'bright'),(979,'british'),(2274,'brito'),(5904,'broad'),(4622,'broadening'),(1549,'broader'),(7747,'brooks'),(6052,'brunelle'),(776,'brunolorencao@gmailcom'),(4093,'brusco'),(2472,'brychta'),(6787,'bs3'),(6825,'bsmoore@ucsdedu'),(2780,'buganova'),(6186,'build'),(197,'building'),(8843,'built'),(2882,'bundy'),(7407,'burden'),(7512,'burdenfree'),(8380,'burgeoning'),(3596,'burnaby'),(3262,'burrard'),(2500,'busch'),(2133,'buse'),(3634,'busulfan'),(3723,'busulfanconditioned'),(2586,'butnaru'),(8824,'bv'),(2966,'bybee'),(1101,'bypass'),(1262,'c1'),(1966,'c12'),(7322,'c12345'),(1960,'c23'),(367,'c3'),(952,'c4'),(3442,'c5'),(960,'c6'),(382,'c9'),(245,'ca'),(6395,'ca1'),(3581,'ca2'),(4155,'ca2+'),(2640,'cabrera'),(7177,'cadel'),(6042,'caer'),(933,'cait'),(4726,'calcium'),(5062,'calciumsensitive'),(7670,'calculated'),(2315,'calella'),(2157,'califf'),(6624,'california'),(7081,'call'),(7137,'calls'),(2888,'calvert'),(7547,'calzavara'),(7037,'cameron'),(1820,'camilabaumann@yahoocombr'),(383,'campaner'),(2177,'campbell'),(3766,'campus'),(983,'canada'),(3018,'canadas'),(7442,'canadian'),(7471,'canadians'),(441,'cancer'),(3616,'capable'),(840,'capacity'),(522,'capillary'),(2625,'caponis'),(3191,'carcinoma'),(3283,'cardiac'),(770,'cardiologia'),(1814,'cardiology'),(2120,'cardiovascular'),(7702,'cardiovascularrelated'),(204,'care'),(2830,'carimganey'),(3057,'carr'),(1267,'carruba'),(3473,'cartagena'),(499,'cascade'),(4164,'cascades'),(5973,'case'),(1188,'casecontrol'),(1343,'casein'),(1365,'caseinderived'),(656,'cases'),(4187,'caspases'),(834,'categories'),(4027,'categorized'),(2252,'caterson'),(6103,'cathedral'),(2703,'catindig'),(498,'caused'),(759,'cavalcante'),(3036,'cavale'),(790,'cavaliliac'),(2598,'cavarape'),(1789,'cb1'),(757,'cb2'),(958,'cb4'),(2533,'cc'),(4409,'cd'),(3939,'cd3'),(448,'cell'),(4872,'cellautonomous'),(440,'cells'),(1411,'cellular'),(86,'cemented'),(599,'center'),(3622,'central'),(2077,'centrally'),(191,'centre'),(4179,'centres'),(406,'centro'),(6125,'cephalotaxus'),(2799,'cerezo'),(8105,'cervical'),(2368,'chacra'),(2981,'chadha'),(1363,'chain'),(6683,'challenge'),(4123,'challenged'),(4965,'challenges'),(6662,'challenging'),(5094,'chamber'),(1961,'chan'),(3887,'chance'),(3046,'chane'),(926,'chang'),(1695,'change'),(5450,'changing'),(4019,'channel'),(4005,'channels'),(6523,'characterised'),(822,'characteristic'),(7091,'characteristics'),(5259,'characterize'),(4340,'characterized'),(4809,'charged'),(3798,'charité'),(3770,'charitéuniversitätsmedizin'),(7089,'chart'),(7447,'charting'),(2887,'chatterjee'),(2681,'chaudhri'),(8009,'chaudhry'),(2635,'cheah'),(6751,'chem'),(622,'chemical'),(6516,'chemically'),(6113,'chemistry'),(5291,'chemoconvulsants'),(3632,'chemotherapeutic'),(3631,'chemotherapy'),(2847,'chen'),(2400,'cheung'),(2524,'cheungwong'),(3671,'chimerism'),(6079,'chimie'),(2137,'choi'),(1650,'choice'),(6911,'choices'),(1229,'cholesterol'),(5898,'cholinergicallymediated'),(6547,'chosen'),(3325,'chow'),(644,'chromatography'),(1168,'chromosome'),(1130,'chromosomes'),(7726,'chron'),(794,'chronic'),(2522,'chu'),(325,'ci'),(2592,'cignarelli'),(4441,'cim'),(4470,'cimcip'),(7777,'cinahl'),(3997,'cip'),(5040,'circuit'),(5368,'circuits'),(1317,'circulating'),(3693,'circulation'),(8352,'city'),(211,'civile'),(2468,'cj'),(3348,'ck'),(927,'ck4'),(7533,'claims'),(7136,'clarification'),(2875,'clark'),(803,'class'),(7659,'classes'),(1124,'classic'),(4113,'classical'),(4165,'classically'),(8978,'classified'),(2271,'clausen'),(2957,'claxton'),(1033,'clayton'),(5501,'clear'),(1,'clin'),(605,'clinic'),(55,'clinical'),(3874,'clinically'),(3202,'clinicaltrialsgov'),(5302,'clonuslike'),(4364,'closely'),(6848,'cluster'),(4681,'clustering'),(4756,'clusters'),(2594,'cm'),(6072,'cnrs'),(3625,'cns'),(5455,'co2'),(5386,'coastal'),(5846,'codes'),(4774,'coding'),(324,'coefficient'),(2831,'coetzee'),(2845,'coetzer'),(5776,'cognitive'),(3030,'cohen'),(8463,'cohesion'),(21,'cohort'),(4789,'cold'),(2194,'coleman'),(8934,'collaboration'),(2156,'collaborators'),(8216,'collaboratory'),(857,'collaterals'),(8260,'colleagues'),(282,'collected'),(9010,'collective'),(1039,'college'),(2203,'collier'),(2335,'colman'),(3476,'colombia'),(6583,'colon'),(3652,'colonystimulating'),(8111,'colorectal'),(2344,'colquhoun'),(980,'columbia'),(4539,'combination'),(3323,'combined'),(4863,'combining'),(8079,'comfort'),(4178,'command'),(1645,'comment'),(7131,'comments'),(664,'commercial'),(462,'common'),(6707,'commonly'),(1572,'communication'),(1547,'communities'),(1573,'community'),(8443,'communitybased'),(3856,'comparative'),(1658,'compare'),(263,'compared'),(1597,'comparing'),(6744,'compete'),(344,'competing'),(6139,'competition'),(6599,'competitive'),(4398,'complete'),(5633,'completion'),(535,'complex'),(7608,'complexity'),(1905,'complication'),(115,'complications'),(6872,'components'),(3136,'composite'),(5505,'composition'),(6850,'compound'),(6589,'compounds'),(1902,'compressibility'),(739,'compression'),(5738,'comprise'),(5775,'computational'),(6235,'computations'),(5982,'computed'),(6810,'computer'),(7774,'computerbased'),(677,'concentration'),(667,'concentrations'),(6852,'concept'),(8548,'concerns'),(4767,'conclude'),(122,'conclusion'),(882,'conclusions'),(8700,'concordia'),(3636,'condition'),(3628,'conditioned'),(3684,'conditioning'),(653,'conditions'),(8941,'conducive'),(7428,'conducted'),(4026,'conduction'),(318,'confidence'),(5695,'configural'),(5736,'configurations'),(1215,'confirmed'),(339,'conflict'),(5861,'conflicting'),(7522,'conflicts'),(6124,'conifer'),(5844,'conjunctive'),(8647,'conklin'),(7710,'connaught'),(5763,'connectivity'),(8744,'conniemarras@utorontoca'),(79,'consecutive'),(3299,'consequence'),(5258,'consequences'),(6879,'considerable'),(105,'considered'),(6229,'consistent'),(5292,'consistently'),(699,'constant'),(2760,'constantinescu'),(8965,'consultations'),(1296,'consumption'),(4854,'contact'),(6574,'contained'),(467,'content'),(6420,'context'),(8057,'contextobjective'),(7104,'continuity'),(707,'continuous'),(5830,'contradictory'),(4399,'contrary'),(4061,'contrast'),(2810,'contreras'),(4371,'contribute'),(3314,'contribution'),(3395,'contributors'),(4151,'control'),(1773,'controlled'),(4199,'controlling'),(1193,'controls'),(7108,'convenience'),(1836,'conventional'),(6416,'conversely'),(5315,'convulsants'),(5301,'convulsive'),(2423,'conway'),(6739,'cooccurring'),(4718,'coordinated'),(7738,'copd'),(7252,'cope'),(3144,'coprimary'),(886,'copyright'),(1500,'coral'),(3567,'cord'),(2992,'corder'),(1463,'core'),(3183,'coronary'),(2452,'coronel'),(253,'correlate'),(4336,'correlated'),(6962,'correlates'),(731,'correlation'),(4650,'correlationtosample'),(5517,'corresponded'),(1259,'corsetti'),(5641,'cortex'),(5875,'cortical'),(7501,'cost'),(2379,'costa'),(8231,'costeffective'),(7364,'costrelated'),(7405,'costs'),(629,'countries'),(6729,'coupled'),(6992,'covaried'),(5499,'coverage'),(2662,'cox'),(6073,'cp'),(2466,'cr'),(7713,'craig'),(2682,'crawford'),(8997,'create'),(3346,'creatine'),(8847,'creatore'),(5894,'creb'),(2333,'crimmins'),(3727,'crit'),(7284,'criteria'),(221,'critical'),(3805,'critically'),(7414,'crna'),(3688,'cross'),(2059,'crossing'),(1187,'crosssectional'),(4547,'crosssections'),(92,'crownimplant'),(13,'crowns'),(3716,'crucial'),(2322,'cruciani'),(6773,'crüsemann'),(5984,'ct'),(2997,'cuddihy'),(6193,'cue'),(5752,'cues'),(2757,'culman'),(1059,'culture'),(1085,'cultures'),(3529,'cumulative'),(190,'cúram'),(2460,'cure'),(8261,'current'),(4031,'currentthreshold'),(871,'curve'),(823,'curves'),(2700,'custodio'),(4634,'custombuilt'),(2687,'cutfield'),(6075,'cuvier'),(1662,'cvd'),(2728,'cw'),(2848,'cy'),(6701,'cycle'),(5385,'cycling'),(2707,'cylkowska'),(2559,'czegany'),(5017,'d1'),(7748,'d125'),(6047,'d2'),(1435,'d234'),(3444,'d26'),(6447,'d3'),(34,'d4'),(6921,'da3'),(8370,'daegu'),(534,'dag'),(3074,'dagostino'),(4481,'daily'),(7325,'dainty'),(7220,'dalhousie'),(8529,'dalla'),(1415,'damage'),(1048,'damaged'),(2388,'damyanova'),(7195,'dan'),(2867,'dang'),(768,'dante'),(364,'dantona'),(2614,'danyte'),(2181,'darbyshire'),(2089,'data'),(7265,'databases'),(6839,'date'),(3041,'dauber'),(2624,'dauksiene'),(5560,'davachi'),(6502,'davidgreen@samsacuk'),(3008,'davies'),(3104,'davis'),(5702,'daw'),(2879,'dawson'),(4356,'day'),(2999,'dayamani'),(308,'days'),(2527,'dc'),(742,'de'),(3063,'dean'),(7497,'dearth'),(3139,'death'),(6486,'debrabrennan@samsacuk'),(9,'dec'),(3417,'dec281214781483'),(5,'dec291212121219'),(3909,'dec4110'),(6227,'decayed'),(287,'december'),(6026,'decipher'),(6963,'decision'),(5605,'decisionmaking'),(5547,'decisions'),(1580,'declare'),(343,'declared'),(3285,'decline'),(1721,'declined'),(6979,'decodable'),(4584,'deconvolution'),(4625,'deconvolving'),(1221,'decrease'),(4369,'decreased'),(4753,'decreasing'),(1062,'deeper'),(1302,'defective'),(1387,'defects'),(6178,'deficiencies'),(633,'deficiency'),(685,'deficient'),(7658,'defined'),(234,'degli'),(4227,'degradation'),(3690,'degree'),(7601,'degroote'),(231,'dei'),(4407,'deja'),(2225,'del'),(3980,'delbrück'),(2332,'delcourt'),(2091,'deleterious'),(7931,'delivered'),(4807,'delivering'),(119,'delivery'),(6044,'dellanegra'),(7179,'deluca'),(9021,'demand'),(4122,'demands'),(4551,'demonstrate'),(475,'demonstrated'),(6586,'demonstrating'),(4135,'dendrites'),(2441,'deng'),(2968,'denham'),(2693,'denopol'),(523,'density'),(3462,'dental'),(426,'department'),(6636,'departments'),(5754,'depended'),(7465,'depending'),(6191,'depends'),(6709,'depletion'),(4008,'depolarization'),(4054,'depolarized'),(3387,'deposition'),(7314,'deprescribing'),(5082,'depression'),(8604,'deprivation'),(6886,'depsipeptide'),(1891,'depth'),(4544,'derivatives'),(6063,'des'),(275,'describe'),(6298,'describes'),(7660,'descriptive'),(1186,'design'),(7066,'designed'),(8939,'designing'),(8275,'designs'),(5177,'detail'),(6354,'details'),(4983,'detectable'),(5349,'detected'),(6849,'detection'),(4620,'detector'),(7439,'determinants'),(268,'determine'),(4335,'determined'),(7147,'determining'),(3034,'detweiler'),(442,'deutsches'),(4267,'devastating'),(7301,'develop'),(628,'developed'),(4021,'developing'),(1045,'development'),(1476,'developmental'),(3288,'develops'),(194,'devices'),(5558,'devinsky'),(2275,'devore'),(2563,'dezso'),(2756,'dg'),(3307,'dgc'),(6457,'dh9'),(1223,'dheas'),(6070,'dhistoire'),(228,'di'),(2123,'diabetes'),(610,'diabetology'),(292,'diagnosed'),(736,'diagnosis'),(825,'diagnostic'),(624,'diagnostics'),(3961,'diagnostische'),(6120,'dialogue'),(2674,'diamant'),(1890,'diameter'),(2082,'diaphragm'),(2241,'diaz'),(102,'died'),(6626,'diego'),(1339,'diet'),(484,'dietary'),(3371,'dietfed'),(3328,'diets'),(1179,'differ'),(1886,'difference'),(565,'differences'),(5769,'differential'),(6601,'differentiate'),(5848,'differentiated'),(1069,'differentiationprimed'),(6006,'differs'),(3083,'digiovanna'),(4931,'dimensions'),(3818,'diminishing'),(2863,'dimitropoulos'),(407,'dino'),(1370,'dinucleotide'),(5981,'diplopia'),(4126,'direct'),(4862,'directed'),(4143,'directly'),(7729,'dis'),(4272,'disability'),(4437,'discharge'),(7520,'disclosure'),(8817,'discourse'),(6838,'discovered'),(1031,'discovery'),(5666,'discrimination'),(5184,'discuss'),(4860,'discussed'),(7135,'discussion'),(1105,'disease'),(1049,'diseased'),(3682,'diseasedependent'),(8245,'diseases'),(4203,'disentangle'),(725,'disord'),(8733,'disorders'),(7650,'dispensed'),(3383,'displayed'),(4342,'disrupted'),(8310,'dissemination'),(7003,'dissociate'),(6418,'dissociation'),(77,'distal'),(4754,'distant'),(2820,'distiller'),(1233,'distinct'),(4440,'distinction'),(5837,'distinctiveness'),(5146,'distinguishing'),(5834,'distorts'),(256,'distress'),(666,'distribution'),(592,'district'),(4276,'disturbed'),(5515,'diurnal'),(6677,'divergence'),(4775,'diverse'),(5382,'diversity'),(813,'divided'),(1465,'division'),(2680,'dixon'),(5401,'dm3'),(461,'dmd'),(1359,'dna'),(4924,'dnaexpressing'),(940,'doan'),(7695,'doctor'),(1665,'documented'),(2764,'dogadin'),(6,'doi'),(5700,'doll'),(2276,'dombrowski'),(5495,'dominated'),(375,'donato'),(2451,'dong'),(3643,'donor'),(3031,'donovan'),(5902,'dopaminergicallymediated'),(6611,'dorrestein'),(2374,'dos'),(3130,'dose'),(5298,'dosedependent'),(3663,'doses'),(1771,'doubleblind'),(1595,'doubleblinded'),(2063,'doubleknockout'),(1384,'downregulated'),(5554,'doyle'),(6855,'draft'),(2043,'dramatic'),(2233,'dreval'),(2346,'drexel'),(5443,'drive'),(5379,'driven'),(7401,'drivers'),(4682,'drives'),(106,'drop'),(1726,'dropped'),(5321,'drug'),(4818,'drugs'),(5115,'ds1'),(2439,'du'),(2417,'dube'),(460,'duchenne'),(4002,'due'),(2509,'duengen'),(2933,'duganodaphnis'),(3075,'dulin'),(2408,'dumas'),(5402,'duncan'),(5715,'duncan@psychutorontoca'),(4693,'dunfield'),(3089,'dungan'),(2685,'dunn'),(1862,'duplex'),(2186,'durborow'),(2976,'dushkin'),(2523,'dw'),(4643,'dwell'),(8406,'dwelling'),(4928,'dye'),(4557,'dyefilled'),(4532,'dyes'),(4225,'dynamics'),(2037,'dysf'),(2064,'dysfapoe'),(2057,'dysfdeficient'),(2036,'dysferlinnull'),(2092,'dysferlinopathic'),(2018,'dysferlinopathies'),(2099,'dysferlinopathy'),(1299,'dysfunction'),(1176,'dysgenesis'),(8140,'dysreflexia'),(479,'dystrophic'),(529,'dystrophin'),(532,'dystrophinassociated'),(3286,'dystrophindeficient'),(359,'dystrophy'),(2230,'dziemidok'),(2778,'dzupina'),(28,'e1'),(386,'e10'),(157,'e123'),(6433,'e2'),(943,'e4'),(1437,'e5'),(376,'e567'),(6451,'e6'),(2704,'ea'),(2277,'eapen'),(6276,'ear'),(2995,'earl'),(1218,'earlier'),(4341,'early'),(8555,'eating'),(2951,'eaton'),(2355,'ebenbichler'),(2692,'ebo'),(2823,'ebrahim'),(1843,'ec'),(1744,'echo'),(3329,'echocardiogram'),(2988,'eckel'),(141,'ecollection'),(6659,'ecological'),(5423,'ecology'),(8991,'economic'),(5461,'ecosystem'),(240,'ed'),(8735,'edmond'),(1526,'edmonton'),(6458,'edradaebel'),(8599,'education'),(8203,'educationcenter'),(1857,'effect'),(539,'effective'),(7897,'effectiveness'),(1347,'effects'),(1855,'efficacy'),(4630,'efficiency'),(4773,'efficient'),(3689,'efficiently'),(6878,'efforts'),(2608,'eglite'),(2676,'eh'),(4472,'eightyeight'),(3053,'eisen'),(951,'eisner'),(3064,'el'),(715,'elderly'),(4848,'electric'),(4951,'electrical'),(4808,'electrically'),(1776,'electrocoagulation'),(5637,'electrocorticography'),(4835,'electrode'),(5313,'electrographic'),(297,'electronic'),(4000,'electrophysiological'),(4799,'electroporation'),(4036,'electrotonus'),(5737,'elements'),(3318,'elevated'),(2584,'elias'),(2369,'eliaschewitz'),(5033,'elicit'),(6210,'elicited'),(1684,'eligible'),(2172,'elkins'),(2401,'elliott'),(2837,'ellis'),(892,'elsevier'),(1426,'elsi'),(6877,'elucidation'),(4541,'elusive'),(2487,'em'),(7780,'embase'),(5043,'embryonic'),(5634,'emerge'),(1648,'emerged'),(209,'emergency'),(241,'emergenza'),(7399,'emerging'),(5836,'emphasize'),(5853,'empirical'),(3664,'employed'),(8322,'employers'),(7480,'employment'),(6736,'employs'),(9009,'enable'),(4683,'encoding'),(6388,'encodingretrieval'),(6194,'encountered'),(7646,'encounters'),(7909,'encourages'),(1184,'endocrinal'),(1121,'endocrine'),(1115,'endocrinol'),(609,'endocrinology'),(1155,'endocrinologydepartment'),(3400,'endogenously'),(6030,'endophytes'),(503,'endothelial'),(1659,'endovascular'),(493,'endurance'),(1412,'energy'),(1568,'engagement'),(6812,'engineering'),(2110,'engl'),(8284,'english'),(1071,'engrafting'),(7152,'enhance'),(1096,'enhanced'),(7106,'enhancements'),(4085,'enhancer'),(481,'enhancing'),(5986,'enlargement'),(5957,'enophthalmos'),(507,'enos'),(1325,'enriched'),(4045,'enrolled'),(5038,'ensemble'),(5010,'ensembles'),(4719,'ensure'),(678,'entire'),(5966,'entity'),(8559,'environment'),(5451,'environmental'),(8387,'environments'),(457,'enzonisoli@unimiit'),(1534,'epidemiology'),(5591,'epilepsy'),(5312,'epileptiform'),(6350,'episodic'),(6582,'epithelial'),(521,'eps'),(8,'epub'),(3388,'equal'),(7965,'equation'),(4947,'equipment'),(4651,'equivalent'),(3096,'erickson'),(373,'erratico'),(6998,'error'),(2740,'es'),(2648,'espinosa'),(4191,'essential'),(3967,'esslingen'),(7888,'established'),(3713,'establishment'),(2983,'estevez'),(1336,'ethanol'),(1551,'ethical'),(1571,'ethics'),(800,'etiology'),(1355,'etoh'),(1354,'etohconsuming'),(1337,'etohcontaining'),(1385,'etohexposed'),(1345,'etohinduced'),(546,'eur'),(705,'europe'),(560,'european'),(6496,'evakuttner@matisis'),(53,'evaluate'),(94,'evaluated'),(7153,'evaluating'),(111,'evaluation'),(8993,'evaluations'),(7568,'evaluative'),(3158,'event'),(500,'events'),(4125,'evidence'),(8949,'evidencebased'),(7070,'evidenceinformed'),(6401,'evident'),(4729,'evoked'),(6647,'evolution'),(6674,'evolutionary'),(6742,'evolved'),(3217,'exacerbate'),(3372,'exacerbation'),(8612,'exact'),(8115,'exam'),(4465,'examination'),(1555,'examine'),(5632,'examined'),(5189,'examples'),(5241,'exceptionally'),(3922,'excitability'),(5889,'excitabilitymediated'),(103,'excluded'),(2119,'exenatide'),(471,'exercise'),(2065,'exhibited'),(2039,'exhibiting'),(346,'exist'),(7424,'existing'),(3908,'exp'),(1055,'expand'),(1089,'expanded'),(910,'expansion'),(3877,'expenditure'),(6734,'expense'),(1841,'expensive'),(4709,'experience'),(4770,'experiencedependent'),(5621,'experiences'),(8420,'experiencing'),(5835,'experiential'),(5472,'experiment'),(450,'experimental'),(5096,'experiments'),(9015,'expertise'),(5860,'explain'),(6738,'exploitation'),(7498,'explores'),(7313,'exploring'),(1414,'exposed'),(1356,'exposure'),(3303,'express'),(3645,'expressing'),(513,'expression'),(8328,'expressly'),(6173,'exquisite'),(2153,'exscel'),(3129,'extendedrelease'),(4979,'extending'),(7706,'extensive'),(6182,'extensively'),(3702,'extent'),(5306,'extracellular'),(654,'extracted'),(6553,'extracts'),(6653,'extraordinary'),(5770,'eye'),(24,'f1'),(3434,'f12'),(1455,'f13'),(1140,'f2'),(378,'f3'),(1968,'f356'),(165,'f5'),(380,'f8'),(1044,'fabio@brcubcca'),(3515,'fabricated'),(7484,'face'),(6303,'facilitate'),(6869,'facilitated'),(1075,'facilitates'),(8838,'facilitating'),(3300,'fact'),(511,'factor'),(1361,'factors'),(7196,'faculty'),(2029,'fail'),(5346,'failed'),(151,'failure'),(6212,'familiarity'),(7225,'family'),(6883,'familygene'),(2568,'farago'),(166,'faraldi'),(2377,'farias'),(3002,'farnsworth'),(7041,'farrell'),(2350,'fasching'),(4581,'fast'),(4346,'fasttwitch'),(1305,'fat'),(3178,'fatal'),(495,'fatigue'),(4006,'faulty'),(5899,'favoring'),(7074,'faxing'),(8845,'fazli'),(8882,'fazlig@smhca'),(3937,'fc5'),(867,'fcgrh'),(3739,'feasibility'),(3882,'feasible'),(480,'features'),(900,'feb'),(6594,'feb10247890'),(7018,'feb5917986e1'),(1937,'feb592261272'),(4576,'feb6215362'),(1334,'fed'),(2788,'fedacko'),(8973,'federal'),(4962,'feedback'),(3013,'feinglos'),(2371,'felicio'),(669,'females'),(860,'femoral'),(865,'femorocaval'),(2442,'feng'),(2184,'ferch'),(6552,'fermentation'),(7036,'fernandes'),(2818,'fernández'),(29,'ferraioli'),(408,'ferrari'),(3071,'ferrier'),(1607,'fh1'),(746,'fh2'),(8363,'fi'),(8850,'fi345'),(8483,'fi4'),(3424,'fiberreinforced'),(492,'fibres'),(2072,'fibrofatty'),(6181,'fickleness'),(4639,'fidelity'),(2894,'field'),(3940,'fielitz'),(5429,'fife'),(8124,'fifteen'),(797,'fifty'),(1879,'fiftyseven'),(6141,'fight'),(4836,'filled'),(3381,'finally'),(1582,'financial'),(6406,'find'),(4069,'finding'),(4171,'findings'),(5665,'finegrained'),(6537,'firmicutes'),(2679,'fisher'),(2930,'fishman'),(229,'fisiopatologia'),(4138,'fission'),(3427,'fixed'),(2814,'fj'),(1502,'fl'),(2189,'flanagan'),(5897,'fleeting'),(5766,'flexible'),(5929,'floor'),(1896,'flow'),(8119,'flu'),(5192,'fluorescence'),(3647,'fluorescent'),(5193,'fluorescently'),(4505,'fluorophores'),(966,'fm8'),(6387,'fmri'),(3234,'fmv3'),(4832,'focal'),(3890,'focus'),(5457,'focused'),(5864,'focusing'),(2546,'foldesi'),(4978,'follow'),(11,'followup'),(243,'fondazione'),(2631,'foo'),(2964,'force'),(331,'forced'),(415,'forensic'),(2967,'forker'),(1700,'form'),(8816,'formal'),(4852,'formation'),(8273,'formats'),(4648,'formed'),(464,'forms'),(356,'formula'),(2492,'forst'),(2380,'forti'),(67,'forty'),(7281,'fortytwo'),(6841,'fostered'),(172,'foti'),(874,'found'),(1496,'foundation'),(3040,'fox'),(1730,'fracture'),(4373,'frames'),(8256,'frameworks'),(6077,'france'),(2351,'francesconi'),(3594,'fraser'),(3429,'frcrbfdps'),(2323,'frechtel'),(5286,'freely'),(3502,'frequency'),(843,'frequent'),(1312,'frequently'),(3556,'front'),(6177,'frustrated'),(1209,'ft3'),(1208,'ft4'),(6039,'fu'),(2318,'fuente'),(2829,'fulat'),(126,'full'),(2030,'fully'),(2543,'fulop'),(168,'fumagalli'),(112,'function'),(4090,'functional'),(525,'functionally'),(1203,'functions'),(6157,'fundamental'),(5841,'fundamentally'),(3199,'funded'),(6135,'fungal'),(6121,'fungus'),(3960,'für'),(2905,'fushtey'),(4137,'fusion'),(2549,'futo'),(1563,'future'),(161,'g1'),(173,'g19'),(365,'g2'),(929,'g4'),(7856,'g5'),(171,'g78'),(1443,'g8'),(2544,'gaal'),(1501,'gables'),(1799,'gabriel'),(2202,'gagel'),(2259,'gallegos'),(200,'galway'),(2646,'gamba'),(3091,'gandy'),(2836,'gani'),(6847,'gap'),(7298,'gaps'),(2370,'garbelini'),(2792,'garcia'),(2986,'garvey'),(2650,'garza'),(3376,'gastrocnemius'),(1242,'gastrointest'),(158,'gatti'),(2924,'gaudiani'),(3654,'gcsf'),(2754,'gd'),(2324,'gelersztein'),(2278,'gellad'),(563,'gender'),(8470,'gendered'),(3321,'gene'),(6541,'genera'),(4068,'general'),(5456,'generally'),(9020,'generate'),(651,'generated'),(2056,'generating'),(1425,'generation'),(1405,'genes'),(1079,'genetic'),(974,'genetics'),(4190,'genome'),(432,'genomic'),(1487,'genomics'),(2597,'genovese'),(2001,'george'),(5584,'georges'),(217,'gerardo'),(3787,'geriatrics'),(3792,'german'),(445,'germany'),(3662,'gfp+'),(2633,'ghani'),(3100,'giep'),(6088,'gifsuryvette'),(2811,'gilbert'),(2686,'gillies'),(2012,'girdle'),(566,'giuliani'),(2434,'gj'),(8860,'gl395'),(8487,'gl6'),(5435,'glasgow'),(8364,'glazier'),(995,'glenn'),(1484,'global'),(8913,'globally'),(8730,'gloria'),(533,'glycoprotein'),(4548,'gm'),(3790,'gmbh'),(6449,'gó45'),(3105,'godbole'),(2429,'godoy'),(3102,'golden'),(7745,'goldstein'),(2467,'gomez'),(1201,'gonadal'),(1220,'gonadotropins'),(2363,'gonzaga'),(884,'good'),(2249,'goodman'),(2199,'gorelick'),(2409,'gosselin'),(2166,'gottlieb'),(2832,'govender'),(8811,'governance'),(8937,'government'),(2717,'grabowska'),(866,'gradient'),(733,'gradients'),(1539,'graduate'),(1141,'granato'),(402,'granda'),(246,'grandaospedale'),(223,'grande'),(7718,'grant'),(8329,'granted'),(3651,'granulocyte'),(170,'grasselli'),(2744,'graur'),(3098,'graves'),(615,'graz'),(1780,'great'),(851,'greater'),(2261,'green'),(2411,'greenspoon'),(5392,'gregory'),(5586,'grenada'),(7271,'grey'),(2906,'grishyna'),(942,'groppa'),(3934,'grosskreutz'),(186,'group'),(7914,'groupbased'),(7922,'groupderived'),(671,'groups'),(7248,'growing'),(510,'growth'),(6726,'growthlimiting'),(2504,'grueneberg'),(2940,'grunberger'),(8846,'gs12'),(1839,'gsv'),(1883,'gsvs'),(2435,'gu'),(6491,'gudmundo@matisis'),(747,'guerra'),(7044,'guilcher'),(2279,'guimaraes'),(2437,'guo'),(7371,'gupta'),(2389,'gushterova'),(2138,'gustavson'),(1964,'gw4'),(8372,'gyeongsan'),(2914,'gyrina'),(8754,'h3a'),(8707,'h3g'),(923,'h4'),(8856,'h48'),(3744,'haas'),(5448,'habitats'),(3023,'hagekorban'),(7221,'halifax'),(2280,'halim'),(2880,'hall'),(2017,'hallmark'),(1366,'halted'),(2480,'hamann'),(4237,'hamati'),(935,'hamer'),(2745,'hancu'),(5849,'hand'),(2096,'handling'),(2222,'hanefeld'),(2164,'hannan'),(3066,'haque'),(4791,'harb'),(3077,'hargrove'),(6126,'harringtonia'),(2281,'harrison'),(2883,'harvey'),(2627,'hassan'),(2425,'hatheway'),(2473,'havelkova'),(2282,'hawes'),(7855,'hawker'),(3164,'hazard'),(2510,'hd'),(1230,'hdl'),(2919,'headapohl'),(2179,'heal'),(82,'healing'),(207,'health'),(7645,'healthcare'),(7911,'healthrelated'),(1192,'healthy'),(781,'heart'),(4278,'heavy'),(444,'heidelberg'),(8575,'height'),(8796,'heightened'),(3835,'held'),(2873,'heller'),(2689,'helm'),(3982,'helmholtz'),(7121,'helpful'),(7250,'helping'),(3861,'hemodynamic'),(3843,'hemodynamics'),(3035,'henson'),(1307,'hepatocytes'),(1357,'hepg2'),(2508,'hergdt'),(2501,'hermes'),(2151,'hernandez'),(3021,'herring'),(585,'herrmann'),(1518,'hershey'),(2591,'herskovits'),(2283,'hess'),(5114,'hewapathirane'),(2538,'hf'),(5656,'hfa'),(1191,'hga'),(1173,'hgas'),(2207,'hian'),(5388,'hicks'),(3081,'hidalgo'),(3045,'higgins'),(630,'high'),(5339,'highamplitude'),(3342,'highdensity'),(681,'higher'),(1172,'highergrade'),(8103,'highest'),(5655,'highfrequency'),(1127,'highgrade'),(5838,'highlight'),(8383,'highlights'),(4990,'highly'),(6327,'highresolution'),(4538,'highsensitivity'),(1052,'hindered'),(5609,'hippocampal'),(5549,'hippocampus'),(6200,'hippocampuss'),(4325,'hipreplacement'),(3969,'hirschlandstraße'),(2365,'hissa'),(2084,'histological'),(2070,'histology'),(7181,'hitzig'),(8270,'hivaids'),(2489,'hj'),(2539,'hodi'),(7545,'hogan'),(2124,'holman'),(2716,'homenda'),(2663,'hoogendyk'),(2672,'hoogslag'),(5907,'hope'),(2349,'hoppichler'),(658,'hormone'),(218,'hospital'),(3179,'hospitalization'),(205,'hospitals'),(8178,'hossain'),(3853,'hour'),(7647,'housed'),(4115,'housekeeping'),(2354,'hr'),(6448,'hreggviðsson'),(6551,'hrmsms'),(2855,'hsieh'),(2254,'hu'),(1020,'hudsonalpha'),(1088,'human'),(1515,'humanities'),(2035,'humans'),(3067,'humiston'),(2853,'hung'),(1023,'huntsville'),(2669,'hw'),(6100,'hw608'),(8356,'hwang'),(8374,'hwangjo@daeguackr'),(4194,'hydrogen'),(6140,'hydrolyze'),(3685,'hydrophilic'),(2284,'hyland'),(6290,'hypercoagulable'),(864,'hyperemia'),(1177,'hypergonadotropic'),(5958,'hypoglobus'),(1178,'hypogonadism'),(3145,'hypotheses'),(7008,'hypothesis'),(3658,'hypothesized'),(149,'hypoxaemic'),(272,'hypoxemic'),(580,'i12'),(956,'i4'),(2232,'ia'),(2856,'ic'),(6490,'iceland'),(270,'icu'),(3804,'icuacquired'),(288,'icus'),(6870,'identification'),(4542,'identified'),(841,'identify'),(881,'identifying'),(7975,'identitybased'),(818,'ii'),(2939,'iii'),(434,'iit@semm'),(2733,'ij'),(2732,'ik'),(737,'iliac'),(2386,'ilieva'),(3806,'ill'),(1432,'illes'),(2391,'illiev'),(3813,'illness'),(7920,'illnessrelated'),(5481,'illumina'),(6578,'illustrating'),(4661,'image'),(4930,'imaged'),(4640,'images'),(4132,'imaging'),(1056,'immature'),(1894,'immediately'),(3820,'immobilized'),(1027,'immunity'),(638,'immunoassays'),(5365,'impact'),(8994,'impactful'),(473,'impaired'),(1346,'impairment'),(1038,'imperial'),(87,'implant'),(3,'implants'),(18,'implantsa'),(8239,'implementation'),(4281,'implicated'),(1554,'implications'),(6568,'implying'),(719,'importance'),(710,'important'),(4716,'improve'),(913,'improved'),(1742,'improvement'),(7139,'improvements'),(4759,'improves'),(7053,'improving'),(4624,'impulses'),(600,'imrest'),(6093,'in2p3cnrs'),(1053,'inability'),(4065,'inactivation'),(1309,'inadequate'),(7432,'inception'),(3185,'incidence'),(2019,'include'),(290,'included'),(5078,'includes'),(4150,'including'),(7283,'inclusion'),(7477,'income'),(1897,'incompressibility'),(5352,'incorporation'),(121,'increase'),(118,'increased'),(1082,'increases'),(4748,'increasing'),(880,'independent'),(8291,'independently'),(496,'index'),(3475,'indias'),(3172,'indicating'),(5588,'indies'),(4819,'individual'),(697,'individuals'),(3715,'induce'),(5087,'induced'),(528,'inducing'),(514,'induction'),(1569,'industry'),(8806,'inequities'),(3142,'infarction'),(1026,'infection'),(6286,'infectious'),(3720,'infiltrate'),(1011,'inflammation'),(6287,'inflammatory'),(6528,'influence'),(5511,'influenced'),(4144,'influences'),(8070,'influenza'),(36,'information'),(8953,'infrastructure'),(5061,'infusion'),(1224,'inhibin'),(906,'inhibition'),(1091,'inhibitor'),(6686,'inhibitory'),(4376,'initiated'),(1557,'initiatives'),(5093,'injection'),(3128,'injections'),(7174,'injury'),(1983,'innovation'),(7025,'inpatient'),(3498,'insertion'),(5908,'inspire'),(3506,'installation'),(76,'installed'),(5843,'instantiated'),(188,'institute'),(7872,'instituteuniversity'),(6621,'institution'),(1626,'instituto'),(795,'insufficiency'),(7489,'insufficient'),(7475,'insurance'),(7725,'int'),(4821,'intact'),(5850,'integrated'),(5890,'integration'),(5418,'integrative'),(1389,'integrity'),(203,'intensive'),(3170,'intentiontotreat'),(8585,'interaction'),(4080,'interactions'),(4297,'interdisciplinary'),(340,'interest'),(345,'interests'),(6733,'interference'),(3846,'intermittent'),(3472,'internacional'),(612,'internal'),(8237,'internet'),(7067,'interprofessional'),(3156,'interquartile'),(5824,'interrelated'),(3868,'interrupted'),(9007,'intersectoral'),(4184,'intertwined'),(319,'interval'),(96,'intervals'),(3855,'intervention'),(1637,'interventional'),(3963,'interventionelle'),(4327,'interventions'),(8772,'interviews'),(5164,'intracellular'),(1892,'intraoperative'),(734,'intravascular'),(809,'intravenous'),(4183,'intricately'),(4181,'intriguingly'),(250,'introduction'),(708,'inverse'),(6995,'inversely'),(1183,'investigate'),(1204,'investigated'),(6184,'investigating'),(6328,'investigation'),(3889,'investigations'),(7711,'investigator'),(1174,'involve'),(4167,'involved'),(6352,'involves'),(9035,'involving'),(5351,'iodide'),(6561,'ions'),(2140,'iqbal'),(244,'irccs'),(199,'ireland'),(6728,'iron'),(3630,'irradiation'),(7479,'irregular'),(5316,'irrespective'),(1440,'isasi'),(6593,'isme'),(3642,'isolated'),(6534,'isolates'),(6511,'isolation'),(3068,'ison'),(8521,'israel'),(8138,'issues'),(435,'istituto'),(436,'italiano'),(43,'italy'),(5650,'item'),(5647,'items'),(2392,'ivanov'),(1652,'ivo'),(789,'ivus'),(2766,'izmozherova'),(754,'izukawa'),(1433,'j1'),(1447,'j10'),(937,'j2'),(3757,'j247'),(8479,'j3'),(8016,'j34'),(8018,'j35'),(3935,'j4'),(3941,'j567'),(8658,'j8'),(2260,'ja'),(2285,'jackson'),(2579,'jaffe'),(2405,'jaffer'),(2980,'jaffrani'),(7851,'jaglal'),(2228,'jakuboniene'),(8709,'jamesconklin@concordiaca'),(905,'jan'),(4675,'jan101e1001236'),(6148,'jan2914555'),(286,'january'),(1479,'japan'),(2457,'jaramilo'),(2641,'jardines'),(2783,'jascur'),(2134,'jb'),(2136,'jc'),(7848,'je1'),(2336,'jeffries'),(3973,'jena'),(6613,'jensen'),(2251,'jf'),(2639,'jh'),(2440,'ji'),(7869,'jimcameron@smuca'),(2948,'jimenez'),(2696,'jimeno'),(2382,'jk'),(2196,'jl'),(1453,'jm1'),(130,'john'),(7204,'johns'),(2892,'johnson'),(6628,'jolla'),(2286,'jones'),(2287,'jordan'),(4209,'journal'),(2361,'jp'),(6043,'jp2'),(2702,'jr'),(8173,'jr6'),(2569,'jt'),(916,'judson'),(1420,'jul'),(7832,'jul208172179'),(726,'jul64492499'),(7312,'julaug'),(2478,'julius'),(5202,'jun21124808'),(6245,'jun373175178'),(8456,'jun99293298'),(2255,'junbo'),(7270,'june'),(2618,'juskiene'),(8748,'jversnel@dalca'),(6269,'jy1'),(3577,'k1'),(7326,'k12345'),(5553,'k2'),(3749,'k24'),(3931,'k3'),(8029,'ka'),(3099,'kaczmarek'),(5276,'kainic'),(2620,'kakariekiene'),(3039,'kalen'),(752,'kambara'),(2507,'kamke'),(2841,'kaplan'),(961,'karimi'),(3069,'karounos'),(6506,'katherineduncan@samsacuk'),(2190,'katona'),(2288,'katz'),(8476,'kaufmanshriqui'),(5731,'kavli'),(2925,'kayne'),(5805,'kd1'),(3755,'kd16'),(6919,'kd2'),(8361,'ke'),(8866,'keenan'),(2826,'kelfkens'),(2469,'kellinerova'),(2223,'keltai'),(2660,'kempen'),(2178,'kennedy'),(5394,'kenny'),(2666,'kentgens'),(6474,'kep@pmlacuk'),(2562,'kerenyi'),(2690,'kerr'),(2553,'kesmarki'),(2996,'kessel'),(1102,'key'),(2516,'kf'),(4668,'kgaa'),(8577,'kgheight'),(2212,'kh'),(3050,'khan'),(2768,'khokhlov'),(3710,'ki67'),(2878,'kilvert'),(2725,'kim'),(3347,'kinase'),(5842,'kinds'),(3592,'kinesiology'),(5414,'kingdom'),(3027,'kingsley'),(7386,'kingston'),(3106,'kirby'),(2554,'kis'),(2552,'kiss'),(7236,'kitchener'),(6261,'kj1'),(2590,'klainman'),(4243,'kleber'),(1436,'kleiderman'),(2511,'kleinertz'),(5601,'kline'),(1125,'klinefelter'),(3768,'klinikum'),(4512,'klochko'),(2993,'klonoff'),(2313,'klyver'),(2730,'km'),(3322,'knockout'),(5767,'knowledge'),(8982,'knowledgetoaction'),(3361,'ko'),(1478,'kobe'),(3926,'koch'),(2205,'kong'),(2229,'kooy'),(2915,'kopytsya'),(8373,'korea'),(7321,'korenvain'),(2712,'korzeniak'),(2655,'köse'),(2776,'koshelskaya'),(2289,'koshizaka'),(2383,'kovacheva'),(2556,'kovacs'),(2895,'koval'),(6610,'kr1'),(6461,'kr11'),(5403,'kr14'),(6049,'kr4'),(2471,'krami'),(2975,'kravitz'),(2688,'krebs'),(443,'krebsforschungszentrum'),(3585,'krieger'),(2971,'kruger'),(1165,'ks'),(2512,'kuesters'),(2864,'kumar'),(2530,'kung'),(2406,'kuritsky'),(2907,'kuskalo'),(6450,'kuttner'),(2736,'kw'),(30,'l1'),(7324,'l12345'),(6338,'l13'),(5399,'l2'),(8167,'l3'),(925,'l4'),(946,'l5'),(167,'l6'),(5561,'l67'),(2317,'la'),(4245,'labeit'),(4566,'label'),(4929,'labeled'),(3707,'labeling'),(623,'laboratory'),(3072,'labroo'),(7253,'lack'),(4735,'laevis'),(3032,'laferrere'),(2606,'lagzdina'),(2851,'lai'),(5631,'laid'),(2290,'lakey'),(8530,'lana'),(2243,'lanas'),(2503,'landers'),(25,'lang'),(4240,'langhans'),(8285,'language'),(2432,'larenas'),(558,'large'),(70,'largegrit'),(4980,'larger'),(2896,'larin'),(2170,'larson'),(4585,'laser'),(2623,'lasiene'),(4365,'late'),(3574,'lateral'),(4317,'lateralis'),(2167,'lavender'),(1521,'law'),(7700,'laxatives'),(4971,'layer'),(6455,'lc8'),(554,'lcmsms'),(5595,'ld24@columbiaedu'),(1228,'ldl'),(6041,'le'),(2093,'lead'),(8780,'leaders'),(2014,'leading'),(3280,'leads'),(5743,'learn'),(4992,'learned'),(4690,'learning'),(5143,'leaving'),(2291,'leblanc'),(6775,'lechner'),(2795,'lecube'),(515,'led'),(3094,'ledesma'),(2731,'lee'),(2876,'leese'),(846,'left'),(2396,'lefterov'),(1552,'legal'),(2495,'lehrke'),(2605,'leitane'),(2414,'leiter'),(2246,'leivapons'),(2168,'leloudis'),(277,'length'),(3028,'lenhard'),(1147,'lenzi'),(2292,'leonardi'),(3103,'lesh'),(7194,'leslie'),(1350,'leucine'),(8259,'levac'),(2897,'levchenko'),(75,'level'),(1210,'levels'),(2610,'levinger'),(2956,'levinson'),(2384,'levterov'),(957,'lewis'),(1952,'lgmd2b'),(2438,'li'),(1335,'lieberdecarli'),(1704,'life'),(8419,'likelihood'),(3070,'lillestol'),(1785,'limb'),(2020,'limbgirdle'),(812,'limbs'),(8271,'limit'),(1061,'limitation'),(6666,'limitations'),(7289,'limited'),(7668,'limits'),(2459,'linares'),(6153,'lingering'),(4172,'link'),(6702,'linked'),(7143,'linking'),(2485,'linn'),(2215,'linong'),(1935,'lipid'),(3405,'lipidlowering'),(3326,'lipidrich'),(3369,'lipids'),(3343,'lipoprotein'),(2541,'lippai'),(643,'liquid'),(2378,'lisboa'),(7278,'lists'),(2893,'litchfield'),(5863,'literature'),(2443,'liu'),(5190,'live'),(1243,'liver'),(5421,'liverpool'),(4933,'living'),(5551,'lj1'),(2752,'lm'),(6263,'lm1'),(123,'loaded'),(97,'loading'),(6369,'lobe'),(4152,'local'),(4136,'localization'),(6529,'location'),(6567,'locations'),(2412,'lochnan'),(4238,'lodka'),(7185,'lofters'),(838,'logistic'),(5550,'lohnas'),(928,'loi'),(2132,'lokhnygina'),(1442,'lomax'),(381,'lonati'),(1037,'london'),(5606,'long'),(3857,'longitudinal'),(5034,'longlasting'),(10,'longterm'),(2242,'lopes'),(741,'lorenção'),(279,'los'),(91,'loss'),(3545,'losses'),(99,'lost'),(2842,'lottering'),(6500,'louiseyoung@strathacuk'),(2844,'louw'),(2576,'lovasz'),(127,'low'),(811,'lower'),(8135,'lowest'),(4609,'lsm'),(941,'ltn2'),(5396,'lucaci'),(2932,'lucas'),(577,'lucchiari'),(3936,'luft'),(2352,'luger'),(7038,'lui'),(2520,'luk'),(7042,'luke'),(1643,'lukes'),(8217,'lunenfeldtanenbaum'),(1982,'lung'),(2293,'luo'),(4239,'lutherschroeder'),(3016,'luttrell'),(724,'lymphat'),(6484,'lynseymacintyre@strathacuk'),(2387,'lyubenova'),(369,'m1'),(578,'m12'),(919,'m2'),(954,'m4'),(8513,'m4n'),(8652,'m5'),(8507,'m5b'),(8540,'m5g'),(5571,'m5s'),(8533,'m5t'),(586,'m678'),(2127,'ma'),(7374,'ma1'),(1970,'ma27'),(1495,'macdonald'),(2891,'macfarlane'),(6444,'macintyre'),(7323,'mackeigan'),(5440,'macrofauna'),(5459,'macrofaunal'),(4810,'macromolecules'),(6648,'macroorganisms'),(2890,'macrury'),(7099,'made'),(3095,'madu'),(2312,'maffei'),(2141,'maggioni'),(247,'maggiore'),(6971,'magnetic'),(2705,'magno'),(2337,'mah'),(3085,'mahabadi'),(2294,'mahaffey'),(3748,'mai'),(1903,'main'),(4120,'maintain'),(125,'maintained'),(8702,'maisoneuve'),(145,'major'),(6539,'majority'),(2827,'makan'),(7504,'make'),(8781,'makers'),(6013,'making'),(1131,'male'),(668,'males'),(977,'mall'),(2326,'mallagray'),(1311,'malnutrition'),(1378,'mammalianmechanistic'),(1399,'mammals'),(7500,'manage'),(6300,'management'),(8131,'managing'),(2295,'mandawat'),(6240,'manipulation'),(5141,'manipulations'),(5470,'manipulative'),(3683,'manner'),(2977,'manning'),(2955,'manos'),(8855,'manson'),(7275,'manually'),(6960,'map'),(730,'mar'),(1589,'mar62183191'),(1646,'mar62191'),(1765,'mar62212219'),(2767,'marasaev'),(1508,'march'),(3441,'marchetti'),(2816,'marcos'),(3043,'marcus'),(89,'marginal'),(6498,'margreteva@matisis'),(2465,'marin'),(5409,'marine'),(5347,'marked'),(3709,'marker'),(5157,'markers'),(2204,'markovic'),(2342,'marks'),(618,'markusherrmann@medunigrazat'),(2654,'márquezrodriguez'),(8653,'marras'),(518,'marrow'),(3563,'marrowderived'),(2143,'marso'),(2898,'martynyuk'),(7862,'marys'),(2899,'maslyanko'),(646,'mass'),(1444,'master'),(2180,'masterson'),(3132,'matching'),(65,'material'),(648,'materials'),(8362,'matheson'),(2219,'mathieu'),(1162,'matteospaziani@uniroma1it'),(3979,'max'),(3546,'maxilla'),(5960,'maxillary'),(8130,'maximum'),(2884,'maxwell'),(6905,'may18576772'),(5000,'may558418'),(3113,'may610194'),(2424,'mazza'),(2978,'mb'),(7033,'mccarthy'),(7373,'mccoll'),(1446,'mccormick'),(2989,'mcdermott'),(1489,'mcgill'),(3006,'mcguire'),(8360,'mcisaac'),(2886,'mcknight'),(7603,'mcmaster'),(2200,'mcmurray'),(2962,'mcneill'),(3076,'mcwilliams'),(3298,'md'),(360,'mdx'),(3355,'mdxapoe'),(7546,'me5'),(6453,'me7'),(2169,'meadows'),(7800,'means'),(689,'measureable'),(637,'measured'),(810,'measurements'),(4330,'measures'),(294,'mechanical'),(334,'mechanically'),(5317,'mechanism'),(1064,'mechanisms'),(4293,'mechanistic'),(1419,'med'),(6871,'media'),(6367,'medial'),(304,'median'),(6380,'mediate'),(1391,'mediated'),(4206,'mediating'),(2791,'mediavilla'),(193,'medical'),(7029,'medication'),(7367,'medications'),(178,'medicine'),(230,'medicochirurgica'),(7778,'medline'),(897,'medline]'),(3189,'medullary'),(9026,'meet'),(4086,'mef2'),(4204,'mef2mitochondria'),(2497,'mehling'),(2296,'mehta'),(2297,'melloni'),(5790,'mem'),(6687,'members'),(536,'membrane'),(6414,'memoranda'),(5614,'memories'),(5546,'memory'),(6220,'memoryretrieval'),(6329,'memoryspecific'),(8422,'men'),(7924,'mental'),(2128,'mentz'),(368,'meregalli'),(2934,'merrick'),(5471,'mesocosm'),(8995,'messaging'),(7282,'met'),(1122,'metabolic'),(452,'metabolism'),(6440,'metabolite'),(6430,'metabolites'),(4092,'metaplasticity'),(4174,'metaplasticityassociated'),(665,'method'),(6665,'methodological'),(7429,'methodology'),(66,'methods'),(907,'methyltransferase'),(224,'metropolitano'),(1617,'metzger'),(2496,'meyerpannwitt'),(3131,'mg'),(3666,'mgkg'),(3988,'mhb'),(2314,'mi'),(8848,'mi3'),(1499,'miami'),(361,'mice'),(7232,'michaels'),(2784,'micko'),(5441,'microalgae'),(5465,'microbial'),(5373,'microbiol'),(6064,'microorganismes'),(5442,'microorganisms'),(4949,'micropipette'),(4636,'microscope'),(4587,'microscopy'),(712,'middleaged'),(3617,'migrating'),(1709,'migration'),(2638,'mijangos'),(2954,'mikell'),(2721,'mikolajczykswatko'),(1955,'milad'),(226,'milan'),(181,'milanbicocca'),(236,'milano'),(3289,'mild'),(2573,'mileder'),(2502,'milek'),(1137,'mileno'),(8015,'milligan'),(5483,'million'),(2994,'mills'),(2862,'milward'),(2390,'mincheva'),(5728,'mind'),(2741,'mindrescu'),(8075,'mineral'),(4944,'minimal'),(6762,'mining'),(717,'minor'),(2578,'minuchin'),(3838,'minutes'),(2697,'mirasoi'),(2713,'mirecka'),(2426,'misterski'),(526,'mitigated'),(4081,'mitochondria'),(1298,'mitochondrial'),(3769,'mitte'),(488,'mixture'),(2025,'miyoshi'),(7043,'mj'),(921,'mj3'),(5807,'ml2'),(8175,'mla7'),(2746,'mlitaru'),(60,'mm'),(962,'mm7'),(5604,'mnemonic'),(1268,'mo1'),(3570,'mobilization'),(332,'model'),(6910,'modelbased'),(6947,'modelfree'),(5910,'modeling'),(1098,'models'),(16,'moderately'),(68,'modified'),(72,'modsla'),(2828,'mogashoa'),(414,'molecular'),(4839,'molecules'),(2462,'molina'),(2490,'mölle'),(2571,'molnar'),(1029,'monash'),(4728,'monitor'),(3840,'monitoring'),(1712,'months'),(1490,'montreal'),(182,'monza'),(2735,'moon'),(6786,'moore'),(748,'moraes'),(2926,'moran'),(2943,'morawski'),(4406,'mörgeli'),(4939,'morphology'),(2298,'morse'),(271,'mortality'),(2577,'mosenzon'),(4134,'motile'),(3831,'motion'),(6239,'motivated'),(6195,'motivating'),(3920,'motor'),(4124,'mounting'),(1087,'mouse'),(8732,'movement'),(5771,'movements'),(2311,'mr'),(2628,'mra'),(4352,'mrna'),(6370,'mtl'),(1381,'mtor'),(2444,'mu'),(3054,'mudaliar'),(2494,'mugge'),(3044,'mulford'),(152,'multicenter'),(7302,'multifaceted'),(8549,'multifactorial'),(8579,'multilevel'),(7084,'multimethod'),(7304,'multimorbidity'),(806,'multiplanar'),(4148,'multiple'),(7061,'multisite'),(327,'multivariate'),(6389,'multivoxel'),(2182,'mumtaz'),(8162,'munce'),(8975,'municipalities'),(2759,'munteanu'),(4360,'murf1'),(2235,'murin'),(3287,'murine'),(468,'muscle'),(2069,'muscles'),(1058,'muscs'),(358,'muscular'),(6068,'muséum'),(162,'muttini'),(6129,'mutual'),(808,'mv'),(8728,'mverrier@utorontoca'),(4280,'myhc'),(4370,'myhcs'),(3141,'myocardial'),(4084,'myocyte'),(2074,'myofiber'),(2079,'myofibers'),(466,'myofibre'),(911,'myogenic'),(2026,'myopathy'),(4226,'myosin'),(6576,'mz'),(32,'n1'),(1956,'n12'),(1144,'n2'),(8570,'n2300'),(2935,'nadar'),(2747,'nafornita'),(2540,'nagy'),(2824,'naiker'),(2727,'nam'),(2734,'namgung'),(2327,'nardone'),(4998,'nat'),(5600,'nathan'),(198,'national'),(5533,'natl'),(5088,'natural'),(6658,'nature'),(6071,'naturelle'),(6081,'naturelles'),(6050,'nay'),(3204,'nct01144338'),(3897,'nct01286610'),(5703,'nd3'),(6925,'nd5'),(2651,'ne'),(4146,'nearby'),(4503,'nearinfrared'),(9034,'necessity'),(1846,'necrosis'),(1073,'needed'),(831,'negative'),(7244,'negatively'),(2753,'negrisanu'),(8403,'nehw'),(8464,'neighborhood'),(8940,'neighborhoods'),(8386,'neighbourhood'),(7714,'neilsen'),(8174,'nelson'),(3921,'nerve'),(3623,'nervous'),(7619,'netherlands'),(4687,'network'),(6565,'networked'),(6115,'networking'),(4733,'networklevel'),(5876,'networks'),(4168,'neural'),(5788,'neurobiol'),(6209,'neurochemical'),(6197,'neurocomputational'),(1464,'neuroethics'),(3557,'neurol'),(988,'neurological'),(987,'neurology'),(5599,'neuromodulation'),(39,'neuromotorial'),(3610,'neuromuscular'),(4870,'neuron'),(4088,'neuronal'),(4130,'neurons'),(6904,'neurosci'),(5223,'neuroscience'),(3780,'neurosurgery'),(3088,'neutel'),(5474,'nextgeneration'),(5518,'nh4'),(1094,'niche'),(2701,'nicodemus'),(3082,'nicol'),(2790,'nicolau'),(1368,'nicotinamide'),(2719,'niegowska'),(225,'niguarda'),(7618,'nijmegen'),(2394,'nikitov'),(2684,'nirmalaraj'),(385,'nisoli'),(662,'nist972'),(504,'nitric'),(5523,'nitrogen'),(2147,'nj'),(2742,'nm'),(755,'nm2'),(7858,'nm6'),(4761,'nmda'),(679,'nmoll'),(4656,'noise'),(7365,'nonadherence'),(3140,'nonfatal'),(1943,'nonhdl'),(2062,'nonhdlassociated'),(5927,'nonhealing'),(3147,'noninferior'),(3174,'noninferiority'),(5056,'noninvasive'),(4582,'nonnegative'),(5979,'nonoperative'),(7261,'nonpharmacological'),(1749,'nonrandomized'),(691,'normal'),(1349,'normalization'),(7351,'north'),(289,'northern'),(2833,'nortje'),(1017,'norway'),(1013,'norwegian'),(9031,'noted'),(1400,'noteworthy'),(2506,'nothroff'),(3396,'notoriously'),(1941,'nov'),(7526,'nov561110591068'),(7222,'nova'),(2329,'novaretto'),(6213,'novelty'),(4993,'novice'),(26,'np23'),(3436,'np34'),(1417,'npj'),(6890,'nrps40'),(7614,'ns'),(2589,'nseir'),(6091,'nucléaire'),(1076,'nuclear'),(2078,'nucleated'),(5764,'nucleus'),(3965,'nuklearmedizin'),(3203,'number'),(3661,'numbers'),(1746,'numerous'),(2373,'nunes'),(547,'nutr'),(476,'nutrient'),(6727,'nutrients'),(3784,'nutrition'),(8519,'nutritional'),(6608,'nv1'),(1513,'ny'),(5559,'o5'),(7773,'oa'),(1505,'oakland'),(5412,'oban'),(583,'obermayerpietsch'),(425,'obesity'),(8910,'obesityrelated'),(6980,'object'),(785,'objective'),(52,'objectives'),(2777,'obrezan'),(7679,'observation'),(4294,'observational'),(3869,'observe'),(2034,'observed'),(1103,'obstacle'),(7727,'obstruct'),(816,'obstruction'),(791,'obstructions'),(1390,'obtained'),(4514,'obukhova'),(8365,'ocampo'),(5640,'occipitotemporal'),(1868,'occlusion'),(7211,'occupational'),(3718,'occur'),(3159,'occurred'),(1922,'occurrence'),(5246,'occurring'),(6622,'oceanography'),(5426,'oceans'),(137,'oct'),(5922,'oct375375377'),(314,'odds'),(3459,'odontologica'),(3471,'odontológico'),(2872,'oelbaum'),(2486,'oerter'),(1559,'offer'),(7464,'offered'),(4961,'offers'),(1448,'ogbogu'),(2145,'öhman'),(2718,'okopien'),(2657,'oldenburgligtenberg'),(7536,'older'),(2787,'olexa'),(4815,'oligonucleotides'),(2428,'olivares'),(4515,'om'),(8258,'omalley'),(2240,'omar'),(2118,'onceweekly'),(602,'oncologic'),(2334,'oneal'),(2629,'ong'),(8153,'online'),(1797,'onofre'),(6691,'onset'),(7200,'ontario'),(8278,'onwards'),(4513,'op'),(2987,'oparil'),(4313,'open'),(821,'operating'),(3764,'operative'),(6251,'ophthalmic'),(5948,'ophthalmology'),(8779,'opinion'),(7701,'opioids'),(7144,'opportunities'),(5073,'optic'),(7148,'optimal'),(4715,'optimally'),(5186,'optimize'),(5171,'optimized'),(4972,'optimizing'),(3817,'option'),(2,'oral'),(5603,'orangeburg'),(5921,'orbit'),(5928,'orbital'),(6257,'orbitopathy'),(6107,'ore'),(4304,'organ'),(4116,'organelles'),(8777,'organization'),(5858,'organizing'),(8550,'origin'),(5988,'original'),(2548,'oroszan'),(2458,'orozco'),(6094,'orsay'),(2805,'ortega'),(5625,'orthogonal'),(2815,'ortiz'),(210,'ospedale'),(7736,'osteoarthritis'),(5968,'ostiomeatal'),(3048,'osunkoya'),(5642,'otc'),(7307,'ott'),(1536,'ottawa'),(920,'oudhoff'),(2193,'oulhaj'),(330,'outcome'),(57,'outcomes'),(5857,'outline'),(7482,'outofpocket'),(561,'outpatient'),(1429,'outreach'),(2950,'overcash'),(1060,'overcome'),(5673,'overlapping'),(5905,'overview'),(8544,'overweight'),(8586,'overweightobese'),(8611,'overweightobesity'),(3543,'owing'),(465,'oxidative'),(505,'oxide'),(1403,'oxygen'),(2519,'ozaki'),(3175,'p006'),(372,'p1'),(939,'p2'),(950,'p4'),(3236,'p45'),(1972,'p82'),(3173,'p<0001'),(1519,'pa'),(6471,'pa37'),(2699,'pacheco'),(7183,'packer'),(2821,'padayachee'),(2146,'pagidipati'),(2299,'pagidpati'),(2920,'pahl'),(1679,'pain'),(938,'paine'),(6884,'pairings'),(2558,'palinkas'),(1005,'palo'),(2673,'pam'),(2216,'pan'),(3187,'pancreatic'),(3186,'pancreatitis'),(2415,'pandey'),(2210,'panelo'),(2908,'panina'),(2474,'pantikova'),(8109,'pap'),(8764,'paper'),(2555,'papp'),(6031,'paraconiothyrium'),(5080,'paradigms'),(661,'parallel'),(3357,'parameters'),(657,'parathyroid'),(856,'paravertebral'),(6560,'parent'),(1906,'paresthesia'),(6076,'paris'),(7040,'pariser'),(6084,'parissaclay'),(6083,'parissud'),(7754,'park'),(2239,'parkhomenko'),(8738,'parkinsons'),(3399,'part'),(8306,'participant'),(4301,'participants'),(7118,'participating'),(4128,'participation'),(6642,'partitioning'),(3721,'partly'),(3796,'partner'),(7049,'partnership'),(704,'parts'),(2009,'pascalbernatchez@ubcca'),(1959,'pascoe'),(3829,'passive'),(1556,'past'),(2604,'pastare'),(2159,'patel'),(1710,'patency'),(5400,'paterson'),(4375,'pathogenesis'),(591,'pathology'),(4016,'pathophysiological'),(392,'pathophysiology'),(6977,'paths'),(1393,'pathway'),(1383,'pathways'),(101,'patient'),(80,'patients'),(6160,'patil'),(6607,'patin'),(5544,'pattern'),(6760,'patternbased'),(5295,'patterns'),(2545,'pauker'),(994,'paul'),(772,'paulo'),(1990,'pauls'),(2356,'paulweber'),(421,'pavia'),(1963,'payne'),(2698,'paz'),(769,'pazzanese'),(1618,'pb2'),(2658,'pc'),(6612,'pc2'),(6789,'pc4'),(4886,'pdbprot065615'),(4795,'pdbtop065607'),(6827,'pdorrestein@ucsdedu'),(764,'pe3'),(3576,'peake'),(2419,'pearce'),(3009,'peden'),(5931,'pediatric'),(8154,'peer'),(2859,'pei'),(2781,'pella'),(1516,'pennsylvania'),(5274,'pentylenetetrazol'),(2565,'penzes'),(5734,'people'),(7904,'peoples'),(4565,'peptideconjugate'),(4816,'peptides'),(5735,'perceive'),(8348,'perceived'),(4473,'percent'),(8415,'perception'),(8392,'perceptions'),(2909,'pererva'),(2454,'perez'),(8301,'perform'),(482,'performance'),(3509,'performed'),(100,'periimplantitis'),(5367,'perinatal'),(117,'period'),(4490,'periodicals'),(5304,'periods'),(3569,'peripheral'),(6331,'perirhinal'),(2175,'perkins'),(3925,'permeability'),(4855,'permits'),(8327,'permitted'),(4195,'peroxidase'),(8166,'perrier'),(4357,'persisted'),(4270,'persistent'),(5892,'persistently'),(4377,'persisting'),(8434,'personal'),(4994,'personnel'),(7654,'persons'),(3162,'personyears'),(5832,'perspectives'),(2575,'peterfai'),(2491,'pfutzner'),(7015,'pharm'),(7508,'pharmacare'),(1523,'pharmaceutical'),(3201,'pharmaceuticals'),(7094,'pharmacies'),(7082,'pharmacist'),(7027,'pharmacists'),(1080,'pharmacological'),(1977,'pharmacology'),(1522,'pharmacy'),(8981,'phase'),(3859,'phases'),(527,'phenotype'),(264,'phenotypes'),(2869,'philip'),(2786,'philippiova'),(2965,'phillips'),(783,'phoenix'),(4627,'photocurrent'),(4621,'photocurrents'),(4623,'photon'),(5504,'phyla'),(7394,'physical'),(8073,'physicals'),(1691,'physician'),(1545,'physicians'),(1241,'physiol'),(4101,'physiological'),(3591,'physiology'),(3822,'physiotherapy'),(6090,'physique'),(5279,'picrotoxin'),(2345,'pieber'),(2711,'piepiorka'),(571,'pierro'),(4794,'pii'),(2843,'pillai'),(5281,'pilocarpine'),(7717,'pilot'),(581,'pilz'),(4834,'pipette'),(2227,'pirags'),(5950,'pittsburgh'),(1199,'pituitary'),(6829,'pjensen@ucsdedu'),(3849,'place'),(3133,'placebo'),(9028,'planners'),(8931,'planning'),(3386,'plaque'),(2095,'plasma'),(4923,'plasmid'),(4091,'plasticity'),(7918,'platform'),(3773,'platz'),(8439,'plays'),(3655,'plerixafor'),(2566,'ples'),(136,'plos'),(2338,'pm'),(5196,'pmc2762236'),(4777,'pmc3254648'),(4571,'pmc3522634'),(6899,'pmc4409930'),(7011,'pmc4414826'),(4213,'pmc4560579'),(6747,'pmc4737938'),(6591,'pmc4812331'),(4071,'pmc4875580'),(6426,'pmc4949140'),(9041,'pmc5210277'),(3901,'pmc5220605'),(3725,'pmc5340765'),(3409,'pmc5596936'),(8331,'pmc5623492'),(1575,'pmc5677945'),(2108,'pmc5794421'),(7817,'pmc5909783'),(1112,'pmc6031334'),(5676,'pmc6077719'),(5530,'pmc6115492'),(7515,'pmc6134942'),(7354,'pmc6141936'),(544,'pmc6168581'),(337,'pmc6201964'),(7721,'pmc6218396'),(336,'pmcid'),(135,'pmid'),(2197,'pocock'),(4509,'podgorski'),(2720,'pogorzelska'),(2476,'pohl'),(844,'point'),(4349,'points'),(7672,'poisson'),(2300,'pokorney'),(4018,'polarization'),(248,'policlinico'),(1488,'policy'),(8989,'policyinformed'),(1548,'policymakers'),(8998,'political'),(4039,'pollicis'),(3915,'polyneuropathy'),(7631,'polypharmacy'),(8102,'poor'),(1070,'poorly'),(2749,'popa'),(7249,'popularity'),(280,'population'),(7539,'populationbased'),(5051,'populations'),(85,'porcelainfusedtometal'),(4851,'pore'),(4982,'pores'),(6375,'posit'),(3837,'position'),(4142,'positioning'),(312,'positive'),(6196,'possibility'),(3854,'post'),(63,'posterior'),(1904,'postoperative'),(7300,'postsci'),(3674,'posttransplant'),(2301,'posvic'),(915,'potential'),(5081,'potentiation'),(2430,'potthoff'),(2148,'poulter'),(3056,'powell'),(5661,'power'),(2192,'pozzi'),(2596,'pozzilli'),(6614,'pr1'),(6791,'pr5'),(718,'practical'),(7064,'practice'),(6054,'prado'),(2347,'prager'),(2226,'prato'),(6400,'prc'),(7478,'precarious'),(1097,'preclinical'),(1216,'precocious'),(329,'predict'),(6833,'predicted'),(6997,'prediction'),(830,'predictive'),(313,'predictor'),(4449,'predicts'),(5994,'predisposition'),(636,'predominantly'),(7357,'prefer'),(6735,'preferentially'),(5095,'preparation'),(5137,'preparations'),(7699,'prescribed'),(7491,'prescribing'),(7076,'prescription'),(7485,'prescriptions'),(836,'presence'),(639,'present'),(5934,'presentation'),(5069,'presentations'),(870,'presented'),(5903,'presenting'),(1398,'preserves'),(732,'pressure'),(861,'pressures'),(8454,'prev'),(631,'prevalence'),(7240,'prevalent'),(1331,'prevent'),(3892,'prevention'),(1535,'preventive'),(1253,'prevents'),(634,'previous'),(1747,'previously'),(2871,'price'),(266,'primary'),(5488,'primer'),(2000,'prince'),(5724,'princeton'),(5859,'principles'),(553,'print]'),(3833,'prior'),(1562,'priorities'),(6875,'prioritized'),(8379,'priority'),(9017,'private'),(5008,'probing'),(5532,'proc'),(1649,'procedure'),(6372,'process'),(5250,'processes'),(5612,'processing'),(6018,'prod'),(6514,'produce'),(6562,'produced'),(6845,'product'),(4192,'production'),(6112,'products'),(7492,'professionals'),(1342,'profile'),(3402,'profiles'),(520,'progenitors'),(4450,'prognosis'),(1028,'program'),(3470,'programa'),(8316,'programmes'),(7051,'programs'),(2010,'progressive'),(2340,'proietto'),(7709,'project'),(1225,'prolactin'),(1068,'proliferating'),(3708,'proliferation'),(4057,'prolonged'),(5828,'prominent'),(8241,'promising'),(1327,'promote'),(502,'promoted'),(1081,'promotes'),(8369,'promotion'),(7050,'prompt'),(7101,'prompts'),(695,'pronounced'),(5331,'propagating'),(5042,'properties'),(5350,'propidium'),(299,'proportion'),(5833,'propose'),(6311,'proptosis'),(6991,'prospection'),(19,'prospective'),(54,'prospectively'),(3428,'prostheses'),(120,'prosthesis'),(3507,'prosthetic'),(1397,'protects'),(530,'protein'),(1364,'proteins'),(5494,'proteobacteria'),(4792,'protoc'),(4941,'protocol'),(6860,'provide'),(8774,'providers'),(6740,'providing'),(7466,'province'),(8803,'provinces'),(8974,'provincial'),(7639,'provinciallevel'),(845,'proximal'),(2691,'pryke'),(2910,'prysupa'),(4569,'psd95'),(5935,'pseudosilent'),(6146,'psychol'),(7894,'psychological'),(5565,'psychology'),(7716,'psychosocial'),(7779,'psycinfo'),(659,'pth'),(5275,'ptz'),(5323,'ptzinduced'),(412,'public'),(7451,'publication'),(7643,'publicly'),(134,'published'),(2807,'puig'),(4950,'puller'),(2970,'pullman'),(7728,'pulmon'),(2416,'punthakee'),(2715,'pupekmusialik'),(2861,'purewal'),(1657,'purpose'),(6442,'purves'),(579,'pusceddu'),(1491,'qc'),(6038,'qp2'),(2445,'qu'),(7319,'qualitative'),(1703,'quality'),(7420,'quantity'),(4629,'quantum'),(918,'quarta'),(8209,'quebec'),(7384,'queens'),(2809,'quesada'),(8247,'question'),(1705,'questionnaire'),(5363,'questions'),(4957,'quickly'),(2683,'quinn'),(6885,'quinomycintype'),(6459,'r10'),(1962,'r12'),(7746,'r1245'),(169,'r16'),(5393,'r2'),(932,'r4'),(1441,'r7'),(8660,'r9'),(2634,'ra'),(3097,'radbill'),(7616,'radboud'),(1148,'radicioni'),(1777,'radiofrequency'),(56,'radiographic'),(3964,'radiologie'),(779,'radiology'),(4242,'radtke'),(2427,'raffo'),(1263,'ragni'),(2149,'ramachandran'),(2626,'ramanathan'),(2652,'ramirez'),(963,'rando'),(1594,'randomized'),(1685,'randomly'),(1734,'range'),(693,'ranged'),(306,'range]'),(5167,'ranging'),(2825,'ranjith'),(2302,'rao'),(1380,'rapamycin'),(4350,'rapid'),(3700,'rapidly'),(6254,'rare'),(2990,'rasouli'),(2372,'rassi'),(2985,'rassouli'),(107,'rate'),(1711,'rates'),(93,'ratio'),(315,'ration'),(7886,'rationale'),(7411,'rationing'),(1333,'rats'),(3037,'ravi'),(1450,'ravitsky'),(3107,'razzaque'),(2366,'rea'),(863,'reactive'),(4619,'readout'),(3014,'reaven'),(6171,'recall'),(3126,'receive'),(3198,'received'),(820,'receiver'),(1723,'receiving'),(4159,'recent'),(4762,'receptor'),(4768,'receptors'),(3637,'recipient'),(3627,'recipients'),(5646,'recognition'),(6668,'recognize'),(6204,'recollection'),(3534,'reconstruction'),(8117,'record'),(4030,'recorded'),(5308,'recordings'),(284,'records'),(4475,'recovered'),(4037,'recovery'),(7792,'recruited'),(516,'recruitment'),(4502,'red'),(4554,'redemitting'),(8923,'reduce'),(1316,'reduced'),(4765,'reduces'),(7696,'reducing'),(4378,'reduction'),(5522,'redundancy'),(2938,'reed'),(7277,'reference'),(6378,'referred'),(1407,'reflect'),(1840,'reflux'),(1418,'regen'),(1000,'regeneration'),(187,'regenerative'),(5512,'regime'),(1540,'regina'),(64,'region'),(5651,'regions'),(116,'registered'),(3894,'registration'),(749,'rego'),(839,'regression'),(1410,'regulate'),(4140,'regulated'),(4189,'regulates'),(1065,'regulating'),(4180,'regulation'),(7205,'rehab'),(603,'rehabilitation'),(2561,'reiber'),(2191,'reicher'),(6950,'reinforced'),(5696,'reinforcement'),(5543,'reinstatement'),(6397,'reinstating'),(1550,'related'),(5364,'relating'),(5851,'relational'),(269,'relationship'),(5755,'relative'),(4368,'relevance'),(714,'relevant'),(1740,'relief'),(5608,'rely'),(698,'remained'),(3541,'remaining'),(5244,'remains'),(189,'remedi'),(6353,'remembering'),(3379,'reminiscent'),(2088,'remodelling'),(7933,'remote'),(348,'rep'),(1001,'repair'),(1047,'repairing'),(5648,'repeated'),(6948,'repetition'),(2769,'repin'),(2073,'replacement'),(531,'replacing'),(1092,'repopulate'),(483,'report'),(252,'reported'),(7286,'reporting'),(6007,'reports'),(4176,'repositioning'),(5823,'represent'),(5798,'representations'),(8778,'representatives'),(4724,'represented'),(2031,'reproduce'),(8526,'republic'),(660,'requested'),(8616,'require'),(4382,'required'),(3717,'requirement'),(4943,'requires'),(293,'requiring'),(4,'res'),(1570,'resaerch'),(192,'research'),(6189,'researchers'),(894,'reserved'),(6840,'reservoir'),(3426,'resinbonded'),(4613,'resolution'),(3501,'resonance'),(128,'resorption'),(6510,'resource'),(8060,'resources'),(3148,'respect'),(150,'respiratory'),(5468,'respond'),(8126,'responded'),(8142,'respondents'),(4758,'responding'),(3741,'response'),(4741,'responses'),(3722,'responsible'),(862,'rest'),(1002,'restoration'),(7412,'restrictive'),(4850,'restricts'),(5527,'result'),(3667,'resulted'),(3866,'resulting'),(98,'results'),(6887,'retimycin'),(5615,'retrieval'),(153,'retrospective'),(1911,'return'),(6732,'reveal'),(2086,'revealed'),(1386,'reverted'),(4196,'review'),(298,'reviewed'),(8290,'reviewers'),(5852,'reviewing'),(7090,'reviews'),(6975,'rewardlearning'),(2653,'reyes'),(6489,'reykjavik'),(2644,'reyna'),(156,'rezoagli'),(1854,'rfa'),(948,'rh4'),(8485,'rh5'),(2838,'rheeder'),(5310,'rhythmic'),(239,'rianimazione'),(27,'ricci'),(8756,'richardriopelle@mcgillca'),(2201,'riddle'),(893,'rights'),(2729,'rim'),(51,'rimini'),(8659,'riopelle'),(8912,'rise'),(5453,'rising'),(255,'risk'),(7665,'risks'),(3042,'rizvi'),(2129,'rj'),(2319,'rl'),(2158,'rm'),(917,'rn1'),(4813,'rna'),(2984,'robbins'),(3022,'roberts'),(1452,'robillard'),(2410,'robitaille'),(7671,'robust'),(2931,'rodbard'),(1256,'rodents'),(761,'rodrigues'),(2303,'roe'),(3007,'rohatgi'),(2665,'rojaslingan'),(2052,'role'),(1160,'rome'),(8753,'room'),(2321,'roque'),(2483,'rose'),(2952,'roseman'),(2402,'ross'),(23,'rossi'),(8091,'rostered'),(2593,'rotella'),(17,'rough'),(2195,'rouleau'),(652,'routine'),(3092,'rovner'),(2125,'rr'),(5485,'rrna'),(6504,'ruangelieedraebel@strathacuk'),(2900,'rudyk'),(6074,'rue'),(366,'ruocco'),(7932,'rural'),(159,'s1'),(8662,'s10'),(567,'s12'),(8181,'s1249'),(1142,'s2'),(3747,'s3'),(8852,'s365'),(3943,'s37'),(163,'s4'),(384,'s5'),(1439,'s6'),(3759,'s89'),(1800,'sa3'),(2797,'sabán'),(3333,'sacrifice'),(1737,'safe'),(1845,'safely'),(3149,'safety'),(8736,'safra'),(3080,'salacata'),(2463,'salazar'),(7857,'salbach'),(6696,'salinispora'),(2599,'salvioni'),(2331,'salvo'),(2772,'samoylova'),(7109,'sample'),(4626,'sampled'),(687,'samples'),(3848,'sampling'),(216,'san'),(2637,'sanchez'),(69,'sandblasted'),(2176,'sanders'),(2431,'santibañez'),(2375,'santos'),(771,'são'),(206,'saolta'),(1781,'saphenous'),(1158,'sapienza'),(311,'sapsii'),(7565,'saraguilcher@utorontoca'),(8695,'sarahmunce@uhnca'),(2381,'saraiva'),(6777,'sarkar'),(1093,'satellite'),(2874,'sathayapalan'),(2238,'sattar'),(2643,'sauque'),(7852,'sb3'),(1678,'scale'),(4586,'scanning'),(4804,'sce'),(5480,'scenarios'),(3017,'schactman'),(2517,'schaefer'),(2493,'schäufele'),(2482,'schellong'),(5885,'scheme'),(5856,'schemes'),(2499,'schenkenberger'),(2218,'schernthaner'),(2667,'schipperen'),(5806,'schlichting'),(5821,'schlichting@psychutorontoca'),(2348,'schnack'),(2963,'schnall'),(2353,'schoenherr'),(3448,'scholar'),(990,'school'),(2475,'schoper'),(3024,'schubart'),(4246,'schuelke'),(8013,'schuler'),(2477,'schummdraeger'),(347,'sci'),(40,'science'),(196,'sciences'),(1544,'scientists'),(8132,'scirelevant'),(3575,'sclerosis'),(7175,'scoping'),(1681,'score'),(4308,'scores'),(7223,'scotia'),(2209,'scott'),(5407,'scottish'),(8292,'screen'),(8069,'screening'),(3511,'screwretained'),(6620,'scripps'),(7688,'sd'),(7776,'search'),(7266,'searched'),(7276,'searching'),(673,'seasonal'),(274,'secondary'),(5168,'seconds'),(9018,'sector'),(8936,'sectors'),(5497,'sediment'),(5387,'sediments'),(2835,'seedat'),(5829,'seemingly'),(1898,'segment'),(78,'segments'),(1969,'seidman'),(2481,'seissler'),(5209,'seizure'),(5269,'seizureinduced'),(5243,'seizures'),(2789,'selecky'),(353,'selective'),(1844,'selectively'),(7842,'selfefficacy'),(7170,'selfmanagement'),(4771,'selforganization'),(7941,'selfreported'),(1953,'sellers'),(8770,'semistructured'),(4561,'sensitive'),(827,'sensitivity'),(3995,'sensory'),(1965,'seow'),(2112,'sep'),(8163,'sep1'),(5791,'sep153pt'),(5239,'sep213179'),(4388,'sep5034316'),(7004,'separate'),(5845,'separated'),(5545,'separation'),(261,'sepsis'),(7937,'september'),(5487,'sequences'),(5475,'sequencing'),(4303,'sequential'),(1750,'series'),(2675,'serné'),(2794,'serrano'),(642,'serum'),(7095,'served'),(5462,'services'),(4953,'set'),(4556,'setau647'),(908,'setd7'),(4296,'setting'),(7073,'settings'),(5089,'setup'),(2936,'severa'),(260,'severe'),(1697,'severity'),(1167,'sex'),(1129,'sexual'),(3011,'seyoum'),(760,'sf2'),(2632,'sh'),(2304,'shah'),(3065,'shahawy'),(2918,'shanik'),(4973,'shape'),(6236,'shaped'),(6566,'shared'),(9013,'sharing'),(2385,'sheinkova'),(2436,'shen'),(8164,'shepherd'),(2773,'sherenkov'),(2357,'shernthaner'),(2213,'sheu'),(7387,'shikhagupta@queensuca'),(2581,'shimon'),(8030,'shing'),(5704,'shohamy'),(15,'short'),(706,'show'),(850,'showed'),(1919,'shown'),(6396,'shows'),(1538,'shoyama'),(8731,'shulman'),(2395,'shumkova'),(2309,'sicer'),(2403,'sigal'),(2418,'sigalas'),(6285,'sightthreatening'),(1382,'signaling'),(6999,'signals'),(6984,'signatures'),(1908,'significance'),(837,'significant'),(683,'significantly'),(3842,'signs'),(2722,'sikorski'),(5955,'silent'),(2362,'silva'),(2709,'silwinska'),(1923,'similar'),(4751,'similarity'),(4757,'similarly'),(2547,'simon'),(2498,'simonwagner'),(4942,'simple'),(4119,'simply'),(2877,'simpson'),(5507,'simulated'),(4633,'simulation'),(4731,'simultaneously'),(12,'single'),(4798,'singlecell'),(4714,'singleneuron'),(5936,'sinus'),(5961,'sinusitis'),(1434,'sipp'),(1372,'sirt1'),(1392,'sirt1enosmtor'),(1371,'sirtuin'),(3797,'site'),(5437,'sites'),(8767,'situation'),(2526,'siu'),(8097,'sixty'),(5987,'size'),(2198,'sj'),(7376,'sj2'),(7744,'sj23'),(7045,'sjt'),(8475,'sjt1'),(7544,'sjt1234'),(7328,'sjt12345'),(7190,'sjt147'),(8020,'sjt16'),(7854,'sjt4'),(8177,'sjt8'),(1541,'sk'),(6814,'skaggs'),(3208,'skelet'),(524,'skeletal'),(7294,'skills'),(2858,'sl'),(1954,'sl12'),(7182,'sl234'),(7550,'sl78910'),(3495,'slactive'),(8011,'slater'),(4056,'slightly'),(4345,'slow'),(2139,'sm'),(4535,'small'),(4842,'smaller'),(1090,'smallmolecule'),(7377,'smith'),(2774,'smolenskaya'),(8171,'sn5'),(7829,'soc'),(1553,'social'),(888,'society'),(8596,'sociodemographic'),(3924,'sodium'),(4307,'sofa'),(73,'soft'),(2600,'sokolova'),(2953,'soler'),(2083,'soleus'),(922,'soliman'),(4837,'solution'),(9024,'solutionfocused'),(7231,'solutions'),(132,'sons'),(6066,'sorbonne'),(2937,'sorli'),(6258,'sorrentino'),(2785,'sosovec'),(3789,'sostana'),(2800,'soto'),(3084,'soufer'),(3015,'soule'),(6710,'sources'),(2161,'sourij'),(750,'sousa'),(702,'south'),(559,'southern'),(2273,'souza'),(2723,'sowinski'),(2144,'sp'),(8136,'spasticity'),(6643,'spatial'),(4746,'spatially'),(4200,'spatiotemporal'),(1135,'spaziani'),(5127,'specialized'),(1404,'species'),(485,'specific'),(5886,'specifically'),(828,'specificity'),(4321,'specimens'),(647,'spectrometry'),(2982,'sperlhillen'),(3750,'spies'),(5340,'spikes'),(3566,'spinal'),(7708,'sponsorship'),(5956,'spontaneous'),(6524,'sporeforming'),(417,'sport'),(3756,'spranger'),(4790,'spring'),(4247,'spuler'),(4504,'squaraine'),(4555,'squarainerotaxane'),(3055,'sr'),(2214,'sritara'),(2710,'sroka'),(1642,'st'),(5943,'st1'),(4553,'stability'),(3864,'stable'),(3336,'staining'),(8968,'stakeholders'),(2603,'stalte'),(989,'stanford'),(3079,'staniloae'),(3850,'start'),(1226,'starting'),(2708,'stasinksa'),(1517,'state'),(8323,'stated'),(341,'statement'),(6155,'states'),(1907,'statistical'),(1884,'statistically'),(7662,'statistics'),(557,'status'),(278,'stay'),(1308,'steatosis'),(3800,'steffenwebercarstens@charitede'),(5942,'stefko'),(3752,'steinhagenthiessen'),(2609,'stelmane'),(439,'stem'),(984,'stemcell'),(8798,'stems'),(1707,'stent'),(1603,'stenting'),(1724,'stents'),(4948,'stereomicroscope'),(2583,'stern'),(2779,'stevlik'),(4042,'stimulation'),(4952,'stimulator'),(4722,'stimuli'),(4033,'stimulusresponse'),(4739,'stimulusspecific'),(2173,'stone'),(7494,'stop'),(5867,'stored'),(2927,'stout'),(4956,'straightforward'),(6853,'strains'),(6600,'strategies'),(541,'strategy'),(5434,'strathclyde'),(309,'stratified'),(2601,'strautina'),(3263,'street'),(5660,'strength'),(4058,'strengthduration'),(6543,'streptomyces'),(1301,'stress'),(3143,'stroke'),(5446,'strong'),(2763,'strongin'),(2488,'strotmann'),(2929,'struble'),(4089,'structural'),(6876,'structure'),(4747,'structured'),(235,'studi'),(675,'studied'),(474,'studies'),(22,'study'),(945,'su'),(4562,'subcellular'),(5959,'subclinical'),(3127,'subcutaneous'),(6394,'subfield'),(1213,'subgroup'),(1198,'subgroups'),(716,'subjects'),(805,'submitted'),(5801,'subregion'),(4028,'subsequently'),(6080,'substances'),(6034,'subtilis'),(6237,'subtle'),(3535,'success'),(1719,'successful'),(2802,'sucunza'),(3532,'suffered'),(3714,'sufficient'),(2090,'suggest'),(5992,'suggested'),(1388,'suggesting'),(4379,'suggests'),(3003,'sugimoto'),(8761,'suite'),(5779,'suited'),(2612,'sulskiene'),(5691,'sum'),(7125,'summaries'),(7078,'summary'),(7206,'sunnybrook'),(4052,'superexcitability'),(3150,'superior'),(3176,'superiority'),(4193,'superoxidase'),(3836,'supine'),(2765,'suplotova'),(1396,'supplement'),(352,'supplementation'),(477,'supplements'),(4769,'support'),(14,'supported'),(62,'supporting'),(2901,'suprun'),(3049,'suresh'),(61,'surface'),(6134,'surfactins'),(722,'surg'),(179,'surgery'),(455,'surgical'),(5144,'surrounding'),(9006,'surveillance'),(1702,'survey'),(7087,'surveys'),(88,'survival'),(4486,'survivors'),(8763,'susanjaglal@utorontoca'),(3958,'susannekoch@charitede'),(5242,'susceptible'),(8317,'sustainable'),(3670,'sustained'),(5978,'sustaining'),(2670,'swart'),(8170,'sweet'),(5287,'swimming'),(2664,'swinkelsdiepenmaat'),(46,'switzerland'),(1661,'symptomatic'),(798,'symptoms'),(4147,'synapses'),(4129,'synaptic'),(5066,'synchronized'),(5311,'synchronous'),(257,'syndrome'),(506,'synthase'),(1409,'synthasemammalian'),(4334,'synthesis'),(4563,'synthesizing'),(4814,'synthetic'),(2531,'sys'),(655,'system'),(7739,'systematic'),(8917,'systems'),(2557,'szakal'),(2574,'szentpeteri'),(2748,'szilagyi'),(4234,'t1'),(7552,'t11121314'),(3743,'t12'),(7554,'t151617'),(6040,'t2'),(576,'t4'),(5557,'t45'),(8656,'t7'),(7188,'t89'),(964,'ta2'),(8820,'table'),(4831,'tadpole'),(5077,'tadpoles'),(1143,'tahani'),(2724,'tahk'),(9025,'tailored'),(2542,'takacs'),(4987,'takes'),(2881,'takhar'),(7495,'taking'),(2567,'taller'),(2649,'tamez'),(2343,'tan'),(645,'tandem'),(2220,'tankova'),(3026,'tannenbaum'),(8720,'tanyapacker@dalca'),(1379,'target'),(5060,'targeted'),(8842,'targeting'),(8996,'targets'),(8746,'tarikbereket@utorontoca'),(6976,'task'),(7293,'tasks'),(6260,'taubenslag'),(3025,'taylon'),(7238,'team'),(114,'technical'),(1718,'technically'),(3883,'technique'),(5155,'techniques'),(985,'technologies'),(449,'technology'),(437,'tecnologia'),(4827,'tectal'),(4736,'tectum'),(1257,'tedesco'),(3229,'tehrani'),(7929,'telehealth'),(7080,'telephone'),(2911,'teliatnikova'),(5378,'temperature'),(4583,'temporal'),(58,'ten'),(5319,'terminated'),(4511,'terpetschnig'),(6087,'terrasse'),(8804,'territories'),(3312,'test'),(5282,'tested'),(1175,'testicular'),(4484,'testing'),(1222,'testosterone'),(8077,'tests'),(2602,'teterovska'),(6136,'tetronic'),(8299,'text'),(8961,'thematic'),(7129,'themes'),(5831,'theoretical'),(6412,'theory'),(914,'therapeutic'),(1978,'therapeutics'),(3407,'therapies'),(1046,'therapy'),(1834,'thermoablation'),(5556,'thesen'),(6546,'thirtyeight'),(4478,'thirtysix'),(110,'thirtythree'),(2360,'thissen'),(3038,'thomas'),(2130,'thompson'),(763,'thorpe'),(5628,'thought'),(4867,'threedimensional'),(3513,'threeunit'),(4035,'threshold'),(6253,'thrombosis'),(1214,'thyroglobulin'),(1200,'thyroid'),(84,'tightened'),(7433,'till'),(2305,'tillmann'),(95,'time'),(4331,'timedependent'),(7141,'timeefficient'),(4131,'timelapse'),(6304,'timely'),(5541,'timeresolved'),(4644,'times'),(6230,'timescale'),(5166,'timescales'),(8431,'timesrelated'),(2813,'tinahones'),(4840,'tip'),(2706,'tirador'),(2174,'tisch'),(74,'tissue'),(4010,'tissues'),(8293,'titles'),(2761,'tivadar'),(2630,'tk'),(7184,'tl5'),(762,'to2'),(1482,'tokyo'),(472,'tolerance'),(8172,'tomasone'),(5983,'tomography'),(6333,'tompary'),(6843,'tools'),(8378,'top'),(7133,'topics'),(7400,'topmost'),(2236,'torello'),(5570,'toronto'),(3499,'torques'),(387,'torrente'),(1227,'total'),(3004,'toth'),(6046,'touboul'),(1367,'toxicity'),(6188,'traces'),(6110,'traditional'),(1428,'training'),(4540,'traits'),(3582,'tran'),(1360,'transcription'),(4985,'transfected'),(4977,'transfecting'),(4989,'transfection'),(5980,'transient'),(1066,'transition'),(7031,'transitions'),(3112,'transl'),(883,'translate'),(1104,'translation'),(429,'translational'),(5874,'transmit'),(8813,'transparency'),(5262,'transparent'),(853,'transpelvic'),(1057,'transplantable'),(393,'transplantation'),(3626,'transplanted'),(8971,'transportation'),(232,'trapianti'),(262,'trauma'),(7534,'traumatic'),(3888,'treat'),(1095,'treated'),(542,'treatment'),(5151,'treatments'),(3635,'treosulfan'),(3692,'treosulfanconditioned'),(1656,'trial'),(5663,'trials'),(2245,'triana'),(606,'triberg'),(3377,'triceps'),(3345,'triglycerides'),(3058,'tripathy'),(1016,'trondheim'),(6706,'tropica'),(2306,'truffa'),(1352,'tryptophan'),(2532,'tsang'),(2928,'tsao'),(2479,'tschöpe'),(2537,'tse'),(2902,'tseluyko'),(2849,'tseng'),(5353,'tunel'),(4749,'tuning'),(4188,'turn'),(4285,'turnover'),(2770,'turova'),(3491,'twenty'),(4302,'twentynine'),(4044,'twentysix'),(3512,'two'),(4507,'twophoton'),(251,'type'),(144,'types'),(537,'typically'),(703,'tyrol'),(2413,'tytus'),(1449,'u11'),(1979,'ubc'),(3644,'ubiquitously'),(1040,'uk'),(2946,'ukwade'),(2310,'ulla'),(4500,'ultrabright'),(735,'ultrasound'),(4343,'ultrastructure'),(6065,'umr'),(6092,'umr8608'),(3687,'unable'),(5145,'unaltered'),(5273,'unanesthetized'),(265,'unavailable'),(6667,'uncertainties'),(4275,'unclear'),(3962,'und'),(6315,'underdiagnosed'),(1689,'undergo'),(4324,'undergoing'),(7000,'underlie'),(5251,'underlying'),(6314,'underrecognized'),(5669,'underscore'),(5751,'understand'),(1063,'understanding'),(7899,'understood'),(6509,'understudied'),(6119,'undertaken'),(4025,'underwent'),(5933,'unique'),(215,'unit'),(3736,'unitacquired'),(5413,'united'),(6670,'units'),(7510,'universal'),(233,'università'),(3972,'universitätsklinikum'),(3978,'universitätsmedizin'),(6067,'université'),(41,'university'),(3120,'unknown'),(1340,'unlike'),(8351,'unmet'),(5995,'unrelated'),(2087,'untouched'),(6273,'upmc'),(6082,'upr2301'),(8104,'uptake'),(8095,'uptodate'),(7229,'urban'),(2615,'urbanaviciene'),(2616,'urbanavicius'),(8472,'urbandwelling'),(8815,'urgent'),(242,'urgenza'),(2244,'urina'),(993,'usa'),(3117,'usual'),(4560,'utility'),(2695,'uy'),(1451,'v12'),(8477,'v2'),(569,'v23'),(8854,'v37'),(3252,'v6t'),(4112,'v6t2b5'),(2758,'vacaru'),(8120,'vaccination'),(8071,'vaccinations'),(1269,'valerio'),(2668,'valk'),(6035,'vallet'),(5322,'valproate'),(876,'values'),(2659,'van'),(6037,'vanbellingen'),(981,'vancouver'),(930,'vander'),(2551,'vandorfi'),(2359,'vanuytsel'),(2613,'varanauskiene'),(6032,'variabile'),(674,'variability'),(5452,'variables'),(692,'variation'),(1786,'varicose'),(7789,'varied'),(4438,'varies'),(5170,'variety'),(1680,'vas'),(721,'vasc'),(509,'vascular'),(1634,'vascular369@hotmailcom'),(3406,'vasculartargeted'),(469,'vasculature'),(4316,'vastus'),(2904,'vatutin'),(2917,'vayda'),(512,'vegf'),(738,'vein'),(1787,'veins'),(2619,'velaviciene'),(2622,'velickiene'),(2804,'vendrell'),(807,'venography'),(723,'venous'),(335,'ventilated'),(295,'ventilation'),(3353,'ventricular'),(2231,'veresiu'),(2358,'verhaegen'),(4666,'verlag'),(8651,'verrier'),(4805,'versatile'),(7930,'version'),(8657,'versnel'),(300,'versus'),(3313,'vessel'),(2050,'vessels'),(1003,'veterans'),(3613,'vhhsc'),(3733,'vibration'),(1034,'vic'),(8876,'victoria'),(5175,'video'),(2398,'videva'),(4114,'view'),(1560,'views'),(160,'villa'),(2325,'villarino'),(2647,'villeda'),(212,'vimercate'),(2782,'vinanska'),(2187,'vincent'),(6488,'vinlandsleið'),(3767,'virchow'),(3950,'virchowklinikum'),(5101,'vis'),(2580,'vishlitsky'),(7694,'visits'),(1676,'visual'),(4960,'visualization'),(3841,'vital'),(7956,'vitality'),(632,'vitamin'),(909,'vitro'),(2081,'vivo'),(4825,'vivotargeted'),(2916,'vizir'),(2912,'vlasenko'),(3073,'vo'),(419,'voghera'),(8819,'voice'),(4004,'voltagegated'),(3354,'volume'),(2969,'vonderhaar'),(2656,'voorspette'),(2560,'voros'),(7849,'voth'),(2131,'vp'),(788,'vpgs'),(2535,'vt'),(8791,'vulnerability'),(944,'w4'),(3033,'wade'),(2224,'wainstein'),(8430,'wait'),(3060,'wakefield'),(8601,'walkability'),(1847,'wall'),(2446,'wang'),(1947,'wasting'),(7235,'waterloo'),(4549,'wavelengths'),(5330,'waves'),(2042,'weakness'),(6579,'wealth'),(8240,'webbased'),(3758,'webercarstens'),(2961,'webster'),(1865,'week'),(3134,'weekly'),(81,'weeks'),(8576,'weight'),(7799,'weighted'),(4669,'weinheim'),(2949,'weiss'),(7246,'wellbeing'),(2253,'weng'),(931,'werff'),(3754,'wernecke'),(4603,'wesbrook'),(5587,'west'),(3327,'western'),(2846,'whh'),(259,'white'),(2972,'whitehouse'),(3629,'wholebody'),(4717,'wholenetwork'),(4645,'wide'),(6953,'widely'),(2221,'widimsky'),(575,'widmann'),(4843,'width'),(3359,'wildtype'),(2866,'wiles'),(131,'wiley'),(4665,'wileyvch'),(2834,'wilhase'),(1456,'wilson'),(7680,'window'),(5882,'windows'),(2979,'wine'),(2839,'wing'),(1332,'wistar'),(2339,'wittert'),(2564,'wittman'),(2636,'wk'),(5555,'wk3'),(4235,'woehlecke'),(3746,'wolf'),(3742,'wollersheim'),(3932,'wolter'),(8108,'women'),(2162,'wong'),(2404,'woo'),(2188,'woodall'),(2420,'woodford'),(7523,'work'),(7068,'working'),(1310,'worsened'),(2889,'wright'),(7741,'wshah'),(2852,'wt'),(2661,'ww'),(2739,'wy'),(3010,'wyne'),(2973,'wysham'),(5391,'x2'),(4734,'xenopus'),(4802,'xf'),(949,'xu'),(388,'y11'),(2399,'yakov'),(2250,'yale'),(2528,'yan'),(2433,'yanez'),(2450,'yang'),(700,'year'),(59,'years'),(5216,'yen'),(2534,'yeung'),(924,'yi'),(1083,'yield'),(2854,'yj'),(2726,'yn'),(2217,'yong'),(2211,'yoon'),(5566,'york'),(696,'young'),(6268,'yu'),(2447,'yuan'),(459,'yvantorrente@unimiit'),(2163,'yw'),(1958,'z12'),(1445,'z9'),(2617,'zabuliene'),(2755,'zaharie'),(2397,'zaharieva'),(2328,'zaidman'),(2714,'zaluska'),(2256,'zannad'),(959,'zaph'),(1458,'zarzeczny'),(2307,'zazula'),(2308,'zeitler'),(947,'zhang'),(2449,'zhou'),(6780,'ziemert'),(2570,'zilahi'),(3001,'zimering'),(2998,'zimmerman'),(2150,'zinman'),(2775,'zrahevskiy'),(5727,'zuckerman'),(48,'zurich'),(307,'[212]'),(6934,'[2]'),(3153,'[731]'),(320,'[ci]'),(551,'[epub'),(896,'[indexed'),(305,'[interquartile'),(316,'[or]'),(129,'©'),(113,'±'),(323,'β'),(1078,'βcatenin'),(8265,'≥18'),(819,'≥50');
/*!40000 ALTER TABLE `keyword` ENABLE KEYS */;
UNLOCK TABLES;

--
-- Table structure for table `lab`
--

DROP TABLE IF EXISTS `lab`;
/*!40101 SET @saved_cs_client     = @@character_set_client */;
/*!40101 SET character_set_client = utf8 */;
CREATE TABLE `lab` (
  `id` int(11) NOT NULL AUTO_INCREMENT,
  `lab_name` text NOT NULL,
  `location` text DEFAULT NULL,
  `url` text DEFAULT NULL,
  PRIMARY KEY (`id`)
) ENGINE=InnoDB AUTO_INCREMENT=5 DEFAULT CHARSET=utf8;
/*!40101 SET character_set_client = @saved_cs_client */;

--
-- Dumping data for table `lab`
--

LOCK TABLES `lab` WRITE;
/*!40000 ALTER TABLE `lab` DISABLE KEYS */;
INSERT INTO `lab` VALUES (1,'the Rossi Laboratory','2222 Health Sciences Mall, Vancouver, British Columbia, Canada','http://www.rossilab.ca/'),(2,'Haas Lab','2211 Wesbrook Mall, Vancouver, British Columbia, Canada','http://www.haaslab.com/'),(3,'The Duncan Lab','100 St George St, Toronto, Ontario, Canada','http://duncanlab.org/'),(4,'Guilcher Lab','144 College St, Toronto, Ontario, Canada','https://www.guilcherlab.com/');
/*!40000 ALTER TABLE `lab` ENABLE KEYS */;
UNLOCK TABLES;

--
-- Table structure for table `lab_article`
--

DROP TABLE IF EXISTS `lab_article`;
/*!40101 SET @saved_cs_client     = @@character_set_client */;
/*!40101 SET character_set_client = utf8 */;
CREATE TABLE `lab_article` (
  `lab_id` int(11) NOT NULL,
  `article_id` int(11) NOT NULL,
  PRIMARY KEY (`lab_id`,`article_id`),
  KEY `article_id` (`article_id`),
  CONSTRAINT `lab_article_ibfk_1` FOREIGN KEY (`lab_id`) REFERENCES `lab` (`id`),
  CONSTRAINT `lab_article_ibfk_2` FOREIGN KEY (`article_id`) REFERENCES `article` (`id`)
) ENGINE=InnoDB DEFAULT CHARSET=utf8;
/*!40101 SET character_set_client = @saved_cs_client */;

--
-- Dumping data for table `lab_article`
--

LOCK TABLES `lab_article` WRITE;
/*!40000 ALTER TABLE `lab_article` DISABLE KEYS */;
INSERT INTO `lab_article` VALUES (1,1),(1,2),(1,3),(1,4),(1,5),(1,6),(1,7),(1,8),(1,9),(1,10),(1,11),(1,12),(1,13),(1,14),(1,15),(1,16),(2,17),(2,18),(2,19),(2,20),(2,21),(2,22),(2,23),(2,24),(2,25),(2,26),(2,27),(2,28),(2,29),(3,30),(3,31),(3,32),(3,33),(3,34),(3,35),(3,36),(3,37),(3,38),(3,39),(3,40),(3,41),(3,42),(4,43),(4,44),(4,45),(4,46),(4,47),(4,48),(4,49),(4,50),(4,51),(4,52),(4,53),(4,54),(4,55);
/*!40000 ALTER TABLE `lab_article` ENABLE KEYS */;
UNLOCK TABLES;

--
-- Table structure for table `lab_person`
--

DROP TABLE IF EXISTS `lab_person`;
/*!40101 SET @saved_cs_client     = @@character_set_client */;
/*!40101 SET character_set_client = utf8 */;
CREATE TABLE `lab_person` (
  `lab_id` int(11) NOT NULL,
  `person_id` int(11) NOT NULL,
  PRIMARY KEY (`lab_id`,`person_id`),
  KEY `person_id` (`person_id`),
  CONSTRAINT `lab_person_ibfk_1` FOREIGN KEY (`lab_id`) REFERENCES `lab` (`id`),
  CONSTRAINT `lab_person_ibfk_2` FOREIGN KEY (`person_id`) REFERENCES `person` (`id`)
) ENGINE=InnoDB DEFAULT CHARSET=utf8;
/*!40101 SET character_set_client = @saved_cs_client */;

--
-- Dumping data for table `lab_person`
--

LOCK TABLES `lab_person` WRITE;
/*!40000 ALTER TABLE `lab_person` DISABLE KEYS */;
INSERT INTO `lab_person` VALUES (1,1),(2,2),(3,3),(4,4);
/*!40000 ALTER TABLE `lab_person` ENABLE KEYS */;
UNLOCK TABLES;

--
-- Table structure for table `person`
--

DROP TABLE IF EXISTS `person`;
/*!40101 SET @saved_cs_client     = @@character_set_client */;
/*!40101 SET character_set_client = utf8 */;
CREATE TABLE `person` (
  `id` int(11) NOT NULL AUTO_INCREMENT,
  `name` text DEFAULT NULL,
  `email` text DEFAULT NULL,
  PRIMARY KEY (`id`)
) ENGINE=InnoDB AUTO_INCREMENT=5 DEFAULT CHARSET=utf8;
/*!40101 SET character_set_client = @saved_cs_client */;

--
-- Dumping data for table `person`
--

LOCK TABLES `person` WRITE;
/*!40000 ALTER TABLE `person` DISABLE KEYS */;
INSERT INTO `person` VALUES (1,'Fabio Rossi','fabio@brc.ubc.ca'),(2,'Kurt Haas','kurt.haas@ubc.ca'),(3,'Katherine Duncan','duncan@psych.utoronto.ca'),(4,'Sara Guilcher','sara.guilcher@utoronto.ca');
/*!40000 ALTER TABLE `person` ENABLE KEYS */;
UNLOCK TABLES;
/*!40103 SET TIME_ZONE=@OLD_TIME_ZONE */;

/*!40101 SET SQL_MODE=@OLD_SQL_MODE */;
/*!40014 SET FOREIGN_KEY_CHECKS=@OLD_FOREIGN_KEY_CHECKS */;
/*!40014 SET UNIQUE_CHECKS=@OLD_UNIQUE_CHECKS */;
/*!40101 SET CHARACTER_SET_CLIENT=@OLD_CHARACTER_SET_CLIENT */;
/*!40101 SET CHARACTER_SET_RESULTS=@OLD_CHARACTER_SET_RESULTS */;
/*!40101 SET COLLATION_CONNECTION=@OLD_COLLATION_CONNECTION */;
/*!40111 SET SQL_NOTES=@OLD_SQL_NOTES */;

-- Dump completed on 2019-02-10  8:12:08
