-- MySQL dump 10.16  Distrib 10.2.14-MariaDB, for osx10.12 (x86_64)
--
-- Host: localhost    Database: acamedia
-- ------------------------------------------------------
-- Server version	10.2.14-MariaDB

/*!40101 SET @OLD_CHARACTER_SET_CLIENT=@@CHARACTER_SET_CLIENT */;
/*!40101 SET @OLD_CHARACTER_SET_RESULTS=@@CHARACTER_SET_RESULTS */;
/*!40101 SET @OLD_COLLATION_CONNECTION=@@COLLATION_CONNECTION */;
/*!40101 SET NAMES utf8 */;
/*!40103 SET @OLD_TIME_ZONE=@@TIME_ZONE */;
/*!40103 SET TIME_ZONE='+00:00' */;
/*!40014 SET @OLD_UNIQUE_CHECKS=@@UNIQUE_CHECKS, UNIQUE_CHECKS=0 */;
/*!40014 SET @OLD_FOREIGN_KEY_CHECKS=@@FOREIGN_KEY_CHECKS, FOREIGN_KEY_CHECKS=0 */;
/*!40101 SET @OLD_SQL_MODE=@@SQL_MODE, SQL_MODE='NO_AUTO_VALUE_ON_ZERO' */;
/*!40111 SET @OLD_SQL_NOTES=@@SQL_NOTES, SQL_NOTES=0 */;

--
-- Table structure for table `article`
--

DROP TABLE IF EXISTS `article`;
/*!40101 SET @saved_cs_client     = @@character_set_client */;
/*!40101 SET character_set_client = utf8 */;
CREATE TABLE `article` (
  `id` int(11) NOT NULL AUTO_INCREMENT,
  `title` varchar(1024) NOT NULL,
  `publish_date` date DEFAULT NULL,
  PRIMARY KEY (`id`),
  UNIQUE KEY `title` (`title`)
) ENGINE=InnoDB AUTO_INCREMENT=63 DEFAULT CHARSET=utf8;
/*!40101 SET character_set_client = @saved_cs_client */;

--
-- Dumping data for table `article`
--

LOCK TABLES `article` WRITE;
/*!40000 ALTER TABLE `article` DISABLE KEYS */;
INSERT INTO `article` VALUES (1,'Long-term follow-up of single crowns supported by short, moderately rough implants-A prospective 10-year cohort study.','0000-00-00'),(2,'ABO blood types and major outcomes in patients with acute hypoxaemic respiratory failure: A multicenter retrospective cohort study.','0000-00-00'),(3,'Supplementation with a selective amino acid formula ameliorates muscular dystrophy in mdx mice.','0000-00-00'),(4,'LC-MS/MS based 25(OH)D status in a large Southern European outpatient cohort: gender- and age-specific differences.','0000-00-00'),(5,'Correlation between venous pressure gradients and intravascular ultrasound in the diagnosis of iliac vein compression syndrome.','0000-00-00'),(6,'Inhibition of Methyltransferase Setd7 Allows the In Vitro Expansion of Myogenic Stem Cells with Improved Therapeutic Potential.','0000-00-00'),(7,'Endocrine and metabolic evaluation of classic Klinefelter syndrome and high-grade aneuploidies of sexual chromosomes with male phenotype: are they different clinical conditions?','0000-00-00'),(8,'A specific amino acid formula prevents alcoholic liver disease in rodents.','0000-00-00'),(9,'A blueprint for the next generation of ELSI research, training, and outreach in regenerative medicine.','0000-00-00'),(10,'Randomized double-blinded study comparing medical treatment versus iliac vein stenting in chronic venous disease.','0000-00-00'),(11,'Prospective, double-blind, randomized controlled trial comparing electrocoagulation and radiofrequency in the treatment of patients with great saphenous vein insufficiency and lower limb varicose veins.','0000-00-00'),(12,'Increased nonHDL cholesterol levels cause muscle wasting and ambulatory dysfunction in the mouse model of LGMD2B.','0000-00-00'),(13,'Effects of Once-Weekly Exenatide on Cardiovascular Outcomes in Type 2 Diabetes.','0000-00-00'),(14,'Increased plasma lipid levels exacerbate muscle pathology in the mdx mouse model of Duchenne muscular dystrophy.','0000-00-00'),(15,'6-mm-long implants loaded with fiber-reinforced composite resin-bonded fixed prostheses (FRCRBFDPs). A 5-year prospective study.','0000-00-00'),(16,'Bone Marrow-Derived Cell Accumulation in the Spinal Cord Is Independent of Peripheral Mobilization in a Mouse Model of Amyotrophic Lateral Sclerosis.','0000-00-00'),(17,'Whole-body vibration to prevent intensive care unit-acquired weakness: safety, feasibility, and metabolic response.','0000-00-00'),(18,'Critical illness polyneuropathy in ICU patients is related to reduced motor nerve excitability caused by reduced sodium permeability.','0000-00-00'),(19,'Interactions between mitochondria and the transcription factor myocyte enhancer factor 2 (MEF2) regulate neuronal structural and functional plasticity and metaplasticity.','0000-00-00'),(20,'Dynamics of myosin degradation in intensive care unit-acquired weakness during severe critical illness.','0000-00-00'),(21,'Long-term recovery In critical illness myopathy is complete, contrary to polyneuropathy.','0000-00-00'),(22,'Ultra-bright and -stable red and near-infrared squaraine fluorophores for in vivo two-photon imaging.','0000-00-00'),(23,'Fast non-negative temporal deconvolution for laser scanning microscopy.','0000-00-00'),(24,'Functional clustering drives encoding improvement in a developing brain network during awake visual learning.','0000-00-00'),(25,'Single-cell electroporation in Xenopus.','0000-00-00'),(26,'Single-cell electroporation of Xenopus tadpole tectal neurons.','0000-00-00'),(27,'In vivo single-cell excitability probing of neuronal ensembles in the intact and awake developing Xenopus brain.','0000-00-00'),(28,'Single cell electroporation in vivo within the intact developing brain.','0000-00-00'),(29,'In vivo imaging of seizure activity in a novel developmental seizure model.','0000-00-00'),(30,'Temperature Driven Changes in Benthic Bacterial Diversity Influences Biogeochemical Cycling in Coastal Sediments.','0000-00-00'),(31,'Time-resolved neural reinstatement and pattern separation during memory decisions in human hippocampus.','0000-00-00'),(32,'More Than the Sum of Its Parts: A Role for the Hippocampus in Configural Reinforcement Learning.','0000-00-00'),(33,'Hippocampal representations as a function of time, subregion, and brain state.','0000-00-00'),(34,'Nonhealing orbital floor fracture in a pediatric patient: A unique presentation of pseudo-silent sinus syndrome.','0000-00-00'),(35,'An Integrative Approach to Decipher the Chemical Antagonism between the Competing Endophytes Paraconiothyrium variabile and Bacillus subtilis.','0000-00-00'),(36,'Lingering Cognitive States Shape Fundamental Mnemonic Abilities.','0000-00-00'),(37,'Temperature Driven Changes in Benthic Bacterial Diversity Influences Biogeochemical Cycling in Coastal Sediments','0000-00-00'),(38,'Timeresolved neural reinstatement and pattern separation during memory decisions in human hippocampus','0000-00-00'),(39,'More Than the Sum of Its Parts A Role for the Hippocampus in Configural Reinforcement Learning','0000-00-00'),(40,'Hippocampal representations as a function of time subregion and brain state','0000-00-00'),(41,'Nonhealing orbital floor fracture in a pediatric patient A unique presentation of pseudosilent sinus syndrome','0000-00-00'),(42,'An Integrative Approach to Decipher the Chemical Antagonism between the Competing Endophytes Paraconiothyrium variabile and Bacillus subtilis','0000-00-00'),(43,'Lingering Cognitive States Shape Fundamental Mnemonic Abilities','0000-00-00'),(44,'Superior ophthalmic vein thrombosis A rare complication of Graves orbitopathy','0000-00-00'),(45,'Highresolution investigation of memoryspecific reinstatement in the hippocampus and perirhinal cortex','0000-00-00'),(46,'Using Molecular Networking for Microbial Secondary Metabolite Bioprospecting','0000-00-00'),(47,'Competitive strategies differentiate closely related species of marine actinobacteria','0000-00-00'),(48,'Molecular networking and patternbased genome mining improves discovery of biosynthetic gene clusters and their products from Salinispora species','0000-00-00'),(49,'Modelbased choices involve prospective neural activity','0000-00-00'),(50,'Enhanced communication between inpatient and community pharmacists to optimize medication management during transitions of care','0000-00-00'),(51,'Selfmanagement of pain and depression in adults with spinal cord injury A scoping review','0000-00-00'),(52,'Exploring deprescribing opportunities for community pharmacists Protocol for a qualitative study','0000-00-00'),(53,'Costrelated nonadherence to prescription medications in Canada a scoping review','0000-00-00'),(54,'Prescription drug claims following a traumatic spinal cord injury for older adults a retrospective populationbased study in Ontario Canada','0000-00-00'),(55,'Prevalence of osteoarthritis in individuals with COPD a systematic review','0000-00-00'),(56,'In this together Social identification predicts health outcomes via selfefficacy in a chronic disease selfmanagement program','0000-00-00'),(57,'Preventive care among primary care patients living with spinal cord injury','0000-00-00'),(58,'Online peer support interventions for chronic conditions a scoping review protocol','0000-00-00'),(59,'An examination of perceived health care availability and unmet health care need in the City of Toronto Ontario Canada','0000-00-00'),(60,'The association between social cohesion in the neighborhood and body mass index BMI An examination of gendered differences among urbandwelling Canadians','0000-00-00'),(61,'The financial burden of prescription drugs for neurological conditions in Canada Results from the National Population Health Study of Neurological Conditions','0000-00-00'),(62,'Identifying mechanisms for facilitating knowledge to action strategies targeting the built environment','0000-00-00');
/*!40000 ALTER TABLE `article` ENABLE KEYS */;
UNLOCK TABLES;

--
-- Table structure for table `article_keyword`
--

DROP TABLE IF EXISTS `article_keyword`;
/*!40101 SET @saved_cs_client     = @@character_set_client */;
/*!40101 SET character_set_client = utf8 */;
CREATE TABLE `article_keyword` (
  `article_id` int(11) NOT NULL,
  `keyword_id` int(11) NOT NULL,
  PRIMARY KEY (`article_id`,`keyword_id`),
  KEY `keyword_id` (`keyword_id`),
  CONSTRAINT `article_keyword_ibfk_1` FOREIGN KEY (`article_id`) REFERENCES `article` (`id`),
  CONSTRAINT `article_keyword_ibfk_2` FOREIGN KEY (`keyword_id`) REFERENCES `keyword` (`id`)
) ENGINE=InnoDB DEFAULT CHARSET=utf8;
/*!40101 SET character_set_client = @saved_cs_client */;

--
-- Dumping data for table `article_keyword`
--

LOCK TABLES `article_keyword` WRITE;
/*!40000 ALTER TABLE `article_keyword` DISABLE KEYS */;
INSERT INTO `article_keyword` VALUES (1,1),(1,2),(1,3),(1,4),(1,5),(1,6),(1,7),(1,8),(1,9),(1,10),(1,11),(1,12),(1,13),(1,14),(1,15),(1,16),(1,17),(1,18),(1,19),(1,20),(1,21),(1,22),(1,23),(1,24),(1,25),(1,26),(1,27),(1,28),(1,29),(1,30),(1,31),(1,32),(1,33),(1,34),(1,35),(1,36),(1,37),(1,38),(1,39),(1,40),(1,41),(1,42),(1,43),(1,44),(1,45),(1,46),(1,47),(1,48),(1,49),(1,50),(1,51),(1,52),(1,53),(1,54),(1,55),(1,56),(1,57),(1,58),(1,59),(1,60),(1,61),(1,62),(1,63),(1,64),(1,65),(1,66),(1,67),(1,68),(1,69),(1,70),(1,71),(1,72),(1,73),(1,74),(1,75),(1,76),(1,77),(1,78),(1,79),(1,80),(1,81),(1,82),(1,83),(1,84),(1,85),(1,86),(1,87),(1,88),(1,89),(1,90),(1,91),(1,92),(1,93),(1,94),(1,95),(1,96),(1,97),(1,98),(1,99),(1,100),(1,101),(1,102),(1,103),(1,104),(1,105),(1,106),(1,107),(1,108),(1,109),(1,110),(1,111),(1,112),(1,113),(1,114),(1,115),(1,116),(1,117),(1,118),(1,119),(1,120),(1,121),(1,122),(1,123),(1,124),(1,125),(1,126),(1,127),(1,128),(1,129),(1,130),(1,131),(1,132),(1,133),(1,134),(1,135),(2,6),(2,21),(2,22),(2,23),(2,35),(2,36),(2,38),(2,41),(2,43),(2,55),(2,57),(2,66),(2,80),(2,98),(2,109),(2,118),(2,122),(2,135),(2,136),(2,137),(2,138),(2,140),(2,141),(2,142),(2,143),(2,144),(2,145),(2,148),(2,149),(2,150),(2,151),(2,152),(2,153),(2,156),(2,157),(2,158),(2,159),(2,160),(2,161),(2,162),(2,163),(2,165),(2,166),(2,167),(2,168),(2,169),(2,170),(2,171),(2,172),(2,173),(2,174),(2,177),(2,178),(2,179),(2,181),(2,182),(2,184),(2,185),(2,186),(2,187),(2,188),(2,189),(2,190),(2,191),(2,192),(2,193),(2,194),(2,196),(2,197),(2,198),(2,199),(2,200),(2,201),(2,202),(2,203),(2,204),(2,205),(2,206),(2,207),(2,208),(2,209),(2,210),(2,211),(2,212),(2,213),(2,214),(2,215),(2,216),(2,217),(2,218),(2,219),(2,220),(2,221),(2,222),(2,223),(2,224),(2,225),(2,226),(2,227),(2,228),(2,229),(2,230),(2,231),(2,232),(2,233),(2,234),(2,235),(2,236),(2,237),(2,238),(2,239),(2,240),(2,241),(2,242),(2,243),(2,244),(2,245),(2,246),(2,247),(2,248),(2,249),(2,250),(2,251),(2,252),(2,253),(2,255),(2,256),(2,257),(2,258),(2,259),(2,260),(2,261),(2,262),(2,263),(2,264),(2,265),(2,266),(2,267),(2,268),(2,269),(2,270),(2,271),(2,272),(2,273),(2,274),(2,275),(2,276),(2,277),(2,278),(2,279),(2,280),(2,282),(2,284),(2,285),(2,286),(2,287),(2,288),(2,289),(2,290),(2,291),(2,292),(2,293),(2,294),(2,295),(2,297),(2,298),(2,299),(2,300),(2,301),(2,302),(2,303),(2,304),(2,305),(2,306),(2,307),(2,308),(2,309),(2,311),(2,312),(2,313),(2,314),(2,315),(2,316),(2,317),(2,318),(2,319),(2,320),(2,321),(2,322),(2,323),(2,324),(2,325),(2,326),(2,327),(2,328),(2,329),(2,330),(2,331),(2,332),(2,334),(2,335),(2,336),(2,337),(2,339),(2,340),(2,341),(2,342),(2,343),(2,344),(2,345),(2,346),(3,6),(3,22),(3,23),(3,35),(3,36),(3,37),(3,40),(3,41),(3,43),(3,74),(3,90),(3,99),(3,118),(3,135),(3,137),(3,159),(3,163),(3,178),(3,187),(3,188),(3,191),(3,192),(3,193),(3,207),(3,210),(3,226),(3,228),(3,233),(3,234),(3,235),(3,236),(3,243),(3,244),(3,245),(3,247),(3,248),(3,260),(3,336),(3,347),(3,348),(3,351),(3,352),(3,353),(3,354),(3,355),(3,356),(3,357),(3,358),(3,359),(3,360),(3,361),(3,362),(3,364),(3,365),(3,366),(3,367),(3,368),(3,369),(3,370),(3,371),(3,372),(3,373),(3,375),(3,376),(3,378),(3,379),(3,380),(3,381),(3,382),(3,383),(3,384),(3,385),(3,386),(3,387),(3,388),(3,392),(3,393),(3,402),(3,406),(3,407),(3,408),(3,411),(3,412),(3,414),(3,415),(3,417),(3,419),(3,421),(3,422),(3,425),(3,426),(3,428),(3,429),(3,430),(3,431),(3,432),(3,434),(3,435),(3,436),(3,437),(3,438),(3,439),(3,440),(3,441),(3,442),(3,443),(3,444),(3,445),(3,446),(3,448),(3,449),(3,450),(3,451),(3,452),(3,454),(3,455),(3,456),(3,457),(3,458),(3,459),(3,460),(3,461),(3,462),(3,464),(3,465),(3,466),(3,467),(3,468),(3,469),(3,470),(3,471),(3,472),(3,473),(3,474),(3,475),(3,476),(3,477),(3,478),(3,479),(3,480),(3,481),(3,482),(3,483),(3,484),(3,485),(3,486),(3,487),(3,488),(3,489),(3,491),(3,492),(3,493),(3,494),(3,495),(3,496),(3,497),(3,498),(3,499),(3,500),(3,502),(3,503),(3,504),(3,505),(3,506),(3,507),(3,508),(3,509),(3,510),(3,511),(3,512),(3,513),(3,514),(3,515),(3,516),(3,518),(3,519),(3,520),(3,521),(3,522),(3,523),(3,524),(3,525),(3,526),(3,527),(3,528),(3,529),(3,530),(3,531),(3,532),(3,533),(3,534),(3,535),(3,536),(3,537),(3,539),(3,540),(3,541),(3,542),(3,544),(4,6),(4,21),(4,22),(4,23),(4,24),(4,35),(4,36),(4,37),(4,41),(4,43),(4,55),(4,66),(4,98),(4,118),(4,122),(4,135),(4,178),(4,188),(4,192),(4,193),(4,208),(4,218),(4,219),(4,228),(4,269),(4,322),(4,384),(4,426),(4,445),(4,474),(4,546),(4,547),(4,548),(4,550),(4,551),(4,552),(4,553),(4,554),(4,555),(4,556),(4,557),(4,558),(4,559),(4,560),(4,561),(4,563),(4,564),(4,565),(4,566),(4,567),(4,568),(4,569),(4,571),(4,572),(4,575),(4,576),(4,577),(4,578),(4,579),(4,580),(4,581),(4,583),(4,584),(4,585),(4,586),(4,591),(4,592),(4,594),(4,596),(4,599),(4,600),(4,602),(4,603),(4,604),(4,605),(4,606),(4,608),(4,609),(4,610),(4,612),(4,615),(4,616),(4,618),(4,619),(4,620),(4,622),(4,623),(4,624),(4,625),(4,626),(4,627),(4,628),(4,629),(4,630),(4,631),(4,632),(4,633),(4,634),(4,636),(4,637),(4,638),(4,639),(4,641),(4,642),(4,643),(4,644),(4,645),(4,646),(4,647),(4,648),(4,651),(4,652),(4,653),(4,654),(4,655),(4,656),(4,657),(4,658),(4,659),(4,660),(4,661),(4,662),(4,663),(4,664),(4,665),(4,666),(4,667),(4,668),(4,669),(4,670),(4,671),(4,672),(4,673),(4,674),(4,675),(4,676),(4,677),(4,678),(4,679),(4,680),(4,681),(4,683),(4,684),(4,685),(4,687),(4,688),(4,689),(4,690),(4,691),(4,692),(4,693),(4,694),(4,695),(4,696),(4,697),(4,698),(4,699),(4,700),(4,702),(4,703),(4,704),(4,705),(4,706),(4,707),(4,708),(4,710),(4,711),(4,712),(4,713),(4,714),(4,715),(4,716),(4,717),(4,718),(4,719),(5,6),(5,8),(5,22),(5,23),(5,35),(5,36),(5,53),(5,54),(5,55),(5,66),(5,80),(5,98),(5,104),(5,109),(5,127),(5,129),(5,134),(5,135),(5,179),(5,186),(5,201),(5,218),(5,257),(5,263),(5,268),(5,297),(5,312),(5,322),(5,392),(5,462),(5,482),(5,509),(5,565),(5,631),(5,641),(5,681),(5,683),(5,721),(5,722),(5,723),(5,724),(5,725),(5,726),(5,728),(5,730),(5,731),(5,732),(5,733),(5,734),(5,735),(5,736),(5,737),(5,738),(5,739),(5,741),(5,742),(5,743),(5,744),(5,746),(5,747),(5,748),(5,749),(5,750),(5,751),(5,752),(5,753),(5,754),(5,755),(5,756),(5,757),(5,758),(5,759),(5,760),(5,761),(5,762),(5,763),(5,764),(5,767),(5,768),(5,769),(5,770),(5,771),(5,772),(5,773),(5,775),(5,776),(5,777),(5,779),(5,780),(5,781),(5,783),(5,784),(5,785),(5,788),(5,789),(5,790),(5,791),(5,793),(5,794),(5,795),(5,797),(5,798),(5,800),(5,801),(5,803),(5,805),(5,806),(5,807),(5,808),(5,809),(5,810),(5,811),(5,812),(5,813),(5,815),(5,816),(5,818),(5,819),(5,820),(5,821),(5,822),(5,823),(5,825),(5,827),(5,828),(5,830),(5,831),(5,832),(5,834),(5,836),(5,837),(5,838),(5,839),(5,840),(5,841),(5,843),(5,844),(5,845),(5,846),(5,848),(5,850),(5,851),(5,853),(5,854),(5,855),(5,856),(5,857),(5,858),(5,859),(5,860),(5,861),(5,862),(5,863),(5,864),(5,865),(5,866),(5,867),(5,870),(5,871),(5,874),(5,876),(5,877),(5,878),(5,879),(5,880),(5,881),(5,882),(5,883),(5,884),(5,885),(5,886),(5,888),(5,892),(5,893),(5,894),(5,896),(5,897),(6,6),(6,8),(6,23),(6,35),(6,36),(6,40),(6,41),(6,74),(6,127),(6,129),(6,135),(6,178),(6,185),(6,188),(6,191),(6,192),(6,193),(6,196),(6,204),(6,207),(6,245),(6,266),(6,297),(6,336),(6,358),(6,359),(6,393),(6,411),(6,414),(6,426),(6,428),(6,439),(6,440),(6,441),(6,448),(6,449),(6,468),(6,520),(6,524),(6,599),(6,655),(6,683),(6,706),(6,775),(6,886),(6,892),(6,893),(6,894),(6,900),(6,901),(6,903),(6,905),(6,906),(6,907),(6,908),(6,909),(6,910),(6,911),(6,913),(6,914),(6,915),(6,916),(6,917),(6,918),(6,919),(6,920),(6,921),(6,922),(6,923),(6,924),(6,925),(6,926),(6,927),(6,928),(6,929),(6,930),(6,931),(6,932),(6,933),(6,934),(6,935),(6,936),(6,937),(6,938),(6,939),(6,940),(6,941),(6,942),(6,943),(6,944),(6,945),(6,946),(6,947),(6,948),(6,949),(6,950),(6,951),(6,952),(6,954),(6,955),(6,956),(6,957),(6,958),(6,959),(6,960),(6,961),(6,962),(6,963),(6,964),(6,966),(6,969),(6,974),(6,977),(6,979),(6,980),(6,981),(6,982),(6,983),(6,984),(6,985),(6,987),(6,988),(6,989),(6,990),(6,993),(6,994),(6,995),(6,998),(6,1000),(6,1001),(6,1002),(6,1003),(6,1004),(6,1005),(6,1006),(6,1009),(6,1011),(6,1013),(6,1016),(6,1017),(6,1018),(6,1019),(6,1020),(6,1023),(6,1024),(6,1025),(6,1026),(6,1027),(6,1028),(6,1029),(6,1030),(6,1031),(6,1032),(6,1033),(6,1034),(6,1035),(6,1036),(6,1037),(6,1038),(6,1039),(6,1040),(6,1041),(6,1044),(6,1045),(6,1046),(6,1047),(6,1048),(6,1049),(6,1052),(6,1053),(6,1055),(6,1056),(6,1057),(6,1058),(6,1059),(6,1060),(6,1061),(6,1062),(6,1063),(6,1064),(6,1065),(6,1066),(6,1067),(6,1068),(6,1069),(6,1070),(6,1071),(6,1073),(6,1075),(6,1076),(6,1077),(6,1078),(6,1079),(6,1080),(6,1081),(6,1082),(6,1083),(6,1085),(6,1087),(6,1088),(6,1089),(6,1090),(6,1091),(6,1092),(6,1093),(6,1094),(6,1095),(6,1096),(6,1097),(6,1098),(6,1101),(6,1102),(6,1103),(6,1104),(6,1105),(6,1112),(7,6),(7,8),(7,22),(7,23),(7,35),(7,36),(7,41),(7,43),(7,55),(7,66),(7,80),(7,94),(7,98),(7,105),(7,111),(7,121),(7,129),(7,135),(7,178),(7,193),(7,257),(7,267),(7,369),(7,392),(7,450),(7,462),(7,475),(7,480),(7,527),(7,546),(7,560),(7,565),(7,609),(7,653),(7,668),(7,670),(7,681),(7,683),(7,716),(7,751),(7,785),(7,813),(7,843),(7,882),(7,888),(7,896),(7,897),(7,905),(7,1115),(7,1116),(7,1118),(7,1121),(7,1122),(7,1124),(7,1125),(7,1127),(7,1128),(7,1129),(7,1130),(7,1131),(7,1135),(7,1137),(7,1138),(7,1140),(7,1141),(7,1142),(7,1143),(7,1144),(7,1145),(7,1147),(7,1148),(7,1149),(7,1152),(7,1155),(7,1158),(7,1160),(7,1162),(7,1163),(7,1165),(7,1167),(7,1168),(7,1169),(7,1172),(7,1173),(7,1174),(7,1175),(7,1176),(7,1177),(7,1178),(7,1179),(7,1183),(7,1184),(7,1186),(7,1187),(7,1188),(7,1191),(7,1192),(7,1193),(7,1194),(7,1198),(7,1199),(7,1200),(7,1201),(7,1202),(7,1203),(7,1204),(7,1205),(7,1208),(7,1209),(7,1210),(7,1213),(7,1214),(7,1215),(7,1216),(7,1218),(7,1220),(7,1221),(7,1222),(7,1223),(7,1224),(7,1225),(7,1226),(7,1227),(7,1228),(7,1229),(7,1230),(7,1233),(8,6),(8,8),(8,22),(8,23),(8,24),(8,28),(8,30),(8,35),(8,36),(8,37),(8,41),(8,43),(8,55),(8,80),(8,112),(8,118),(8,135),(8,150),(8,178),(8,192),(8,193),(8,196),(8,201),(8,226),(8,352),(8,354),(8,355),(8,356),(8,365),(8,366),(8,369),(8,385),(8,411),(8,414),(8,425),(8,428),(8,429),(8,440),(8,450),(8,452),(8,465),(8,468),(8,484),(8,485),(8,486),(8,488),(8,489),(8,503),(8,504),(8,505),(8,507),(8,508),(8,513),(8,530),(8,555),(8,599),(8,639),(8,643),(8,712),(8,794),(8,905),(8,1077),(8,1081),(8,1105),(8,1210),(8,1241),(8,1242),(8,1243),(8,1244),(8,1246),(8,1253),(8,1254),(8,1256),(8,1257),(8,1259),(8,1262),(8,1263),(8,1267),(8,1268),(8,1269),(8,1270),(8,1291),(8,1295),(8,1296),(8,1298),(8,1299),(8,1301),(8,1302),(8,1305),(8,1307),(8,1308),(8,1309),(8,1310),(8,1311),(8,1312),(8,1314),(8,1316),(8,1317),(8,1319),(8,1320),(8,1321),(8,1325),(8,1327),(8,1331),(8,1332),(8,1333),(8,1334),(8,1335),(8,1336),(8,1337),(8,1339),(8,1340),(8,1342),(8,1343),(8,1344),(8,1345),(8,1346),(8,1347),(8,1348),(8,1349),(8,1350),(8,1351),(8,1352),(8,1354),(8,1355),(8,1356),(8,1357),(8,1359),(8,1360),(8,1361),(8,1363),(8,1364),(8,1365),(8,1366),(8,1367),(8,1368),(8,1369),(8,1370),(8,1371),(8,1372),(8,1378),(8,1379),(8,1380),(8,1381),(8,1382),(8,1383),(8,1384),(8,1385),(8,1386),(8,1387),(8,1388),(8,1389),(8,1390),(8,1391),(8,1392),(8,1393),(8,1395),(8,1396),(8,1397),(8,1398),(8,1399),(8,1400),(8,1402),(8,1403),(8,1404),(8,1405),(8,1406),(8,1407),(8,1408),(8,1409),(8,1410),(8,1411),(8,1412),(8,1413),(8,1414),(8,1415),(9,6),(9,23),(9,35),(9,36),(9,41),(9,101),(9,135),(9,141),(9,178),(9,185),(9,187),(9,188),(9,192),(9,193),(9,196),(9,197),(9,207),(9,245),(9,336),(9,339),(9,340),(9,341),(9,342),(9,344),(9,345),(9,412),(9,426),(9,431),(9,450),(9,599),(9,840),(9,974),(9,979),(9,980),(9,981),(9,982),(9,983),(9,987),(9,990),(9,993),(9,1028),(9,1039),(9,1088),(9,1102),(9,1417),(9,1418),(9,1419),(9,1420),(9,1422),(9,1424),(9,1425),(9,1426),(9,1428),(9,1429),(9,1432),(9,1433),(9,1434),(9,1435),(9,1436),(9,1437),(9,1438),(9,1439),(9,1440),(9,1441),(9,1442),(9,1443),(9,1444),(9,1445),(9,1446),(9,1447),(9,1448),(9,1449),(9,1450),(9,1451),(9,1452),(9,1453),(9,1455),(9,1456),(9,1457),(9,1458),(9,1459),(9,1462),(9,1463),(9,1464),(9,1465),(9,1474),(9,1476),(9,1478),(9,1479),(9,1480),(9,1482),(9,1483),(9,1484),(9,1487),(9,1488),(9,1489),(9,1490),(9,1491),(9,1492),(9,1494),(9,1495),(9,1496),(9,1499),(9,1500),(9,1501),(9,1502),(9,1504),(9,1505),(9,1507),(9,1508),(9,1509),(9,1510),(9,1513),(9,1514),(9,1515),(9,1516),(9,1517),(9,1518),(9,1519),(9,1520),(9,1521),(9,1522),(9,1523),(9,1525),(9,1526),(9,1527),(9,1528),(9,1532),(9,1533),(9,1534),(9,1535),(9,1536),(9,1537),(9,1538),(9,1539),(9,1540),(9,1541),(9,1542),(9,1544),(9,1545),(9,1547),(9,1548),(9,1549),(9,1550),(9,1551),(9,1552),(9,1553),(9,1554),(9,1555),(9,1556),(9,1557),(9,1558),(9,1559),(9,1560),(9,1561),(9,1562),(9,1563),(9,1565),(9,1568),(9,1569),(9,1570),(9,1571),(9,1572),(9,1573),(9,1575),(9,1580),(9,1582),(10,6),(10,8),(10,9),(10,11),(10,15),(10,22),(10,23),(10,35),(10,36),(10,55),(10,57),(10,66),(10,80),(10,98),(10,101),(10,103),(10,105),(10,129),(10,134),(10,135),(10,179),(10,193),(10,207),(10,263),(10,266),(10,274),(10,290),(10,297),(10,300),(10,304),(10,322),(10,367),(10,392),(10,509),(10,539),(10,542),(10,599),(10,675),(10,721),(10,722),(10,723),(10,724),(10,725),(10,734),(10,735),(10,737),(10,738),(10,750),(10,752),(10,753),(10,754),(10,755),(10,757),(10,761),(10,762),(10,763),(10,764),(10,768),(10,769),(10,771),(10,772),(10,773),(10,775),(10,779),(10,781),(10,783),(10,784),(10,785),(10,789),(10,794),(10,798),(10,800),(10,801),(10,803),(10,812),(10,816),(10,819),(10,837),(10,882),(10,886),(10,888),(10,892),(10,893),(10,894),(10,896),(10,897),(10,913),(10,960),(10,1081),(10,1105),(10,1227),(10,1389),(10,1589),(10,1591),(10,1594),(10,1595),(10,1597),(10,1603),(10,1607),(10,1616),(10,1617),(10,1618),(10,1623),(10,1626),(10,1634),(10,1635),(10,1636),(10,1637),(10,1642),(10,1643),(10,1645),(10,1646),(10,1648),(10,1649),(10,1650),(10,1652),(10,1656),(10,1657),(10,1658),(10,1659),(10,1661),(10,1662),(10,1665),(10,1676),(10,1677),(10,1678),(10,1679),(10,1680),(10,1681),(10,1682),(10,1684),(10,1685),(10,1686),(10,1689),(10,1691),(10,1692),(10,1695),(10,1696),(10,1697),(10,1698),(10,1700),(10,1702),(10,1703),(10,1704),(10,1705),(10,1707),(10,1709),(10,1710),(10,1711),(10,1712),(10,1713),(10,1714),(10,1716),(10,1717),(10,1718),(10,1719),(10,1721),(10,1723),(10,1724),(10,1726),(10,1727),(10,1730),(10,1731),(10,1732),(10,1733),(10,1734),(10,1735),(10,1737),(10,1740),(10,1742),(10,1744),(10,1745),(10,1746),(10,1747),(10,1749),(10,1750),(11,6),(11,8),(11,9),(11,11),(11,19),(11,22),(11,23),(11,35),(11,36),(11,41),(11,55),(11,57),(11,66),(11,80),(11,95),(11,98),(11,105),(11,107),(11,109),(11,115),(11,117),(11,129),(11,134),(11,135),(11,178),(11,179),(11,186),(11,188),(11,208),(11,218),(11,266),(11,274),(11,290),(11,297),(11,322),(11,330),(11,455),(11,509),(11,531),(11,539),(11,542),(11,652),(11,665),(11,670),(11,671),(11,675),(11,721),(11,722),(11,723),(11,724),(11,725),(11,735),(11,738),(11,742),(11,743),(11,746),(11,748),(11,749),(11,750),(11,752),(11,753),(11,754),(11,755),(11,756),(11,757),(11,763),(11,769),(11,771),(11,772),(11,773),(11,775),(11,779),(11,780),(11,781),(11,783),(11,784),(11,785),(11,795),(11,809),(11,811),(11,812),(11,836),(11,837),(11,850),(11,870),(11,882),(11,886),(11,888),(11,892),(11,893),(11,894),(11,896),(11,897),(11,950),(11,990),(11,1095),(11,1167),(11,1215),(11,1227),(11,1594),(11,1597),(11,1616),(11,1649),(11,1656),(11,1658),(11,1681),(11,1703),(11,1704),(11,1705),(11,1712),(11,1742),(11,1765),(11,1767),(11,1771),(11,1773),(11,1776),(11,1777),(11,1780),(11,1781),(11,1785),(11,1786),(11,1787),(11,1789),(11,1794),(11,1797),(11,1799),(11,1800),(11,1811),(11,1814),(11,1820),(11,1821),(11,1822),(11,1834),(11,1836),(11,1839),(11,1840),(11,1841),(11,1843),(11,1844),(11,1845),(11,1846),(11,1847),(11,1853),(11,1854),(11,1855),(11,1857),(11,1862),(11,1865),(11,1868),(11,1874),(11,1879),(11,1883),(11,1884),(11,1886),(11,1890),(11,1891),(11,1892),(11,1894),(11,1896),(11,1897),(11,1898),(11,1902),(11,1903),(11,1904),(11,1905),(11,1906),(11,1907),(11,1908),(11,1911),(11,1913),(11,1915),(11,1916),(11,1919),(11,1922),(11,1923),(12,4),(12,6),(12,8),(12,23),(12,35),(12,36),(12,37),(12,41),(12,91),(12,93),(12,112),(12,118),(12,129),(12,135),(12,143),(12,145),(12,178),(12,185),(12,191),(12,192),(12,193),(12,201),(12,204),(12,207),(12,218),(12,219),(12,251),(12,252),(12,259),(12,260),(12,289),(12,328),(12,332),(12,336),(12,358),(12,359),(12,361),(12,414),(12,468),(12,509),(12,511),(12,513),(12,565),(12,591),(12,623),(12,630),(12,670),(12,717),(12,781),(12,837),(12,886),(12,888),(12,974),(12,979),(12,980),(12,981),(12,983),(12,1019),(12,1032),(12,1045),(12,1087),(12,1098),(12,1102),(12,1105),(12,1204),(12,1210),(12,1215),(12,1229),(12,1299),(12,1415),(12,1697),(12,1712),(12,1745),(12,1747),(12,1785),(12,1935),(12,1937),(12,1939),(12,1941),(12,1943),(12,1947),(12,1948),(12,1952),(12,1953),(12,1954),(12,1955),(12,1956),(12,1958),(12,1959),(12,1960),(12,1961),(12,1962),(12,1963),(12,1964),(12,1965),(12,1966),(12,1968),(12,1969),(12,1970),(12,1971),(12,1972),(12,1976),(12,1977),(12,1978),(12,1979),(12,1982),(12,1983),(12,1989),(12,1990),(12,1996),(12,2000),(12,2001),(12,2007),(12,2008),(12,2009),(12,2010),(12,2012),(12,2013),(12,2014),(12,2016),(12,2017),(12,2018),(12,2019),(12,2020),(12,2024),(12,2025),(12,2026),(12,2027),(12,2029),(12,2030),(12,2031),(12,2034),(12,2035),(12,2036),(12,2037),(12,2039),(12,2042),(12,2043),(12,2050),(12,2052),(12,2056),(12,2057),(12,2059),(12,2060),(12,2062),(12,2063),(12,2064),(12,2065),(12,2069),(12,2070),(12,2072),(12,2073),(12,2074),(12,2075),(12,2077),(12,2078),(12,2079),(12,2081),(12,2082),(12,2083),(12,2084),(12,2086),(12,2087),(12,2088),(12,2089),(12,2090),(12,2091),(12,2092),(12,2093),(12,2095),(12,2096),(12,2099),(12,2102),(12,2108),(13,2),(13,6),(13,8),(13,9),(13,15),(13,22),(13,23),(13,57),(13,59),(13,60),(13,66),(13,80),(13,93),(13,98),(13,104),(13,135),(13,145),(13,148),(13,151),(13,186),(13,204),(13,228),(13,245),(13,251),(13,257),(13,259),(13,266),(13,304),(13,317),(13,318),(13,319),(13,320),(13,330),(13,441),(13,500),(13,542),(13,627),(13,634),(13,671),(13,683),(13,742),(13,743),(13,781),(13,882),(13,896),(13,897),(13,926),(13,935),(13,945),(13,947),(13,957),(13,994),(13,1024),(13,1105),(13,1165),(13,1179),(13,1200),(13,1347),(13,1419),(13,1456),(13,1489),(13,1541),(13,1642),(13,1645),(13,1685),(13,1686),(13,1711),(13,1734),(13,1855),(13,1922),(13,1953),(13,1961),(13,2001),(13,2110),(13,2112),(13,2113),(13,2115),(13,2118),(13,2119),(13,2120),(13,2123),(13,2124),(13,2125),(13,2126),(13,2127),(13,2128),(13,2129),(13,2130),(13,2131),(13,2132),(13,2133),(13,2134),(13,2136),(13,2137),(13,2138),(13,2139),(13,2140),(13,2141),(13,2142),(13,2143),(13,2144),(13,2145),(13,2146),(13,2147),(13,2148),(13,2149),(13,2150),(13,2151),(13,2152),(13,2153),(13,2156),(13,2157),(13,2158),(13,2159),(13,2161),(13,2162),(13,2163),(13,2164),(13,2166),(13,2167),(13,2168),(13,2169),(13,2170),(13,2171),(13,2172),(13,2173),(13,2174),(13,2175),(13,2176),(13,2177),(13,2178),(13,2179),(13,2180),(13,2181),(13,2182),(13,2183),(13,2184),(13,2185),(13,2186),(13,2187),(13,2188),(13,2189),(13,2190),(13,2191),(13,2192),(13,2193),(13,2194),(13,2195),(13,2196),(13,2197),(13,2198),(13,2199),(13,2200),(13,2201),(13,2202),(13,2203),(13,2204),(13,2205),(13,2206),(13,2207),(13,2209),(13,2210),(13,2211),(13,2212),(13,2213),(13,2214),(13,2215),(13,2216),(13,2217),(13,2218),(13,2219),(13,2220),(13,2221),(13,2222),(13,2223),(13,2224),(13,2225),(13,2226),(13,2227),(13,2228),(13,2229),(13,2230),(13,2231),(13,2232),(13,2233),(13,2234),(13,2235),(13,2236),(13,2238),(13,2239),(13,2240),(13,2241),(13,2242),(13,2243),(13,2244),(13,2245),(13,2246),(13,2247),(13,2248),(13,2249),(13,2250),(13,2251),(13,2252),(13,2253),(13,2254),(13,2255),(13,2256),(13,2257),(13,2258),(13,2259),(13,2260),(13,2261),(13,2262),(13,2263),(13,2264),(13,2265),(13,2266),(13,2267),(13,2268),(13,2269),(13,2270),(13,2271),(13,2273),(13,2274),(13,2275),(13,2276),(13,2277),(13,2278),(13,2279),(13,2280),(13,2281),(13,2282),(13,2283),(13,2284),(13,2285),(13,2286),(13,2287),(13,2288),(13,2289),(13,2290),(13,2291),(13,2292),(13,2293),(13,2294),(13,2295),(13,2296),(13,2297),(13,2298),(13,2299),(13,2300),(13,2301),(13,2302),(13,2303),(13,2304),(13,2305),(13,2306),(13,2307),(13,2308),(13,2309),(13,2310),(13,2311),(13,2312),(13,2313),(13,2314),(13,2315),(13,2316),(13,2317),(13,2318),(13,2319),(13,2320),(13,2321),(13,2322),(13,2323),(13,2324),(13,2325),(13,2326),(13,2327),(13,2328),(13,2329),(13,2330),(13,2331),(13,2332),(13,2333),(13,2334),(13,2335),(13,2336),(13,2337),(13,2338),(13,2339),(13,2340),(13,2341),(13,2342),(13,2343),(13,2344),(13,2345),(13,2346),(13,2347),(13,2348),(13,2349),(13,2350),(13,2351),(13,2352),(13,2353),(13,2354),(13,2355),(13,2356),(13,2357),(13,2358),(13,2359),(13,2360),(13,2361),(13,2362),(13,2363),(13,2364),(13,2365),(13,2366),(13,2368),(13,2369),(13,2370),(13,2371),(13,2372),(13,2373),(13,2374),(13,2375),(13,2376),(13,2377),(13,2378),(13,2379),(13,2380),(13,2381),(13,2382),(13,2383),(13,2384),(13,2385),(13,2386),(13,2387),(13,2388),(13,2389),(13,2390),(13,2391),(13,2392),(13,2393),(13,2394),(13,2395),(13,2396),(13,2397),(13,2398),(13,2399),(13,2400),(13,2401),(13,2402),(13,2403),(13,2404),(13,2405),(13,2406),(13,2407),(13,2408),(13,2409),(13,2410),(13,2411),(13,2412),(13,2413),(13,2414),(13,2415),(13,2416),(13,2417),(13,2418),(13,2419),(13,2420),(13,2422),(13,2423),(13,2424),(13,2425),(13,2426),(13,2427),(13,2428),(13,2429),(13,2430),(13,2431),(13,2432),(13,2433),(13,2434),(13,2435),(13,2436),(13,2437),(13,2438),(13,2439),(13,2440),(13,2441),(13,2442),(13,2443),(13,2444),(13,2445),(13,2446),(13,2447),(13,2449),(13,2450),(13,2451),(13,2452),(13,2453),(13,2454),(13,2455),(13,2456),(13,2457),(13,2458),(13,2459),(13,2460),(13,2462),(13,2463),(13,2465),(13,2466),(13,2467),(13,2468),(13,2469),(13,2470),(13,2471),(13,2472),(13,2473),(13,2474),(13,2475),(13,2476),(13,2477),(13,2478),(13,2479),(13,2480),(13,2481),(13,2482),(13,2483),(13,2484),(13,2485),(13,2486),(13,2487),(13,2488),(13,2489),(13,2490),(13,2491),(13,2492),(13,2493),(13,2494),(13,2495),(13,2496),(13,2497),(13,2498),(13,2499),(13,2500),(13,2501),(13,2502),(13,2503),(13,2504),(13,2505),(13,2506),(13,2507),(13,2508),(13,2509),(13,2510),(13,2511),(13,2512),(13,2513),(13,2514),(13,2515),(13,2516),(13,2517),(13,2518),(13,2519),(13,2520),(13,2521),(13,2522),(13,2523),(13,2524),(13,2526),(13,2527),(13,2528),(13,2529),(13,2530),(13,2531),(13,2532),(13,2533),(13,2534),(13,2535),(13,2536),(13,2537),(13,2538),(13,2539),(13,2540),(13,2541),(13,2542),(13,2543),(13,2544),(13,2545),(13,2546),(13,2547),(13,2548),(13,2549),(13,2550),(13,2551),(13,2552),(13,2553),(13,2554),(13,2555),(13,2556),(13,2557),(13,2558),(13,2559),(13,2560),(13,2561),(13,2562),(13,2563),(13,2564),(13,2565),(13,2566),(13,2567),(13,2568),(13,2569),(13,2570),(13,2571),(13,2572),(13,2573),(13,2574),(13,2575),(13,2576),(13,2577),(13,2578),(13,2579),(13,2580),(13,2581),(13,2582),(13,2583),(13,2584),(13,2585),(13,2586),(13,2588),(13,2589),(13,2590),(13,2591),(13,2592),(13,2593),(13,2594),(13,2595),(13,2596),(13,2597),(13,2598),(13,2599),(13,2600),(13,2601),(13,2602),(13,2603),(13,2604),(13,2605),(13,2606),(13,2607),(13,2608),(13,2609),(13,2610),(13,2611),(13,2612),(13,2613),(13,2614),(13,2615),(13,2616),(13,2617),(13,2618),(13,2619),(13,2620),(13,2621),(13,2622),(13,2623),(13,2624),(13,2625),(13,2626),(13,2627),(13,2628),(13,2629),(13,2630),(13,2631),(13,2632),(13,2633),(13,2634),(13,2635),(13,2636),(13,2637),(13,2638),(13,2639),(13,2640),(13,2641),(13,2642),(13,2643),(13,2644),(13,2645),(13,2646),(13,2647),(13,2648),(13,2649),(13,2650),(13,2651),(13,2652),(13,2653),(13,2654),(13,2655),(13,2656),(13,2657),(13,2658),(13,2659),(13,2660),(13,2661),(13,2662),(13,2663),(13,2664),(13,2665),(13,2666),(13,2667),(13,2668),(13,2669),(13,2670),(13,2671),(13,2672),(13,2673),(13,2674),(13,2675),(13,2676),(13,2679),(13,2680),(13,2681),(13,2682),(13,2683),(13,2684),(13,2685),(13,2686),(13,2687),(13,2688),(13,2689),(13,2690),(13,2691),(13,2692),(13,2693),(13,2694),(13,2695),(13,2696),(13,2697),(13,2698),(13,2699),(13,2700),(13,2701),(13,2702),(13,2703),(13,2704),(13,2705),(13,2706),(13,2707),(13,2708),(13,2709),(13,2710),(13,2711),(13,2712),(13,2713),(13,2714),(13,2715),(13,2716),(13,2717),(13,2718),(13,2719),(13,2720),(13,2721),(13,2722),(13,2723),(13,2724),(13,2725),(13,2726),(13,2727),(13,2728),(13,2729),(13,2730),(13,2731),(13,2732),(13,2733),(13,2734),(13,2735),(13,2736),(13,2738),(13,2739),(13,2740),(13,2741),(13,2742),(13,2743),(13,2744),(13,2745),(13,2746),(13,2747),(13,2748),(13,2749),(13,2750),(13,2751),(13,2752),(13,2753),(13,2754),(13,2755),(13,2756),(13,2757),(13,2758),(13,2759),(13,2760),(13,2761),(13,2762),(13,2763),(13,2764),(13,2765),(13,2766),(13,2767),(13,2768),(13,2769),(13,2770),(13,2771),(13,2772),(13,2773),(13,2774),(13,2775),(13,2776),(13,2777),(13,2778),(13,2779),(13,2780),(13,2781),(13,2782),(13,2783),(13,2784),(13,2785),(13,2786),(13,2787),(13,2788),(13,2789),(13,2790),(13,2791),(13,2792),(13,2793),(13,2794),(13,2795),(13,2796),(13,2797),(13,2799),(13,2800),(13,2801),(13,2802),(13,2803),(13,2804),(13,2805),(13,2806),(13,2807),(13,2808),(13,2809),(13,2810),(13,2811),(13,2813),(13,2814),(13,2815),(13,2816),(13,2817),(13,2818),(13,2819),(13,2820),(13,2821),(13,2822),(13,2823),(13,2824),(13,2825),(13,2826),(13,2827),(13,2828),(13,2829),(13,2830),(13,2831),(13,2832),(13,2833),(13,2834),(13,2835),(13,2836),(13,2837),(13,2838),(13,2839),(13,2840),(13,2841),(13,2842),(13,2843),(13,2844),(13,2845),(13,2846),(13,2847),(13,2848),(13,2849),(13,2851),(13,2852),(13,2853),(13,2854),(13,2855),(13,2856),(13,2858),(13,2859),(13,2860),(13,2861),(13,2862),(13,2863),(13,2864),(13,2865),(13,2866),(13,2867),(13,2868),(13,2869),(13,2870),(13,2871),(13,2872),(13,2873),(13,2874),(13,2875),(13,2876),(13,2877),(13,2878),(13,2879),(13,2880),(13,2881),(13,2882),(13,2883),(13,2884),(13,2885),(13,2886),(13,2887),(13,2888),(13,2889),(13,2890),(13,2891),(13,2892),(13,2893),(13,2894),(13,2895),(13,2896),(13,2897),(13,2898),(13,2899),(13,2900),(13,2901),(13,2902),(13,2903),(13,2904),(13,2905),(13,2906),(13,2907),(13,2908),(13,2909),(13,2910),(13,2911),(13,2912),(13,2913),(13,2914),(13,2915),(13,2916),(13,2917),(13,2918),(13,2919),(13,2920),(13,2921),(13,2922),(13,2924),(13,2925),(13,2926),(13,2927),(13,2928),(13,2929),(13,2930),(13,2931),(13,2932),(13,2933),(13,2934),(13,2935),(13,2936),(13,2937),(13,2938),(13,2939),(13,2940),(13,2941),(13,2942),(13,2943),(13,2945),(13,2946),(13,2947),(13,2948),(13,2949),(13,2950),(13,2951),(13,2952),(13,2953),(13,2954),(13,2955),(13,2956),(13,2957),(13,2958),(13,2959),(13,2961),(13,2962),(13,2963),(13,2964),(13,2965),(13,2966),(13,2967),(13,2968),(13,2969),(13,2970),(13,2971),(13,2972),(13,2973),(13,2974),(13,2975),(13,2976),(13,2977),(13,2978),(13,2979),(13,2980),(13,2981),(13,2982),(13,2983),(13,2984),(13,2985),(13,2986),(13,2987),(13,2988),(13,2989),(13,2990),(13,2992),(13,2993),(13,2994),(13,2995),(13,2996),(13,2997),(13,2998),(13,2999),(13,3001),(13,3002),(13,3003),(13,3004),(13,3005),(13,3006),(13,3007),(13,3008),(13,3009),(13,3010),(13,3011),(13,3012),(13,3013),(13,3014),(13,3015),(13,3016),(13,3017),(13,3018),(13,3019),(13,3020),(13,3021),(13,3022),(13,3023),(13,3024),(13,3025),(13,3026),(13,3027),(13,3028),(13,3029),(13,3030),(13,3031),(13,3032),(13,3033),(13,3034),(13,3035),(13,3036),(13,3037),(13,3038),(13,3039),(13,3040),(13,3041),(13,3042),(13,3043),(13,3044),(13,3045),(13,3046),(13,3047),(13,3048),(13,3049),(13,3050),(13,3051),(13,3052),(13,3053),(13,3054),(13,3055),(13,3056),(13,3057),(13,3058),(13,3059),(13,3060),(13,3061),(13,3062),(13,3063),(13,3064),(13,3065),(13,3066),(13,3067),(13,3068),(13,3069),(13,3070),(13,3071),(13,3072),(13,3073),(13,3074),(13,3075),(13,3076),(13,3077),(13,3078),(13,3079),(13,3080),(13,3081),(13,3082),(13,3083),(13,3084),(13,3085),(13,3086),(13,3087),(13,3088),(13,3089),(13,3090),(13,3091),(13,3092),(13,3093),(13,3094),(13,3095),(13,3096),(13,3097),(13,3098),(13,3099),(13,3100),(13,3101),(13,3102),(13,3103),(13,3104),(13,3105),(13,3106),(13,3107),(13,3108),(13,3111),(13,3112),(13,3113),(13,3115),(13,3117),(13,3120),(13,3126),(13,3127),(13,3128),(13,3129),(13,3130),(13,3131),(13,3132),(13,3133),(13,3134),(13,3136),(13,3139),(13,3140),(13,3141),(13,3142),(13,3143),(13,3144),(13,3145),(13,3146),(13,3147),(13,3148),(13,3149),(13,3150),(13,3153),(13,3156),(13,3158),(13,3159),(13,3160),(13,3162),(13,3163),(13,3164),(13,3170),(13,3172),(13,3173),(13,3174),(13,3175),(13,3176),(13,3178),(13,3179),(13,3183),(13,3185),(13,3186),(13,3187),(13,3189),(13,3191),(13,3192),(13,3198),(13,3199),(13,3200),(13,3201),(13,3202),(13,3203),(13,3204),(14,6),(14,23),(14,35),(14,36),(14,37),(14,38),(14,41),(14,66),(14,80),(14,91),(14,98),(14,112),(14,118),(14,121),(14,127),(14,135),(14,143),(14,186),(14,191),(14,192),(14,193),(14,196),(14,201),(14,207),(14,208),(14,218),(14,253),(14,259),(14,260),(14,263),(14,266),(14,328),(14,332),(14,336),(14,358),(14,359),(14,360),(14,361),(14,431),(14,460),(14,461),(14,468),(14,498),(14,509),(14,513),(14,524),(14,527),(14,529),(14,532),(14,533),(14,535),(14,567),(14,591),(14,627),(14,637),(14,641),(14,670),(14,671),(14,691),(14,781),(14,837),(14,846),(14,850),(14,882),(14,896),(14,897),(14,974),(14,977),(14,979),(14,980),(14,981),(14,983),(14,1045),(14,1087),(14,1088),(14,1098),(14,1105),(14,1210),(14,1227),(14,1229),(14,1230),(14,1299),(14,1364),(14,1415),(14,1642),(14,1697),(14,1700),(14,1712),(14,1886),(14,1919),(14,1935),(14,1948),(14,1953),(14,1955),(14,1956),(14,1958),(14,1971),(14,1977),(14,1978),(14,1979),(14,1982),(14,1983),(14,1990),(14,2009),(14,2027),(14,2050),(14,2060),(14,2065),(14,2069),(14,2070),(14,2072),(14,2073),(14,2074),(14,2084),(14,2086),(14,2089),(14,2090),(14,2095),(14,2112),(14,2158),(14,3208),(14,3212),(14,3217),(14,3229),(14,3230),(14,3234),(14,3236),(14,3240),(14,3247),(14,3252),(14,3253),(14,3255),(14,3262),(14,3263),(14,3280),(14,3283),(14,3285),(14,3286),(14,3287),(14,3288),(14,3289),(14,3295),(14,3298),(14,3299),(14,3300),(14,3303),(14,3307),(14,3312),(14,3313),(14,3314),(14,3316),(14,3318),(14,3319),(14,3321),(14,3322),(14,3323),(14,3325),(14,3326),(14,3327),(14,3328),(14,3329),(14,3333),(14,3335),(14,3336),(14,3337),(14,3338),(14,3342),(14,3343),(14,3345),(14,3346),(14,3347),(14,3348),(14,3353),(14,3354),(14,3355),(14,3357),(14,3358),(14,3359),(14,3360),(14,3361),(14,3369),(14,3371),(14,3372),(14,3376),(14,3377),(14,3378),(14,3379),(14,3381),(14,3383),(14,3385),(14,3386),(14,3387),(14,3388),(14,3395),(14,3396),(14,3398),(14,3399),(14,3400),(14,3402),(14,3404),(14,3405),(14,3406),(14,3407),(14,3409),(15,1),(15,2),(15,3),(15,4),(15,6),(15,8),(15,11),(15,14),(15,15),(15,19),(15,22),(15,23),(15,25),(15,27),(15,28),(15,29),(15,30),(15,33),(15,35),(15,36),(15,38),(15,39),(15,40),(15,41),(15,42),(15,43),(15,46),(15,48),(15,50),(15,51),(15,53),(15,55),(15,56),(15,57),(15,59),(15,60),(15,62),(15,63),(15,66),(15,79),(15,80),(15,81),(15,87),(15,88),(15,89),(15,90),(15,91),(15,94),(15,95),(15,96),(15,97),(15,98),(15,99),(15,104),(15,107),(15,109),(15,112),(15,113),(15,120),(15,122),(15,123),(15,129),(15,130),(15,131),(15,132),(15,133),(15,134),(15,135),(15,178),(15,267),(15,422),(15,426),(15,603),(15,637),(15,648),(15,700),(15,730),(15,742),(15,848),(15,874),(15,896),(15,897),(15,1210),(15,1711),(15,1730),(15,1854),(15,1890),(15,3136),(15,3198),(15,3417),(15,3419),(15,3422),(15,3424),(15,3426),(15,3427),(15,3428),(15,3429),(15,3430),(15,3434),(15,3436),(15,3441),(15,3442),(15,3444),(15,3447),(15,3448),(15,3456),(15,3458),(15,3459),(15,3462),(15,3466),(15,3467),(15,3468),(15,3469),(15,3470),(15,3471),(15,3472),(15,3473),(15,3475),(15,3476),(15,3485),(15,3491),(15,3495),(15,3498),(15,3499),(15,3501),(15,3502),(15,3506),(15,3507),(15,3509),(15,3511),(15,3512),(15,3513),(15,3515),(15,3529),(15,3531),(15,3532),(15,3534),(15,3535),(15,3541),(15,3543),(15,3544),(15,3545),(15,3546),(16,6),(16,23),(16,35),(16,36),(16,37),(16,38),(16,41),(16,90),(16,95),(16,98),(16,104),(16,118),(16,121),(16,135),(16,141),(16,143),(16,178),(16,191),(16,192),(16,201),(16,215),(16,263),(16,332),(16,336),(16,361),(16,367),(16,393),(16,426),(16,440),(16,448),(16,511),(16,518),(16,530),(16,630),(16,655),(16,661),(16,667),(16,681),(16,700),(16,730),(16,811),(16,851),(16,874),(16,880),(16,957),(16,979),(16,980),(16,981),(16,982),(16,983),(16,987),(16,1077),(16,1087),(16,1105),(16,1140),(16,1210),(16,1433),(16,1465),(16,1677),(16,2086),(16,2093),(16,2261),(16,2536),(16,2547),(16,2852),(16,2977),(16,3130),(16,3134),(16,3203),(16,3359),(16,3556),(16,3557),(16,3560),(16,3563),(16,3566),(16,3567),(16,3569),(16,3570),(16,3573),(16,3574),(16,3575),(16,3576),(16,3577),(16,3581),(16,3582),(16,3585),(16,3591),(16,3592),(16,3594),(16,3596),(16,3599),(16,3610),(16,3613),(16,3615),(16,3616),(16,3617),(16,3618),(16,3619),(16,3620),(16,3621),(16,3622),(16,3623),(16,3625),(16,3626),(16,3627),(16,3628),(16,3629),(16,3630),(16,3631),(16,3632),(16,3633),(16,3634),(16,3635),(16,3636),(16,3637),(16,3642),(16,3643),(16,3644),(16,3645),(16,3647),(16,3649),(16,3651),(16,3652),(16,3654),(16,3655),(16,3656),(16,3658),(16,3660),(16,3661),(16,3662),(16,3663),(16,3664),(16,3665),(16,3666),(16,3667),(16,3670),(16,3671),(16,3672),(16,3674),(16,3678),(16,3679),(16,3682),(16,3683),(16,3684),(16,3685),(16,3687),(16,3688),(16,3689),(16,3690),(16,3692),(16,3693),(16,3694),(16,3700),(16,3702),(16,3707),(16,3708),(16,3709),(16,3710),(16,3713),(16,3714),(16,3715),(16,3716),(16,3717),(16,3718),(16,3719),(16,3720),(16,3721),(16,3722),(16,3723),(16,3725),(17,6),(17,22),(17,35),(17,36),(17,37),(17,66),(17,80),(17,98),(17,104),(17,116),(17,118),(17,121),(17,135),(17,143),(17,178),(17,186),(17,188),(17,191),(17,192),(17,201),(17,203),(17,204),(17,207),(17,208),(17,215),(17,221),(17,270),(17,286),(17,334),(17,335),(17,336),(17,445),(17,452),(17,462),(17,468),(17,539),(17,609),(17,627),(17,683),(17,698),(17,707),(17,717),(17,810),(17,837),(17,882),(17,896),(17,897),(17,905),(17,1046),(17,1122),(17,1204),(17,1262),(17,1331),(17,1412),(17,1428),(17,1437),(17,1559),(17,1656),(17,1695),(17,1696),(17,1734),(17,1737),(17,1855),(17,1905),(17,1947),(17,1976),(17,2008),(17,2034),(17,2042),(17,2075),(17,2120),(17,2123),(17,3149),(17,3158),(17,3192),(17,3202),(17,3280),(17,3357),(17,3404),(17,3509),(17,3577),(17,3629),(17,3694),(17,3727),(17,3731),(17,3733),(17,3736),(17,3739),(17,3741),(17,3742),(17,3743),(17,3744),(17,3746),(17,3747),(17,3748),(17,3749),(17,3750),(17,3752),(17,3754),(17,3755),(17,3756),(17,3757),(17,3758),(17,3759),(17,3764),(17,3766),(17,3767),(17,3768),(17,3769),(17,3770),(17,3771),(17,3772),(17,3773),(17,3775),(17,3778),(17,3780),(17,3784),(17,3785),(17,3787),(17,3788),(17,3789),(17,3790),(17,3791),(17,3792),(17,3796),(17,3797),(17,3798),(17,3800),(17,3801),(17,3804),(17,3805),(17,3806),(17,3813),(17,3817),(17,3818),(17,3820),(17,3821),(17,3822),(17,3829),(17,3831),(17,3833),(17,3835),(17,3836),(17,3837),(17,3838),(17,3840),(17,3841),(17,3842),(17,3843),(17,3846),(17,3848),(17,3849),(17,3850),(17,3853),(17,3854),(17,3855),(17,3856),(17,3857),(17,3859),(17,3861),(17,3864),(17,3866),(17,3867),(17,3868),(17,3869),(17,3874),(17,3877),(17,3882),(17,3883),(17,3887),(17,3888),(17,3889),(17,3890),(17,3892),(17,3894),(17,3895),(17,3897),(17,3901),(18,6),(18,8),(18,22),(18,35),(18,36),(18,37),(18,55),(18,66),(18,80),(18,95),(18,98),(18,109),(18,112),(18,118),(18,135),(18,159),(18,178),(18,188),(18,192),(18,193),(18,201),(18,203),(18,204),(18,207),(18,221),(18,252),(18,263),(18,267),(18,269),(18,270),(18,276),(18,278),(18,304),(18,322),(18,336),(18,414),(18,445),(18,474),(18,480),(18,498),(18,536),(18,565),(18,599),(18,627),(18,683),(18,699),(18,716),(18,822),(18,882),(18,937),(18,990),(18,1192),(18,1193),(18,1299),(18,1316),(18,1419),(18,1550),(18,1658),(18,1919),(18,1976),(18,2065),(18,3357),(18,3383),(18,3744),(18,3747),(18,3750),(18,3758),(18,3766),(18,3768),(18,3769),(18,3770),(18,3771),(18,3772),(18,3773),(18,3778),(18,3790),(18,3798),(18,3805),(18,3806),(18,3813),(18,3842),(18,3908),(18,3909),(18,3911),(18,3915),(18,3920),(18,3921),(18,3922),(18,3924),(18,3925),(18,3926),(18,3928),(18,3931),(18,3932),(18,3934),(18,3935),(18,3936),(18,3937),(18,3939),(18,3940),(18,3941),(18,3943),(18,3950),(18,3958),(18,3959),(18,3960),(18,3961),(18,3962),(18,3963),(18,3964),(18,3965),(18,3967),(18,3969),(18,3971),(18,3972),(18,3973),(18,3974),(18,3978),(18,3979),(18,3980),(18,3982),(18,3984),(18,3985),(18,3988),(18,3989),(18,3990),(18,3995),(18,3996),(18,3997),(18,4000),(18,4002),(18,4004),(18,4005),(18,4006),(18,4008),(18,4010),(18,4016),(18,4018),(18,4019),(18,4021),(18,4025),(18,4026),(18,4027),(18,4028),(18,4030),(18,4031),(18,4033),(18,4034),(18,4035),(18,4036),(18,4037),(18,4038),(18,4039),(18,4040),(18,4042),(18,4044),(18,4045),(18,4052),(18,4054),(18,4056),(18,4057),(18,4058),(18,4061),(18,4065),(18,4067),(18,4068),(18,4069),(18,4071),(19,6),(19,8),(19,35),(19,36),(19,37),(19,41),(19,62),(19,112),(19,129),(19,135),(19,191),(19,192),(19,196),(19,269),(19,336),(19,342),(19,440),(19,474),(19,500),(19,511),(19,513),(19,530),(19,548),(19,627),(19,667),(19,863),(19,888),(19,896),(19,897),(19,905),(19,915),(19,979),(19,980),(19,981),(19,982),(19,983),(19,1192),(19,1203),(19,1241),(19,1298),(19,1360),(19,1379),(19,1383),(19,1403),(19,1404),(19,1410),(19,1411),(19,1412),(19,1433),(19,1919),(19,2086),(19,3577),(19,3591),(19,3622),(19,3744),(19,3821),(19,4075),(19,4077),(19,4080),(19,4081),(19,4084),(19,4085),(19,4086),(19,4088),(19,4089),(19,4090),(19,4091),(19,4092),(19,4093),(19,4101),(19,4103),(19,4112),(19,4113),(19,4114),(19,4115),(19,4116),(19,4117),(19,4119),(19,4120),(19,4122),(19,4123),(19,4124),(19,4125),(19,4126),(19,4128),(19,4129),(19,4130),(19,4131),(19,4132),(19,4134),(19,4135),(19,4136),(19,4137),(19,4138),(19,4140),(19,4141),(19,4142),(19,4143),(19,4144),(19,4146),(19,4147),(19,4148),(19,4150),(19,4151),(19,4152),(19,4154),(19,4155),(19,4159),(19,4164),(19,4165),(19,4166),(19,4167),(19,4168),(19,4171),(19,4172),(19,4174),(19,4175),(19,4176),(19,4178),(19,4179),(19,4180),(19,4181),(19,4183),(19,4184),(19,4186),(19,4187),(19,4188),(19,4189),(19,4190),(19,4191),(19,4192),(19,4193),(19,4194),(19,4195),(19,4196),(19,4199),(19,4200),(19,4202),(19,4203),(19,4204),(19,4206),(19,4209),(19,4213),(20,6),(20,8),(20,19),(20,22),(20,35),(20,36),(20,41),(20,55),(20,57),(20,79),(20,80),(20,95),(20,98),(20,118),(20,135),(20,151),(20,178),(20,179),(20,203),(20,204),(20,215),(20,218),(20,221),(20,255),(20,260),(20,270),(20,288),(20,304),(20,308),(20,322),(20,445),(20,467),(20,468),(20,470),(20,513),(20,524),(20,530),(20,542),(20,630),(20,716),(20,719),(20,785),(20,882),(20,896),(20,897),(20,900),(20,1064),(20,1183),(20,1186),(20,1192),(20,1221),(20,1363),(20,1383),(20,1405),(20,1413),(20,1419),(20,1697),(20,1711),(20,1903),(20,1905),(20,1947),(20,2013),(20,2014),(20,2026),(20,2042),(20,2074),(20,2079),(20,2089),(20,2090),(20,2688),(20,3159),(20,3670),(20,3736),(20,3742),(20,3744),(20,3750),(20,3756),(20,3758),(20,3764),(20,3766),(20,3767),(20,3769),(20,3770),(20,3771),(20,3804),(20,3805),(20,3806),(20,3813),(20,3940),(20,4025),(20,4090),(20,4151),(20,4220),(20,4222),(20,4225),(20,4226),(20,4227),(20,4234),(20,4235),(20,4237),(20,4238),(20,4239),(20,4240),(20,4242),(20,4243),(20,4245),(20,4246),(20,4247),(20,4253),(20,4267),(20,4270),(20,4272),(20,4275),(20,4276),(20,4278),(20,4280),(20,4281),(20,4285),(20,4293),(20,4294),(20,4296),(20,4297),(20,4301),(20,4302),(20,4303),(20,4304),(20,4306),(20,4307),(20,4308),(20,4313),(20,4315),(20,4316),(20,4317),(20,4320),(20,4321),(20,4324),(20,4325),(20,4327),(20,4330),(20,4331),(20,4334),(20,4335),(20,4336),(20,4340),(20,4341),(20,4342),(20,4343),(20,4345),(20,4346),(20,4349),(20,4350),(20,4352),(20,4356),(20,4357),(20,4360),(20,4361),(20,4364),(20,4365),(20,4368),(20,4369),(20,4370),(20,4371),(20,4373),(20,4375),(20,4376),(20,4377),(20,4378),(20,4379),(20,4382),(21,6),(21,8),(21,10),(21,19),(21,21),(21,22),(21,35),(21,36),(21,37),(21,66),(21,80),(21,94),(21,98),(21,109),(21,129),(21,131),(21,135),(21,159),(21,178),(21,203),(21,204),(21,215),(21,221),(21,250),(21,263),(21,270),(21,278),(21,330),(21,334),(21,335),(21,445),(21,468),(21,474),(21,652),(21,683),(21,700),(21,882),(21,896),(21,897),(21,988),(21,1073),(21,1193),(21,1420),(21,1645),(21,1836),(21,1976),(21,2026),(21,2042),(21,2688),(21,3399),(21,3742),(21,3744),(21,3750),(21,3758),(21,3766),(21,3769),(21,3770),(21,3771),(21,3772),(21,3773),(21,3798),(21,3805),(21,3806),(21,3813),(21,3915),(21,3921),(21,3926),(21,3928),(21,3950),(21,3997),(21,4000),(21,4026),(21,4037),(21,4042),(21,4044),(21,4126),(21,4247),(21,4324),(21,4341),(21,4388),(21,4390),(21,4398),(21,4399),(21,4406),(21,4407),(21,4409),(21,4430),(21,4431),(21,4437),(21,4438),(21,4440),(21,4441),(21,4449),(21,4450),(21,4463),(21,4465),(21,4470),(21,4472),(21,4473),(21,4475),(21,4477),(21,4478),(21,4480),(21,4481),(21,4484),(21,4486),(21,4490),(22,6),(22,8),(22,9),(22,35),(22,36),(22,37),(22,41),(22,135),(22,136),(22,191),(22,192),(22,196),(22,221),(22,308),(22,336),(22,485),(22,530),(22,558),(22,803),(22,896),(22,897),(22,979),(22,980),(22,981),(22,983),(22,1073),(22,1411),(22,2081),(22,3577),(22,3647),(22,3744),(22,3864),(22,4101),(22,4103),(22,4129),(22,4130),(22,4132),(22,4495),(22,4497),(22,4500),(22,4502),(22,4503),(22,4504),(22,4505),(22,4507),(22,4509),(22,4511),(22,4512),(22,4513),(22,4514),(22,4515),(22,4532),(22,4533),(22,4535),(22,4536),(22,4538),(22,4539),(22,4540),(22,4541),(22,4542),(22,4544),(22,4546),(22,4547),(22,4548),(22,4549),(22,4551),(22,4552),(22,4553),(22,4554),(22,4555),(22,4556),(22,4557),(22,4560),(22,4561),(22,4562),(22,4563),(22,4565),(22,4566),(22,4569),(22,4571),(23,6),(23,8),(23,15),(23,35),(23,36),(23,37),(23,41),(23,107),(23,118),(23,121),(23,129),(23,135),(23,191),(23,192),(23,196),(23,263),(23,275),(23,303),(23,462),(23,539),(23,630),(23,655),(23,706),(23,730),(23,811),(23,886),(23,896),(23,897),(23,913),(23,977),(23,979),(23,980),(23,981),(23,982),(23,983),(23,1316),(23,1411),(23,1425),(23,1711),(23,1734),(23,1836),(23,3577),(23,3647),(23,3744),(23,3790),(23,3883),(23,4101),(23,4103),(23,4112),(23,4132),(23,4507),(23,4509),(23,4551),(23,4575),(23,4576),(23,4578),(23,4581),(23,4582),(23,4583),(23,4584),(23,4585),(23,4586),(23,4587),(23,4603),(23,4609),(23,4613),(23,4617),(23,4618),(23,4619),(23,4620),(23,4621),(23,4622),(23,4623),(23,4624),(23,4625),(23,4626),(23,4627),(23,4629),(23,4630),(23,4633),(23,4634),(23,4636),(23,4639),(23,4640),(23,4641),(23,4643),(23,4644),(23,4645),(23,4648),(23,4650),(23,4651),(23,4656),(23,4658),(23,4661),(23,4665),(23,4666),(23,4668),(23,4669),(24,6),(24,8),(24,12),(24,35),(24,36),(24,37),(24,41),(24,126),(24,135),(24,136),(24,191),(24,192),(24,196),(24,280),(24,336),(24,339),(24,340),(24,341),(24,342),(24,343),(24,344),(24,345),(24,346),(24,871),(24,896),(24,897),(24,905),(24,913),(24,979),(24,980),(24,981),(24,983),(24,1183),(24,1253),(24,1411),(24,1428),(24,1676),(24,1734),(24,1742),(24,2043),(24,3172),(24,3577),(24,3689),(24,3744),(24,3831),(24,3866),(24,3995),(24,4021),(24,4080),(24,4088),(24,4089),(24,4090),(24,4091),(24,4101),(24,4103),(24,4130),(24,4132),(24,4141),(24,4146),(24,4507),(24,4509),(24,4674),(24,4675),(24,4677),(24,4681),(24,4682),(24,4683),(24,4687),(24,4688),(24,4690),(24,4693),(24,4709),(24,4714),(24,4715),(24,4716),(24,4717),(24,4718),(24,4719),(24,4722),(24,4724),(24,4726),(24,4728),(24,4729),(24,4731),(24,4733),(24,4734),(24,4735),(24,4736),(24,4739),(24,4741),(24,4746),(24,4747),(24,4748),(24,4749),(24,4751),(24,4753),(24,4754),(24,4756),(24,4757),(24,4758),(24,4759),(24,4761),(24,4762),(24,4763),(24,4765),(24,4766),(24,4767),(24,4768),(24,4769),(24,4770),(24,4771),(24,4772),(24,4773),(24,4774),(24,4775),(24,4777),(25,6),(25,12),(25,66),(25,112),(25,119),(25,135),(25,275),(25,440),(25,448),(25,510),(25,530),(25,896),(25,897),(25,1347),(25,1359),(25,1361),(25,1379),(25,1745),(25,1890),(25,2075),(25,2081),(25,2112),(25,2443),(25,2894),(25,3744),(25,3883),(25,3890),(25,4010),(25,4126),(25,4130),(25,4132),(25,4136),(25,4150),(25,4507),(25,4532),(25,4535),(25,4587),(25,4630),(25,4734),(25,4735),(25,4789),(25,4790),(25,4791),(25,4792),(25,4794),(25,4795),(25,4797),(25,4798),(25,4799),(25,4802),(25,4804),(25,4805),(25,4807),(25,4808),(25,4809),(25,4810),(25,4813),(25,4814),(25,4815),(25,4816),(25,4818),(25,4819),(25,4821),(25,4825),(25,4827),(25,4829),(25,4831),(25,4832),(25,4834),(25,4835),(25,4836),(25,4837),(25,4839),(25,4840),(25,4842),(25,4843),(25,4848),(25,4850),(25,4851),(25,4852),(25,4854),(25,4855),(25,4859),(25,4860),(25,4862),(25,4863),(25,4867),(25,4868),(25,4870),(25,4872),(25,4874),(26,6),(26,12),(26,66),(26,97),(26,119),(26,135),(26,275),(26,440),(26,448),(26,462),(26,474),(26,510),(26,513),(26,530),(26,537),(26,623),(26,896),(26,897),(26,1359),(26,1745),(26,1903),(26,2081),(26,2112),(26,2443),(26,3357),(26,3535),(26,3647),(26,3744),(26,3883),(26,4010),(26,4042),(26,4103),(26,4126),(26,4130),(26,4142),(26,4150),(26,4505),(26,4507),(26,4532),(26,4566),(26,4587),(26,4690),(26,4734),(26,4735),(26,4773),(26,4789),(26,4790),(26,4791),(26,4792),(26,4794),(26,4798),(26,4799),(26,4802),(26,4804),(26,4805),(26,4807),(26,4808),(26,4809),(26,4810),(26,4813),(26,4814),(26,4815),(26,4816),(26,4818),(26,4819),(26,4821),(26,4827),(26,4829),(26,4831),(26,4834),(26,4840),(26,4852),(26,4868),(26,4886),(26,4888),(26,4923),(26,4924),(26,4928),(26,4929),(26,4930),(26,4931),(26,4933),(26,4939),(26,4941),(26,4942),(26,4943),(26,4944),(26,4947),(26,4948),(26,4949),(26,4950),(26,4951),(26,4952),(26,4953),(26,4956),(26,4957),(26,4960),(26,4961),(26,4962),(26,4965),(26,4970),(26,4971),(26,4972),(26,4973),(26,4977),(26,4978),(26,4979),(26,4980),(26,4982),(26,4983),(26,4985),(26,4987),(26,4988),(26,4989),(26,4990),(26,4992),(26,4993),(26,4994),(27,6),(27,8),(27,12),(27,35),(27,36),(27,37),(27,41),(27,95),(27,135),(27,191),(27,192),(27,196),(27,269),(27,275),(27,280),(27,558),(27,896),(27,897),(27,979),(27,980),(27,983),(27,1045),(27,1183),(27,1411),(27,1428),(27,1676),(27,2081),(27,3509),(27,3741),(27,3744),(27,3820),(27,3883),(27,3889),(27,3922),(27,3995),(27,4021),(27,4088),(27,4090),(27,4091),(27,4101),(27,4103),(27,4130),(27,4150),(27,4168),(27,4507),(27,4532),(27,4587),(27,4613),(27,4661),(27,4688),(27,4693),(27,4709),(27,4714),(27,4722),(27,4731),(27,4734),(27,4735),(27,4736),(27,4741),(27,4772),(27,4792),(27,4798),(27,4819),(27,4821),(27,4928),(27,4941),(27,4960),(27,4998),(27,5000),(27,5002),(27,5004),(27,5008),(27,5010),(27,5017),(27,5033),(27,5034),(27,5038),(27,5040),(27,5042),(27,5043),(27,5051),(27,5056),(27,5057),(27,5058),(27,5060),(27,5061),(27,5062),(27,5066),(27,5069),(27,5072),(27,5073),(27,5077),(27,5078),(27,5080),(27,5081),(27,5082),(27,5087),(27,5088),(27,5089),(27,5093),(27,5094),(27,5095),(27,5096),(28,6),(28,12),(28,35),(28,36),(28,41),(28,66),(28,74),(28,119),(28,135),(28,191),(28,192),(28,308),(28,336),(28,440),(28,448),(28,450),(28,500),(28,510),(28,706),(28,793),(28,896),(28,897),(28,979),(28,980),(28,1083),(28,1233),(28,1347),(28,1359),(28,1411),(28,1420),(28,1484),(28,1649),(28,2081),(28,3323),(28,3509),(28,3647),(28,3744),(28,3866),(28,3883),(28,3908),(28,4021),(28,4103),(28,4126),(28,4130),(28,4132),(28,4150),(28,4507),(28,4734),(28,4735),(28,4772),(28,4794),(28,4798),(28,4799),(28,4804),(28,4810),(28,4819),(28,4821),(28,4829),(28,4831),(28,4855),(28,4872),(28,4923),(28,4928),(28,4929),(28,4939),(28,4960),(28,5077),(28,5101),(28,5106),(28,5114),(28,5115),(28,5119),(28,5127),(28,5137),(28,5139),(28,5141),(28,5143),(28,5144),(28,5145),(28,5146),(28,5151),(28,5155),(28,5157),(28,5164),(28,5166),(28,5167),(28,5168),(28,5170),(28,5171),(28,5175),(28,5176),(28,5177),(28,5184),(28,5186),(28,5189),(28,5190),(28,5192),(28,5193),(28,5196),(29,6),(29,8),(29,10),(29,35),(29,36),(29,41),(29,104),(29,135),(29,191),(29,192),(29,196),(29,221),(29,332),(29,355),(29,426),(29,462),(29,475),(29,514),(29,555),(29,558),(29,653),(29,655),(29,710),(29,730),(29,775),(29,896),(29,897),(29,979),(29,980),(29,981),(29,982),(29,983),(29,1028),(29,1045),(29,1056),(29,1098),(29,1233),(29,1347),(29,1411),(29,1476),(29,1645),(29,1696),(29,1773),(29,1923),(29,2014),(29,2034),(29,2081),(29,2086),(29,2847),(29,2894),(29,3139),(29,3557),(29,3683),(29,3707),(29,3715),(29,3744),(29,3820),(29,3908),(29,3920),(29,4021),(29,4034),(29,4057),(29,4067),(29,4088),(29,4090),(29,4101),(29,4103),(29,4112),(29,4126),(29,4130),(29,4132),(29,4141),(29,4168),(29,4225),(29,4275),(29,4340),(29,4465),(29,4507),(29,4546),(29,4693),(29,4726),(29,4734),(29,4735),(29,4741),(29,4798),(29,4819),(29,4821),(29,4829),(29,4831),(29,4852),(29,4960),(29,5040),(29,5051),(29,5066),(29,5077),(29,5087),(29,5114),(29,5115),(29,5192),(29,5202),(29,5204),(29,5209),(29,5216),(29,5221),(29,5223),(29,5239),(29,5241),(29,5242),(29,5243),(29,5244),(29,5246),(29,5248),(29,5250),(29,5251),(29,5258),(29,5259),(29,5262),(29,5269),(29,5273),(29,5274),(29,5275),(29,5276),(29,5278),(29,5279),(29,5280),(29,5281),(29,5282),(29,5283),(29,5285),(29,5286),(29,5287),(29,5289),(29,5290),(29,5291),(29,5292),(29,5295),(29,5298),(29,5301),(29,5302),(29,5304),(29,5305),(29,5306),(29,5308),(29,5310),(29,5311),(29,5312),(29,5313),(29,5315),(29,5316),(29,5317),(29,5319),(29,5320),(29,5321),(29,5322),(29,5323),(29,5330),(29,5331),(29,5339),(29,5340),(29,5346),(29,5347),(29,5349),(29,5350),(29,5351),(29,5352),(29,5353),(29,5355),(29,5363),(29,5364),(29,5365),(29,5367),(29,5368),(30,6),(30,22),(30,32),(30,35),(30,36),(30,38),(30,40),(30,41),(30,75),(30,109),(30,135),(30,141),(30,185),(30,186),(30,188),(30,192),(30,196),(30,276),(30,336),(30,432),(30,476),(30,491),(30,548),(30,651),(30,653),(30,677),(30,683),(30,687),(30,692),(30,710),(30,719),(30,751),(30,937),(30,990),(30,1063),(30,1102),(30,1147),(30,1227),(30,1388),(30,1391),(30,1404),(30,1484),(30,1522),(30,1547),(30,1563),(30,1573),(30,1642),(30,1695),(30,1891),(30,2086),(30,2443),(30,3255),(30,3318),(30,3321),(30,3337),(30,3358),(30,3556),(30,3664),(30,4090),(30,4125),(30,4126),(30,4141),(30,4144),(30,4336),(30,4748),(30,4953),(30,5250),(30,5365),(30,5373),(30,5376),(30,5378),(30,5379),(30,5380),(30,5381),(30,5382),(30,5384),(30,5385),(30,5386),(30,5387),(30,5388),(30,5391),(30,5392),(30,5393),(30,5394),(30,5396),(30,5399),(30,5400),(30,5401),(30,5402),(30,5403),(30,5406),(30,5407),(30,5409),(30,5412),(30,5413),(30,5414),(30,5418),(30,5421),(30,5422),(30,5423),(30,5426),(30,5428),(30,5429),(30,5430),(30,5434),(30,5435),(30,5437),(30,5440),(30,5441),(30,5442),(30,5443),(30,5446),(30,5448),(30,5450),(30,5451),(30,5452),(30,5453),(30,5455),(30,5456),(30,5457),(30,5459),(30,5460),(30,5461),(30,5462),(30,5465),(30,5467),(30,5468),(30,5470),(30,5471),(30,5472),(30,5474),(30,5475),(30,5480),(30,5481),(30,5483),(30,5484),(30,5485),(30,5487),(30,5488),(30,5490),(30,5491),(30,5493),(30,5494),(30,5495),(30,5497),(30,5499),(30,5501),(30,5504),(30,5505),(30,5507),(30,5511),(30,5512),(30,5515),(30,5517),(30,5518),(30,5522),(30,5523),(30,5525),(30,5527),(30,5530),(31,6),(31,8),(31,14),(31,35),(31,36),(31,37),(31,38),(31,41),(31,62),(31,63),(31,95),(31,98),(31,135),(31,178),(31,188),(31,196),(31,201),(31,208),(31,219),(31,221),(31,293),(31,327),(31,336),(31,339),(31,340),(31,341),(31,342),(31,347),(31,411),(31,500),(31,637),(31,707),(31,837),(31,850),(31,896),(31,897),(31,980),(31,983),(31,987),(31,990),(31,1088),(31,1420),(31,1465),(31,1513),(31,1580),(31,1642),(31,1719),(31,1923),(31,2001),(31,2007),(31,2052),(31,2065),(31,3468),(31,3509),(31,3591),(31,3658),(31,3683),(31,3702),(31,3780),(31,3833),(31,4037),(31,4061),(31,4125),(31,4132),(31,4141),(31,4168),(31,4225),(31,4301),(31,4336),(31,4683),(31,4724),(31,4852),(31,4990),(31,5051),(31,5171),(31,5223),(31,5251),(31,5285),(31,5295),(31,5402),(31,5532),(31,5533),(31,5534),(31,5537),(31,5539),(31,5541),(31,5543),(31,5544),(31,5545),(31,5546),(31,5547),(31,5549),(31,5550),(31,5551),(31,5553),(31,5554),(31,5555),(31,5556),(31,5557),(31,5558),(31,5559),(31,5560),(31,5561),(31,5565),(31,5566),(31,5570),(31,5571),(31,5572),(31,5584),(31,5586),(31,5587),(31,5588),(31,5591),(31,5595),(31,5599),(31,5600),(31,5601),(31,5603),(31,5604),(31,5605),(31,5606),(31,5608),(31,5609),(31,5611),(31,5612),(31,5614),(31,5615),(31,5621),(31,5625),(31,5628),(31,5631),(31,5632),(31,5633),(31,5634),(31,5637),(31,5640),(31,5641),(31,5642),(31,5646),(31,5647),(31,5648),(31,5650),(31,5651),(31,5655),(31,5656),(31,5660),(31,5661),(31,5663),(31,5665),(31,5666),(31,5669),(31,5673),(31,5676),(32,6),(32,8),(32,34),(32,35),(32,36),(32,37),(32,41),(32,57),(32,129),(32,135),(32,188),(32,208),(32,297),(32,300),(32,329),(32,411),(32,426),(32,599),(32,704),(32,775),(32,830),(32,874),(32,886),(32,892),(32,893),(32,894),(32,980),(32,983),(32,993),(32,1098),(32,1179),(32,1233),(32,1342),(32,1513),(32,1550),(32,1650),(32,2052),(32,2147),(32,3323),(32,3577),(32,4034),(32,4090),(32,4103),(32,4132),(32,4141),(32,4168),(32,4379),(32,4690),(32,4769),(32,4819),(32,4870),(32,5004),(32,5223),(32,5295),(32,5402),(32,5549),(32,5565),(32,5566),(32,5570),(32,5611),(32,5634),(32,5660),(32,5686),(32,5688),(32,5691),(32,5695),(32,5696),(32,5700),(32,5701),(32,5702),(32,5703),(32,5704),(32,5715),(32,5721),(32,5724),(32,5727),(32,5728),(32,5731),(32,5734),(32,5735),(32,5736),(32,5737),(32,5738),(32,5743),(32,5744),(32,5751),(32,5752),(32,5754),(32,5755),(32,5760),(32,5763),(32,5764),(32,5765),(32,5766),(32,5767),(32,5768),(32,5769),(32,5770),(32,5771),(32,5775),(32,5776),(32,5779),(32,5781),(33,6),(33,8),(33,35),(33,36),(33,37),(33,41),(33,95),(33,112),(33,125),(33,129),(33,135),(33,192),(33,297),(33,411),(33,462),(33,485),(33,730),(33,775),(33,841),(33,886),(33,892),(33,893),(33,894),(33,983),(33,1210),(33,1233),(33,1361),(33,1404),(33,1517),(33,1563),(33,3318),(33,3670),(33,4103),(33,4120),(33,4125),(33,4148),(33,4171),(33,4196),(33,4313),(33,4648),(33,4683),(33,4687),(33,4769),(33,4774),(33,4852),(33,4973),(33,5127),(33,5144),(33,5184),(33,5402),(33,5490),(33,5545),(33,5546),(33,5549),(33,5565),(33,5570),(33,5571),(33,5572),(33,5609),(33,5614),(33,5621),(33,5651),(33,5715),(33,5737),(33,5743),(33,5788),(33,5790),(33,5791),(33,5792),(33,5794),(33,5798),(33,5801),(33,5805),(33,5806),(33,5807),(33,5821),(33,5823),(33,5824),(33,5828),(33,5829),(33,5830),(33,5831),(33,5832),(33,5833),(33,5834),(33,5835),(33,5836),(33,5837),(33,5838),(33,5841),(33,5842),(33,5843),(33,5844),(33,5845),(33,5846),(33,5847),(33,5848),(33,5849),(33,5850),(33,5851),(33,5852),(33,5853),(33,5856),(33,5857),(33,5858),(33,5859),(33,5860),(33,5861),(33,5863),(33,5864),(33,5867),(33,5868),(33,5873),(33,5874),(33,5875),(33,5876),(33,5882),(33,5885),(33,5886),(33,5889),(33,5890),(33,5892),(33,5894),(33,5897),(33,5898),(33,5899),(33,5902),(33,5903),(33,5904),(33,5905),(33,5907),(33,5908),(33,5910),(34,6),(34,8),(34,35),(34,36),(34,41),(34,55),(34,59),(34,90),(34,101),(34,128),(34,135),(34,151),(34,159),(34,179),(34,193),(34,257),(34,262),(34,342),(34,426),(34,475),(34,483),(34,515),(34,535),(34,599),(34,732),(34,794),(34,831),(34,870),(34,896),(34,897),(34,905),(34,993),(34,1011),(34,1105),(34,1221),(34,1415),(34,1516),(34,1572),(34,1730),(34,2179),(34,2449),(34,3280),(34,3354),(34,3577),(34,3833),(34,4313),(34,4398),(34,5402),(34,5833),(34,5921),(34,5922),(34,5924),(34,5927),(34,5928),(34,5929),(34,5931),(34,5933),(34,5934),(34,5935),(34,5936),(34,5942),(34,5943),(34,5946),(34,5948),(34,5950),(34,5955),(34,5956),(34,5957),(34,5958),(34,5959),(34,5960),(34,5961),(34,5966),(34,5968),(34,5971),(34,5973),(34,5974),(34,5975),(34,5978),(34,5979),(34,5980),(34,5981),(34,5982),(34,5983),(34,5984),(34,5986),(34,5987),(34,5988),(34,5989),(34,5992),(34,5993),(34,5994),(34,5995),(34,6006),(34,6007),(34,6013),(35,6),(35,8),(35,22),(35,35),(35,36),(35,38),(35,41),(35,135),(35,159),(35,188),(35,196),(35,198),(35,344),(35,355),(35,369),(35,414),(35,622),(35,646),(35,647),(35,742),(35,744),(35,751),(35,896),(35,897),(35,929),(35,1040),(35,1522),(35,1572),(35,1941),(35,2317),(35,3263),(35,3642),(35,3747),(35,3796),(35,4132),(35,4167),(35,4340),(35,4839),(35,4863),(35,4998),(35,5057),(35,5088),(35,5381),(35,5402),(35,5418),(35,5430),(35,5434),(35,5435),(35,5446),(35,5838),(35,6018),(35,6020),(35,6022),(35,6026),(35,6028),(35,6030),(35,6031),(35,6032),(35,6033),(35,6034),(35,6035),(35,6037),(35,6038),(35,6039),(35,6040),(35,6041),(35,6042),(35,6043),(35,6044),(35,6046),(35,6047),(35,6049),(35,6050),(35,6052),(35,6054),(35,6058),(35,6062),(35,6063),(35,6064),(35,6065),(35,6066),(35,6067),(35,6068),(35,6070),(35,6071),(35,6072),(35,6073),(35,6074),(35,6075),(35,6076),(35,6077),(35,6078),(35,6079),(35,6080),(35,6081),(35,6082),(35,6083),(35,6084),(35,6085),(35,6087),(35,6088),(35,6089),(35,6090),(35,6091),(35,6092),(35,6093),(35,6094),(35,6100),(35,6103),(35,6107),(35,6110),(35,6112),(35,6113),(35,6115),(35,6119),(35,6120),(35,6121),(35,6122),(35,6124),(35,6125),(35,6126),(35,6129),(35,6130),(35,6134),(35,6135),(35,6136),(35,6139),(35,6140),(35,6141),(36,6),(36,8),(36,35),(36,36),(36,37),(36,41),(36,135),(36,347),(36,675),(36,706),(36,840),(36,846),(36,874),(36,896),(36,897),(36,1098),(36,1204),(36,1356),(36,1361),(36,1554),(36,1844),(36,1857),(36,1941),(36,3535),(36,3577),(36,3849),(36,4144),(36,4159),(36,4270),(36,4644),(36,4769),(36,4973),(36,5168),(36,5177),(36,5250),(36,5285),(36,5402),(36,5446),(36,5472),(36,5490),(36,5544),(36,5546),(36,5565),(36,5570),(36,5599),(36,5604),(36,5609),(36,5633),(36,5734),(36,5768),(36,5776),(36,5833),(36,6146),(36,6148),(36,6150),(36,6153),(36,6155),(36,6157),(36,6159),(36,6160),(36,6161),(36,6171),(36,6173),(36,6177),(36,6178),(36,6180),(36,6181),(36,6182),(36,6184),(36,6186),(36,6188),(36,6189),(36,6191),(36,6193),(36,6194),(36,6195),(36,6196),(36,6197),(36,6200),(36,6203),(36,6204),(36,6209),(36,6210),(36,6212),(36,6213),(36,6217),(36,6220),(36,6224),(36,6227),(36,6229),(36,6230),(36,6234),(36,6235),(36,6236),(36,6237),(36,6238),(36,6239),(36,6240),(37,6),(37,22),(37,32),(37,35),(37,36),(37,38),(37,40),(37,41),(37,75),(37,109),(37,135),(37,141),(37,185),(37,186),(37,188),(37,192),(37,196),(37,276),(37,336),(37,432),(37,476),(37,491),(37,548),(37,651),(37,653),(37,677),(37,683),(37,687),(37,692),(37,710),(37,719),(37,751),(37,937),(37,990),(37,1063),(37,1102),(37,1147),(37,1227),(37,1388),(37,1391),(37,1404),(37,1484),(37,1522),(37,1547),(37,1563),(37,1573),(37,1642),(37,1695),(37,1891),(37,2086),(37,2443),(37,3255),(37,3318),(37,3321),(37,3337),(37,3358),(37,3556),(37,3664),(37,4090),(37,4125),(37,4126),(37,4141),(37,4144),(37,4336),(37,4748),(37,4953),(37,5250),(37,5365),(37,5373),(37,5376),(37,5378),(37,5379),(37,5380),(37,5381),(37,5382),(37,5384),(37,5385),(37,5386),(37,5387),(37,5388),(37,5391),(37,5392),(37,5393),(37,5394),(37,5396),(37,5399),(37,5400),(37,5401),(37,5402),(37,5403),(37,5406),(37,5407),(37,5409),(37,5412),(37,5413),(37,5414),(37,5418),(37,5421),(37,5422),(37,5423),(37,5426),(37,5428),(37,5429),(37,5430),(37,5434),(37,5435),(37,5437),(37,5440),(37,5441),(37,5442),(37,5443),(37,5446),(37,5448),(37,5450),(37,5451),(37,5452),(37,5453),(37,5455),(37,5456),(37,5457),(37,5459),(37,5460),(37,5461),(37,5462),(37,5465),(37,5467),(37,5468),(37,5470),(37,5471),(37,5472),(37,5474),(37,5475),(37,5480),(37,5481),(37,5483),(37,5484),(37,5485),(37,5487),(37,5488),(37,5490),(37,5491),(37,5493),(37,5494),(37,5495),(37,5497),(37,5499),(37,5501),(37,5504),(37,5505),(37,5507),(37,5511),(37,5512),(37,5515),(37,5517),(37,5518),(37,5522),(37,5523),(37,5525),(37,5527),(37,5530),(38,6),(38,8),(38,14),(38,35),(38,36),(38,37),(38,38),(38,41),(38,62),(38,63),(38,95),(38,98),(38,135),(38,178),(38,188),(38,196),(38,201),(38,208),(38,219),(38,221),(38,293),(38,327),(38,336),(38,339),(38,340),(38,341),(38,342),(38,347),(38,411),(38,500),(38,637),(38,707),(38,837),(38,850),(38,896),(38,897),(38,980),(38,983),(38,987),(38,990),(38,1088),(38,1420),(38,1465),(38,1513),(38,1580),(38,1642),(38,1719),(38,1923),(38,2001),(38,2007),(38,2052),(38,2065),(38,3468),(38,3509),(38,3591),(38,3658),(38,3683),(38,3702),(38,3780),(38,3833),(38,4037),(38,4061),(38,4125),(38,4132),(38,4141),(38,4168),(38,4225),(38,4301),(38,4336),(38,4683),(38,4724),(38,4852),(38,4990),(38,5051),(38,5171),(38,5223),(38,5251),(38,5285),(38,5295),(38,5402),(38,5532),(38,5533),(38,5534),(38,5537),(38,5539),(38,5541),(38,5543),(38,5544),(38,5545),(38,5546),(38,5547),(38,5549),(38,5550),(38,5551),(38,5553),(38,5554),(38,5555),(38,5556),(38,5557),(38,5558),(38,5559),(38,5560),(38,5561),(38,5565),(38,5566),(38,5570),(38,5571),(38,5572),(38,5584),(38,5586),(38,5587),(38,5588),(38,5591),(38,5595),(38,5599),(38,5600),(38,5601),(38,5603),(38,5604),(38,5605),(38,5606),(38,5608),(38,5609),(38,5611),(38,5612),(38,5614),(38,5615),(38,5621),(38,5625),(38,5628),(38,5631),(38,5632),(38,5633),(38,5634),(38,5637),(38,5640),(38,5641),(38,5642),(38,5646),(38,5647),(38,5648),(38,5650),(38,5651),(38,5655),(38,5656),(38,5660),(38,5661),(38,5663),(38,5665),(38,5666),(38,5669),(38,5673),(38,5676),(39,6),(39,8),(39,34),(39,35),(39,36),(39,37),(39,41),(39,57),(39,129),(39,135),(39,188),(39,208),(39,297),(39,300),(39,329),(39,411),(39,426),(39,599),(39,704),(39,775),(39,830),(39,874),(39,886),(39,892),(39,893),(39,894),(39,980),(39,983),(39,993),(39,1098),(39,1179),(39,1233),(39,1342),(39,1513),(39,1550),(39,1650),(39,2052),(39,2147),(39,3323),(39,3577),(39,4034),(39,4090),(39,4103),(39,4132),(39,4141),(39,4168),(39,4379),(39,4690),(39,4769),(39,4819),(39,4870),(39,5004),(39,5223),(39,5295),(39,5402),(39,5549),(39,5565),(39,5566),(39,5570),(39,5611),(39,5634),(39,5660),(39,5686),(39,5688),(39,5691),(39,5695),(39,5696),(39,5700),(39,5701),(39,5702),(39,5703),(39,5704),(39,5715),(39,5721),(39,5724),(39,5727),(39,5728),(39,5731),(39,5734),(39,5735),(39,5736),(39,5737),(39,5738),(39,5743),(39,5744),(39,5751),(39,5752),(39,5754),(39,5755),(39,5760),(39,5763),(39,5764),(39,5765),(39,5766),(39,5767),(39,5768),(39,5769),(39,5770),(39,5771),(39,5775),(39,5776),(39,5779),(39,5781),(40,6),(40,8),(40,35),(40,36),(40,37),(40,41),(40,95),(40,112),(40,125),(40,129),(40,135),(40,192),(40,297),(40,411),(40,462),(40,485),(40,730),(40,775),(40,841),(40,886),(40,892),(40,893),(40,894),(40,983),(40,1210),(40,1233),(40,1361),(40,1404),(40,1517),(40,1563),(40,3318),(40,3670),(40,4103),(40,4120),(40,4125),(40,4148),(40,4171),(40,4196),(40,4313),(40,4648),(40,4683),(40,4687),(40,4769),(40,4774),(40,4852),(40,4973),(40,5127),(40,5144),(40,5184),(40,5402),(40,5490),(40,5545),(40,5546),(40,5549),(40,5565),(40,5570),(40,5571),(40,5572),(40,5609),(40,5614),(40,5621),(40,5651),(40,5715),(40,5737),(40,5743),(40,5788),(40,5790),(40,5791),(40,5792),(40,5794),(40,5798),(40,5801),(40,5805),(40,5806),(40,5807),(40,5821),(40,5823),(40,5824),(40,5828),(40,5829),(40,5830),(40,5831),(40,5832),(40,5833),(40,5834),(40,5835),(40,5836),(40,5837),(40,5838),(40,5841),(40,5842),(40,5843),(40,5844),(40,5845),(40,5846),(40,5847),(40,5848),(40,5849),(40,5850),(40,5851),(40,5852),(40,5853),(40,5856),(40,5857),(40,5858),(40,5859),(40,5860),(40,5861),(40,5863),(40,5864),(40,5867),(40,5868),(40,5873),(40,5874),(40,5875),(40,5876),(40,5882),(40,5885),(40,5886),(40,5889),(40,5890),(40,5892),(40,5894),(40,5897),(40,5898),(40,5899),(40,5902),(40,5903),(40,5904),(40,5905),(40,5907),(40,5908),(40,5910),(41,6),(41,8),(41,35),(41,36),(41,41),(41,55),(41,59),(41,90),(41,101),(41,128),(41,135),(41,151),(41,159),(41,179),(41,193),(41,257),(41,262),(41,342),(41,426),(41,475),(41,483),(41,515),(41,535),(41,599),(41,732),(41,794),(41,831),(41,870),(41,896),(41,897),(41,905),(41,993),(41,1011),(41,1105),(41,1221),(41,1415),(41,1516),(41,1572),(41,1730),(41,2179),(41,2449),(41,3280),(41,3354),(41,3577),(41,3833),(41,4313),(41,4398),(41,5402),(41,5833),(41,5921),(41,5922),(41,5924),(41,5927),(41,5928),(41,5929),(41,5931),(41,5933),(41,5934),(41,5935),(41,5936),(41,5942),(41,5943),(41,5946),(41,5948),(41,5950),(41,5955),(41,5956),(41,5957),(41,5958),(41,5959),(41,5960),(41,5961),(41,5966),(41,5968),(41,5971),(41,5973),(41,5974),(41,5975),(41,5978),(41,5979),(41,5980),(41,5981),(41,5982),(41,5983),(41,5984),(41,5986),(41,5987),(41,5988),(41,5989),(41,5992),(41,5993),(41,5994),(41,5995),(41,6006),(41,6007),(41,6013),(42,6),(42,8),(42,22),(42,35),(42,36),(42,38),(42,41),(42,135),(42,159),(42,188),(42,196),(42,198),(42,344),(42,355),(42,369),(42,414),(42,622),(42,646),(42,647),(42,742),(42,744),(42,751),(42,896),(42,897),(42,929),(42,1040),(42,1522),(42,1572),(42,1941),(42,2317),(42,3263),(42,3642),(42,3747),(42,3796),(42,4132),(42,4167),(42,4340),(42,4839),(42,4863),(42,4998),(42,5057),(42,5088),(42,5381),(42,5402),(42,5418),(42,5430),(42,5434),(42,5435),(42,5446),(42,5838),(42,6018),(42,6020),(42,6022),(42,6026),(42,6028),(42,6030),(42,6031),(42,6032),(42,6033),(42,6034),(42,6035),(42,6037),(42,6038),(42,6039),(42,6040),(42,6041),(42,6042),(42,6043),(42,6044),(42,6046),(42,6047),(42,6049),(42,6050),(42,6052),(42,6054),(42,6058),(42,6062),(42,6063),(42,6064),(42,6065),(42,6066),(42,6067),(42,6068),(42,6070),(42,6071),(42,6072),(42,6073),(42,6074),(42,6075),(42,6076),(42,6077),(42,6078),(42,6079),(42,6080),(42,6081),(42,6082),(42,6083),(42,6084),(42,6085),(42,6087),(42,6088),(42,6089),(42,6090),(42,6091),(42,6092),(42,6093),(42,6094),(42,6100),(42,6103),(42,6107),(42,6110),(42,6112),(42,6113),(42,6115),(42,6119),(42,6120),(42,6121),(42,6122),(42,6124),(42,6125),(42,6126),(42,6129),(42,6130),(42,6134),(42,6135),(42,6136),(42,6139),(42,6140),(42,6141),(43,6),(43,8),(43,35),(43,36),(43,37),(43,41),(43,135),(43,347),(43,675),(43,706),(43,840),(43,846),(43,874),(43,896),(43,897),(43,1098),(43,1204),(43,1356),(43,1361),(43,1554),(43,1844),(43,1857),(43,1941),(43,3535),(43,3577),(43,3849),(43,4144),(43,4159),(43,4270),(43,4644),(43,4769),(43,4973),(43,5168),(43,5177),(43,5250),(43,5285),(43,5402),(43,5446),(43,5472),(43,5490),(43,5544),(43,5546),(43,5565),(43,5570),(43,5599),(43,5604),(43,5609),(43,5633),(43,5734),(43,5768),(43,5776),(43,5833),(43,6146),(43,6148),(43,6150),(43,6153),(43,6155),(43,6157),(43,6159),(43,6160),(43,6161),(43,6171),(43,6173),(43,6177),(43,6178),(43,6180),(43,6181),(43,6182),(43,6184),(43,6186),(43,6188),(43,6189),(43,6191),(43,6193),(43,6194),(43,6195),(43,6196),(43,6197),(43,6200),(43,6203),(43,6204),(43,6209),(43,6210),(43,6212),(43,6213),(43,6217),(43,6220),(43,6224),(43,6227),(43,6229),(43,6230),(43,6234),(43,6235),(43,6236),(43,6237),(43,6238),(43,6239),(43,6240),(44,6),(44,8),(44,35),(44,36),(44,41),(44,55),(44,105),(44,135),(44,137),(44,148),(44,178),(44,188),(44,221),(44,252),(44,599),(44,736),(44,738),(44,794),(44,896),(44,897),(44,914),(44,990),(44,993),(44,1105),(44,1200),(44,1517),(44,1519),(44,1704),(44,1905),(44,3098),(44,3150),(44,3577),(44,3855),(44,4002),(44,4234),(44,4296),(44,4341),(44,5017),(44,5176),(44,5402),(44,5769),(44,5770),(44,5823),(44,5863),(44,5921),(44,5928),(44,5942),(44,5946),(44,5950),(44,5966),(44,5973),(44,7117),(44,7119),(44,7123),(44,7125),(44,7126),(44,7129),(44,7130),(44,7132),(44,7133),(44,7134),(44,7135),(44,7140),(44,7141),(44,7145),(44,7148),(44,7157),(44,7158),(44,7159),(44,7162),(44,7170),(44,7172),(44,7175),(44,7176),(44,7183),(44,7186),(44,7187),(45,6),(45,8),(45,35),(45,36),(45,37),(45,40),(45,41),(45,64),(45,95),(45,129),(45,131),(45,135),(45,328),(45,336),(45,411),(45,422),(45,508),(45,710),(45,841),(45,896),(45,897),(45,1098),(45,1233),(45,1361),(45,1550),(45,1719),(45,1896),(45,3203),(45,3805),(45,3833),(45,3995),(45,4037),(45,4103),(45,4125),(45,4141),(45,4168),(45,4336),(45,4371),(45,4490),(45,4541),(45,4551),(45,4583),(45,4683),(45,4709),(45,4751),(45,4819),(45,4860),(45,5004),(45,5144),(45,5244),(45,5259),(45,5295),(45,5402),(45,5501),(45,5543),(45,5544),(45,5546),(45,5549),(45,5553),(45,5560),(45,5565),(45,5566),(45,5570),(45,5609),(45,5614),(45,5615),(45,5633),(45,5641),(45,5651),(45,5660),(45,5853),(45,5875),(45,6161),(45,6229),(45,7194),(45,7196),(45,7199),(45,7200),(45,7201),(45,7203),(45,7205),(45,7210),(45,7222),(45,7224),(45,7225),(45,7226),(45,7239),(45,7241),(45,7242),(45,7244),(45,7247),(45,7250),(45,7252),(45,7259),(45,7260),(45,7261),(45,7266),(45,7267),(45,7268),(45,7269),(45,7272),(45,7273),(45,7278),(45,7284),(45,7286),(45,7288),(45,7290),(45,7292),(45,7298),(46,6),(46,22),(46,35),(46,36),(46,38),(46,40),(46,41),(46,98),(46,135),(46,161),(46,188),(46,196),(46,274),(46,276),(46,336),(46,353),(46,414),(46,440),(46,535),(46,555),(46,622),(46,630),(46,646),(46,665),(46,696),(46,850),(46,905),(46,915),(46,1031),(46,1040),(46,1522),(46,1658),(46,1704),(46,1734),(46,1913),(46,2086),(46,2261),(46,3337),(46,3402),(46,3577),(46,3642),(46,3690),(46,3866),(46,4002),(46,4192),(46,4645),(46,4687),(46,4775),(46,4794),(46,4939),(46,5387),(46,5399),(46,5402),(46,5407),(46,5409),(46,5412),(46,5426),(46,5434),(46,5435),(46,5451),(46,5465),(46,5491),(46,5504),(46,5823),(46,6033),(46,6115),(46,7200),(46,7302),(46,7305),(46,7307),(46,7312),(46,7313),(46,7314),(46,7316),(46,7318),(46,7319),(46,7320),(46,7321),(46,7322),(46,7323),(46,7324),(46,7325),(46,7327),(46,7329),(46,7330),(46,7331),(46,7333),(46,7336),(46,7343),(46,7344),(46,7346),(46,7347),(46,7355),(46,7356),(46,7357),(46,7358),(46,7359),(46,7360),(46,7361),(46,7362),(46,7363),(46,7364),(46,7367),(46,7368),(46,7369),(46,7370),(46,7371),(46,7372),(46,7373),(46,7374),(46,7375),(46,7376),(46,7377),(46,7378),(46,7381),(46,7382),(46,7383),(46,7386),(46,7387),(46,7388),(46,7392),(46,7395),(46,7396),(46,7397),(46,7400),(46,7401),(46,7406),(46,7407),(46,7409),(46,7410),(46,7411),(46,7412),(46,7413),(46,7415),(46,7418),(46,7419),(46,7423),(46,7424),(46,7425),(46,7430),(46,7431),(46,7432),(46,7433),(46,7434),(46,7436),(46,7437),(46,7438),(46,7439),(46,7440),(46,7443),(46,7446),(46,7448),(46,7449),(46,7450),(46,7451),(46,7453),(46,7454),(46,7455),(46,7456),(46,7458),(46,7460),(46,7461),(46,7463),(47,6),(47,8),(47,35),(47,36),(47,41),(47,98),(47,135),(47,196),(47,216),(47,245),(47,274),(47,275),(47,336),(47,428),(47,476),(47,510),(47,515),(47,541),(47,548),(47,555),(47,565),(47,706),(47,775),(47,851),(47,896),(47,897),(47,906),(47,915),(47,990),(47,993),(47,1030),(47,1032),(47,1094),(47,1183),(47,1210),(47,1325),(47,1404),(47,1487),(47,1522),(47,1523),(47,1550),(47,1573),(47,1711),(47,1886),(47,1977),(47,2034),(47,2065),(47,2317),(47,3159),(47,3172),(47,3203),(47,3321),(47,3702),(47,3856),(47,4002),(47,4061),(47,4080),(47,4090),(47,4125),(47,4126),(47,4141),(47,4172),(47,4192),(47,4341),(47,4364),(47,4540),(47,4583),(47,4756),(47,4769),(47,5058),(47,5250),(47,5381),(47,5382),(47,5387),(47,5402),(47,5409),(47,5423),(47,5491),(47,5501),(47,5841),(47,5848),(47,5859),(47,6113),(47,6139),(47,6157),(47,7312),(47,7383),(47,7410),(47,7411),(47,7465),(47,7466),(47,7468),(47,7471),(47,7472),(47,7473),(47,7479),(47,7480),(47,7482),(47,7483),(47,7484),(47,7485),(47,7486),(47,7489),(47,7492),(47,7493),(47,7494),(47,7496),(47,7498),(47,7500),(47,7503),(47,7508),(47,7514),(47,7515),(47,7519),(47,7520),(47,7524),(47,7525),(47,7530),(47,7531),(47,7534),(47,7537),(47,7538),(47,7539),(47,7540),(47,7542),(47,7546),(47,7549),(47,7551),(47,7555),(47,7558),(47,7559),(47,7563),(47,7568),(47,7569),(47,7573),(47,7574),(47,7575),(47,7578),(47,7579),(47,7581),(47,7582),(47,7590),(47,7597),(47,7598),(47,7599),(47,7600),(47,7601),(47,7604),(47,7605),(47,7606),(47,7607),(47,7608),(47,7610),(47,7611),(47,7612),(47,7614),(47,7616),(47,7619),(48,6),(48,8),(48,22),(48,32),(48,35),(48,36),(48,40),(48,41),(48,98),(48,129),(48,135),(48,196),(48,216),(48,245),(48,274),(48,297),(48,336),(48,340),(48,369),(48,411),(48,414),(48,422),(48,428),(48,515),(48,535),(48,555),(48,558),(48,665),(48,775),(48,886),(48,892),(48,893),(48,894),(48,896),(48,897),(48,919),(48,990),(48,993),(48,1030),(48,1031),(48,1032),(48,1144),(48,1390),(48,1404),(48,1433),(48,1522),(48,1523),(48,1658),(48,1977),(48,2086),(48,2317),(48,2376),(48,2438),(48,2446),(48,3203),(48,3321),(48,3661),(48,4150),(48,4190),(48,4340),(48,4544),(48,4618),(48,4674),(48,4731),(48,4756),(48,4759),(48,5004),(48,5088),(48,5244),(48,5382),(48,5402),(48,5409),(48,5465),(48,5475),(48,5487),(48,5491),(48,6112),(48,6113),(48,6115),(48,6161),(48,7302),(48,7312),(48,7425),(48,7461),(48,7482),(48,7483),(48,7485),(48,7489),(48,7492),(48,7493),(48,7494),(48,7496),(48,7498),(48,7500),(48,7508),(48,7568),(48,7574),(48,7590),(48,7623),(48,7626),(48,7628),(48,7632),(48,7634),(48,7645),(48,7647),(48,7649),(48,7652),(48,7658),(48,7659),(48,7661),(48,7663),(48,7682),(48,7684),(48,7686),(48,7697),(48,7698),(48,7699),(48,7700),(48,7701),(48,7705),(48,7710),(48,7711),(48,7712),(48,7713),(48,7715),(48,7717),(48,7719),(48,7720),(48,7721),(48,7722),(48,7724),(48,7725),(48,7727),(48,7732),(48,7741),(48,7742),(48,7743),(48,7744),(48,7747),(48,7748),(48,7749),(48,7750),(48,7751),(48,7755),(48,7756),(48,7757),(48,7758),(48,7759),(48,7762),(48,7763),(48,7764),(48,7771),(49,6),(49,8),(49,19),(49,34),(49,35),(49,36),(49,40),(49,41),(49,95),(49,98),(49,111),(49,135),(49,188),(49,201),(49,332),(49,336),(49,411),(49,426),(49,599),(49,730),(49,834),(49,874),(49,896),(49,897),(49,980),(49,993),(49,1064),(49,1174),(49,1388),(49,1407),(49,1550),(49,1563),(49,1650),(49,1747),(49,2034),(49,2035),(49,2547),(49,3501),(49,3690),(49,4090),(49,4103),(49,4132),(49,4141),(49,4144),(49,4168),(49,4275),(49,4303),(49,4546),(49,4690),(49,4769),(49,4978),(49,4992),(49,4998),(49,5244),(49,5251),(49,5258),(49,5317),(49,5402),(49,5452),(49,5527),(49,5547),(49,5565),(49,5566),(49,5628),(49,5700),(49,5702),(49,5704),(49,5731),(49,5767),(49,7446),(49,7776),(49,7777),(49,7779),(49,7782),(49,7783),(49,7789),(49,7791),(49,7793),(49,7797),(49,7800),(49,7806),(49,7812),(49,7816),(49,7818),(49,7819),(49,7820),(49,7822),(49,7823),(49,7825),(49,7828),(49,7832),(49,7834),(49,7835),(49,7841),(49,7843),(49,7847),(49,7848),(49,7849),(49,7851),(49,7852),(49,7856),(49,7863),(49,7864),(49,7867),(49,7869),(49,7870),(49,7871),(49,7872),(49,7875),(49,7876),(49,7880),(49,7883),(50,6),(50,8),(50,11),(50,22),(50,36),(50,52),(50,53),(50,59),(50,80),(50,98),(50,105),(50,109),(50,111),(50,122),(50,129),(50,134),(50,135),(50,153),(50,178),(50,186),(50,192),(50,193),(50,204),(50,218),(50,275),(50,304),(50,612),(50,670),(50,874),(50,886),(50,892),(50,905),(50,915),(50,983),(50,1028),(50,1073),(50,1096),(50,1187),(50,1522),(50,1560),(50,1563),(50,1572),(50,1573),(50,1734),(50,1941),(50,1983),(50,2019),(50,2162),(50,2438),(50,2752),(50,3156),(50,3198),(50,3203),(50,3404),(50,3855),(50,4027),(50,4068),(50,4296),(50,4437),(50,5057),(50,5186),(50,5365),(50,5628),(50,7172),(50,7175),(50,7411),(50,7530),(50,7542),(50,7744),(50,7764),(50,7887),(50,7888),(50,7890),(50,7892),(50,7897),(50,7899),(50,7901),(50,7903),(50,7905),(50,7908),(50,7909),(50,7910),(50,7912),(50,7913),(50,7914),(50,7915),(50,7916),(50,7917),(50,7921),(50,7922),(50,7923),(50,7925),(50,7933),(50,7934),(50,7936),(50,7938),(50,7939),(50,7940),(50,7942),(50,7945),(50,7946),(50,7948),(50,7950),(50,7952),(50,7953),(50,7954),(50,7956),(50,7959),(50,7961),(50,7962),(50,7963),(50,7966),(50,7967),(50,7970),(50,7971),(50,7973),(50,7976),(50,7978),(50,7980),(50,7981),(50,7990),(50,7993),(50,7994),(50,7996),(50,7997),(50,7998),(50,7999),(50,8001),(50,8002),(50,8003),(50,8005),(50,8006),(50,8007),(50,8008),(50,8009),(50,8011),(50,8013),(50,8014),(50,8015),(50,8016),(50,8019),(50,8020),(50,8024),(50,8025),(51,6),(51,30),(51,35),(51,36),(51,40),(51,41),(51,66),(51,98),(51,115),(51,134),(51,135),(51,137),(51,178),(51,188),(51,191),(51,192),(51,196),(51,207),(51,218),(51,267),(51,268),(51,274),(51,280),(51,286),(51,290),(51,297),(51,347),(51,426),(51,474),(51,539),(51,551),(51,552),(51,553),(51,603),(51,713),(51,775),(51,785),(51,837),(51,882),(51,983),(51,990),(51,1046),(51,1080),(51,1262),(51,1419),(51,1463),(51,1522),(51,1573),(51,1642),(51,1679),(51,2019),(51,2024),(51,2159),(51,3203),(51,3407),(51,3566),(51,3567),(51,4196),(51,4327),(51,4542),(51,5082),(51,5365),(51,5570),(51,5734),(51,5767),(51,5779),(51,5863),(51,5946),(51,7292),(51,7411),(51,7472),(51,7764),(51,7916),(51,8036),(51,8038),(51,8042),(51,8046),(51,8047),(51,8049),(51,8051),(51,8053),(51,8054),(51,8055),(51,8056),(51,8057),(51,8058),(51,8060),(51,8062),(51,8066),(51,8067),(51,8068),(51,8072),(51,8076),(51,8077),(51,8078),(51,8081),(51,8083),(51,8087),(51,8090),(51,8092),(51,8093),(51,8094),(51,8095),(51,8096),(51,8097),(51,8099),(51,8101),(51,8103),(51,8104),(51,8106),(51,8107),(51,8108),(51,8109),(51,8110),(51,8112),(51,8116),(51,8118),(51,8120),(51,8121),(51,8122),(51,8124),(51,8125),(51,8133),(51,8137),(51,8138),(51,8139),(51,8142),(51,8143),(51,8145),(51,8147),(51,8148),(51,8149),(51,8150),(51,8153),(51,8154),(51,8155),(51,8156),(51,8158),(51,8161),(51,8165),(51,8166),(51,8170),(51,8172),(51,8173),(51,8174),(51,8176),(52,6),(52,22),(52,35),(52,36),(52,41),(52,111),(52,135),(52,141),(52,178),(52,207),(52,218),(52,336),(52,1039),(52,1488),(52,1522),(52,1573),(52,4068),(52,4941),(52,5566),(52,5570),(52,7172),(52,7887),(52,7899),(52,7905),(52,7916),(52,8016),(52,8067),(52,8068),(52,8072),(52,8179),(52,8180),(52,8182),(52,8184),(52,8185),(52,8186),(52,8191),(52,8193),(52,8194),(52,8195),(52,8196),(52,8197),(52,8198),(52,8200),(52,8204),(52,8209),(52,8213),(52,8218),(52,8220),(52,8223),(52,8226),(53,6),(53,22),(53,35),(53,36),(53,41),(53,53),(53,57),(53,59),(53,66),(53,80),(53,98),(53,101),(53,105),(53,122),(53,135),(53,141),(53,159),(53,177),(53,178),(53,192),(53,198),(53,201),(53,204),(53,207),(53,251),(53,280),(53,290),(53,336),(53,339),(53,340),(53,341),(53,342),(53,474),(53,483),(53,603),(53,630),(53,631),(53,654),(53,696),(53,697),(53,700),(53,811),(53,831),(53,874),(53,983),(53,990),(53,1046),(53,1102),(53,1186),(53,1522),(53,1553),(53,1582),(53,1657),(53,2089),(53,2093),(53,2112),(53,3702),(53,3877),(53,3890),(53,3931),(53,4125),(53,4196),(53,4382),(53,4438),(53,4719),(53,4748),(53,4818),(53,5176),(53,5258),(53,5321),(53,5446),(53,5452),(53,5457),(53,5547),(53,5570),(53,5863),(53,5905),(53,5973),(53,5987),(53,7176),(53,7292),(53,7400),(53,7472),(53,7732),(53,7901),(53,7916),(53,7948),(53,7963),(53,7981),(53,8047),(53,8067),(53,8068),(53,8137),(53,8138),(53,8139),(53,8142),(53,8155),(53,8161),(53,8170),(53,8209),(53,8229),(53,8230),(53,8232),(53,8234),(53,8236),(53,8237),(53,8239),(53,8243),(53,8245),(53,8246),(53,8248),(53,8249),(53,8256),(53,8258),(53,8259),(53,8266),(53,8271),(53,8272),(53,8273),(53,8277),(53,8279),(53,8282),(53,8283),(53,8284),(53,8285),(53,8286),(53,8292),(53,8296),(53,8300),(53,8301),(53,8304),(53,8305),(53,8311),(53,8314),(53,8319),(53,8323),(53,8336),(53,8337),(53,8338),(53,8341),(53,8342),(53,8343),(53,8347),(53,8349),(53,8350),(53,8351),(53,8352),(53,8354),(53,8356),(53,8357),(53,8361),(53,8363),(53,8364),(53,8366),(53,8367),(53,8369),(53,8370),(53,8372),(53,8373),(53,8376),(53,8380),(53,8382),(53,8384),(53,8385),(53,8387),(53,8392),(53,8394),(53,8395),(54,6),(54,8),(54,21),(54,22),(54,35),(54,36),(54,40),(54,41),(54,52),(54,55),(54,59),(54,66),(54,80),(54,98),(54,109),(54,117),(54,122),(54,135),(54,153),(54,178),(54,188),(54,191),(54,192),(54,193),(54,196),(54,204),(54,207),(54,218),(54,255),(54,263),(54,268),(54,317),(54,318),(54,327),(54,332),(54,336),(54,347),(54,462),(54,496),(54,603),(54,631),(54,656),(54,681),(54,683),(54,700),(54,713),(54,839),(54,896),(54,897),(54,983),(54,990),(54,998),(54,1028),(54,1046),(54,1186),(54,1227),(54,1361),(54,1420),(54,1496),(54,1514),(54,1522),(54,1550),(54,1555),(54,1573),(54,1642),(54,1978),(54,1983),(54,2089),(54,2090),(54,2159),(54,3199),(54,3203),(54,3566),(54,3567),(54,3854),(54,4171),(54,4296),(54,4437),(54,4542),(54,4687),(54,4818),(54,5321),(54,5462),(54,5570),(54,5632),(54,5734),(54,5755),(54,7684),(54,7916),(54,7948),(54,7976),(54,8046),(54,8053),(54,8055),(54,8057),(54,8067),(54,8068),(54,8072),(54,8076),(54,8077),(54,8078),(54,8083),(54,8092),(54,8093),(54,8097),(54,8101),(54,8103),(54,8104),(54,8107),(54,8110),(54,8239),(54,8300),(54,8367),(54,8398),(54,8400),(54,8405),(54,8406),(54,8408),(54,8411),(54,8416),(54,8417),(54,8418),(54,8419),(54,8420),(54,8422),(54,8424),(54,8426),(54,8428),(54,8431),(54,8437),(54,8438),(54,8440),(54,8442),(54,8449),(54,8452),(54,8453),(54,8454),(54,8455),(54,8462),(54,8472),(54,8473),(54,8475),(54,8476),(54,8479),(54,8480),(54,8482),(54,8483),(54,8486),(54,8487),(54,8488),(54,8490),(54,8491),(54,8492),(54,8493),(54,8494),(54,8495),(54,8503),(54,8511),(54,8512),(54,8515),(54,8517),(54,8518),(54,8519),(54,8522),(54,8526),(54,8527),(54,8530),(54,8531),(54,8532),(54,8533),(54,8534),(54,8537),(54,8540),(54,8542),(54,8543),(54,8544),(54,8551),(54,8552),(54,8555),(54,8560),(54,8565),(54,8566),(54,8567),(54,8568),(54,8571),(54,8572),(54,8573),(54,8574),(54,8578),(54,8580),(54,8581),(54,8582),(54,8583),(54,8584),(54,8585),(54,8586),(54,8588),(54,8589),(54,8590),(54,8591),(54,8593),(55,6),(55,21),(55,35),(55,36),(55,41),(55,59),(55,105),(55,135),(55,141),(55,178),(55,188),(55,191),(55,196),(55,208),(55,280),(55,290),(55,336),(55,339),(55,340),(55,341),(55,342),(55,474),(55,483),(55,629),(55,630),(55,631),(55,670),(55,693),(55,697),(55,785),(55,896),(55,897),(55,983),(55,1046),(55,1227),(55,1522),(55,1555),(55,1711),(55,2090),(55,3203),(55,3468),(55,3509),(55,4021),(55,4171),(55,4196),(55,4327),(55,5004),(55,5167),(55,5570),(55,5587),(55,5863),(55,5987),(55,7916),(55,7981),(55,8067),(55,8068),(55,8137),(55,8154),(55,8155),(55,8156),(55,8158),(55,8266),(55,8392),(55,8394),(55,8395),(55,8517),(55,8542),(55,8597),(55,8598),(55,8599),(55,8600),(55,8601),(55,8603),(55,8605),(55,8608),(55,8610),(55,8611),(55,8613),(55,8614),(55,8616),(55,8617),(55,8618),(55,8619),(55,8620),(55,8623),(55,8626),(55,8631),(55,8635),(55,8645),(55,8646),(55,8648),(55,8649),(55,8650),(55,8651),(55,8652),(55,8661),(55,8664),(55,8671),(55,8672),(55,8677),(55,8678),(55,8679),(55,8685),(55,8689),(56,6),(56,8),(56,35),(56,36),(56,41),(56,55),(56,57),(56,81),(56,94),(56,98),(56,122),(56,129),(56,135),(56,178),(56,186),(56,207),(56,256),(56,289),(56,297),(56,312),(56,313),(56,318),(56,347),(56,426),(56,481),(56,603),(56,641),(56,665),(56,683),(56,697),(56,714),(56,730),(56,736),(56,775),(56,781),(56,794),(56,886),(56,892),(56,893),(56,894),(56,896),(56,897),(56,913),(56,937),(56,983),(56,1028),(56,1045),(56,1046),(56,1064),(56,1096),(56,1102),(56,1105),(56,1419),(56,1522),(56,1547),(56,1553),(56,1679),(56,1691),(56,1696),(56,1712),(56,1855),(56,1982),(56,2030),(56,2052),(56,3143),(56,3146),(56,3466),(56,3535),(56,4089),(56,4125),(56,4188),(56,4199),(56,4272),(56,4301),(56,4327),(56,4330),(56,4449),(56,4687),(56,4819),(56,4965),(56,5057),(56,5082),(56,5251),(56,5565),(56,5570),(56,5734),(56,5781),(56,5910),(56,6189),(56,6196),(56,6229),(56,7530),(56,7559),(56,7742),(56,7880),(56,7909),(56,7916),(56,7923),(56,7945),(56,8042),(56,8066),(56,8067),(56,8068),(56,8072),(56,8118),(56,8120),(56,8122),(56,8124),(56,8142),(56,8166),(56,8266),(56,8285),(56,8540),(56,8701),(56,8704),(56,8706),(56,8714),(56,8720),(56,8721),(56,8723),(56,8724),(56,8726),(56,8727),(56,8728),(56,8729),(56,8730),(56,8733),(56,8734),(56,8741),(56,8742),(56,8744),(56,8746),(56,8755),(56,8757),(56,8758),(56,8760),(56,8766),(56,8769),(56,8771),(56,8773),(56,8776),(56,8780),(56,8781),(56,8783),(56,8786),(56,8790),(56,8792),(56,8794),(56,8796),(56,8801),(56,8802),(56,8803),(56,8804),(56,8805),(56,8809),(56,8813),(56,8819),(56,8828),(56,8837),(56,8847),(56,8852),(56,8853),(57,6),(57,35),(57,36),(57,41),(57,52),(57,58),(57,75),(57,80),(57,90),(57,98),(57,101),(57,108),(57,122),(57,135),(57,150),(57,153),(57,178),(57,188),(57,191),(57,204),(57,207),(57,218),(57,252),(57,266),(57,268),(57,290),(57,291),(57,297),(57,299),(57,304),(57,328),(57,330),(57,347),(57,369),(57,426),(57,441),(57,523),(57,551),(57,552),(57,553),(57,653),(57,751),(57,785),(57,818),(57,900),(57,919),(57,983),(57,1186),(57,1419),(57,1522),(57,1535),(57,1545),(57,1573),(57,1642),(57,1665),(57,1684),(57,1702),(57,1711),(57,1712),(57,2024),(57,2438),(57,2731),(57,3327),(57,3566),(57,3567),(57,4030),(57,4068),(57,4196),(57,4296),(57,4301),(57,4330),(57,4477),(57,4716),(57,4769),(57,4933),(57,5295),(57,5437),(57,5456),(57,5570),(57,5767),(57,5946),(57,6161),(57,7612),(57,7916),(57,7936),(57,7961),(57,8016),(57,8046),(57,8057),(57,8066),(57,8067),(57,8068),(57,8072),(57,8081),(57,8087),(57,8090),(57,8096),(57,8097),(57,8101),(57,8103),(57,8104),(57,8110),(57,8125),(57,8266),(57,8475),(57,8661),(57,8869),(57,8881),(57,8883),(57,8885),(57,8887),(57,8888),(57,8890),(57,8892),(57,8901),(57,8902),(57,8929),(57,8932),(57,8933),(57,8941),(57,8942),(57,8943),(57,8945),(57,8947),(57,8949),(57,8951),(57,8963),(57,8967),(57,8969),(57,8974),(57,8975),(57,8976),(57,8977),(57,8978),(57,8980),(57,8981),(57,8982),(57,8983),(57,8984),(57,8987),(57,8989),(57,8991),(57,8992),(57,8996),(57,8997),(57,8998),(57,9002),(57,9003),(57,9004),(57,9007),(57,9008),(57,9010),(57,9011),(57,9012),(57,9013),(57,9014),(58,6),(58,22),(58,35),(58,36),(58,40),(58,41),(58,57),(58,59),(58,66),(58,75),(58,104),(58,111),(58,126),(58,129),(58,134),(58,135),(58,163),(58,188),(58,191),(58,192),(58,196),(58,207),(58,208),(58,250),(58,280),(58,282),(58,290),(58,299),(58,336),(58,339),(58,340),(58,341),(58,342),(58,343),(58,344),(58,345),(58,412),(58,474),(58,480),(58,483),(58,485),(58,539),(58,603),(58,628),(58,653),(58,664),(58,665),(58,670),(58,713),(58,775),(58,794),(58,841),(58,851),(58,893),(58,894),(58,896),(58,897),(58,937),(58,983),(58,1045),(58,1046),(58,1102),(58,1488),(58,1489),(58,1490),(58,1522),(58,1563),(58,1684),(58,1723),(58,2007),(58,2019),(58,2089),(58,2112),(58,3468),(58,3592),(58,3739),(58,3747),(58,3817),(58,3855),(58,4196),(58,4297),(58,4313),(58,4327),(58,4368),(58,4542),(58,4687),(58,4719),(58,4748),(58,4769),(58,4941),(58,5170),(58,5176),(58,5570),(58,5863),(58,5873),(58,7172),(58,7292),(58,7537),(58,7916),(58,7963),(58,8042),(58,8047),(58,8067),(58,8068),(58,8072),(58,8137),(58,8139),(58,8148),(58,8155),(58,8256),(58,8258),(58,8266),(58,8279),(58,8296),(58,8343),(58,8385),(58,8517),(58,8631),(58,8648),(58,8723),(58,8803),(58,8941),(58,9019),(58,9022),(58,9024),(58,9025),(58,9026),(58,9034),(58,9035),(58,9036),(58,9038),(58,9039),(58,9040),(58,9042),(58,9043),(58,9044),(58,9045),(58,9046),(58,9047),(58,9049),(58,9050),(58,9053),(58,9056),(58,9067),(58,9075),(58,9081),(58,9082),(58,9087),(58,9088),(58,9089),(58,9090),(58,9094),(58,9101),(58,9103),(58,9109),(58,9111),(58,9112),(58,9113),(58,9117),(58,9119),(58,9128),(58,9129),(58,9130),(58,9131),(58,9132),(58,9133),(58,9137),(58,9141),(58,9142),(58,9143),(58,9145),(58,9147),(58,9150),(58,9156),(58,9157),(58,9162),(58,9163),(58,9164),(58,9165),(58,9166),(58,9171),(58,9173),(58,9176),(58,9178),(58,9182),(58,9185),(58,9188),(58,9189),(58,9194),(58,9195),(58,9199),(58,9200),(58,9201),(58,9203),(59,6),(59,22),(59,35),(59,36),(59,37),(59,41),(59,52),(59,59),(59,66),(59,98),(59,109),(59,122),(59,135),(59,144),(59,192),(59,204),(59,207),(59,269),(59,276),(59,290),(59,309),(59,317),(59,325),(59,328),(59,412),(59,563),(59,653),(59,670),(59,681),(59,697),(59,710),(59,711),(59,719),(59,838),(59,839),(59,896),(59,897),(59,983),(59,1045),(59,1098),(59,1227),(59,1347),(59,1388),(59,1433),(59,1488),(59,1553),(59,1555),(59,1650),(59,2052),(59,3619),(59,3716),(59,4296),(59,4301),(59,4463),(59,4465),(59,4709),(59,4970),(59,5004),(59,5365),(59,5462),(59,5525),(59,5570),(59,7176),(59,7916),(59,7917),(59,7925),(59,8072),(59,8101),(59,8118),(59,8266),(59,8385),(59,8980),(59,9216),(59,9218),(59,9220),(59,9223),(59,9224),(59,9228),(59,9232),(59,9233),(59,9234),(59,9235),(59,9236),(59,9237),(59,9241),(59,9242),(59,9244),(59,9245),(59,9246),(59,9250),(59,9251),(59,9252),(59,9255),(59,9258),(59,9259),(59,9261),(59,9264),(59,9275),(59,9278),(59,9287),(59,9291),(59,9292),(59,9294),(59,9298),(59,9299),(59,9302),(59,9303),(59,9304),(59,9305),(59,9306),(59,9308),(59,9311),(59,9315),(60,6),(60,8),(60,22),(60,35),(60,36),(60,41),(60,55),(60,65),(60,129),(60,135),(60,145),(60,178),(60,188),(60,191),(60,192),(60,196),(60,201),(60,207),(60,218),(60,263),(60,276),(60,297),(60,314),(60,330),(60,411),(60,412),(60,425),(60,426),(60,431),(60,496),(60,563),(60,565),(60,646),(60,670),(60,681),(60,775),(60,785),(60,811),(60,837),(60,838),(60,839),(60,886),(60,892),(60,893),(60,894),(60,896),(60,897),(60,900),(60,919),(60,950),(60,974),(60,983),(60,990),(60,1064),(60,1098),(60,1187),(60,1347),(60,1361),(60,1383),(60,1419),(60,1484),(60,1522),(60,1553),(60,1555),(60,1563),(60,1573),(60,1642),(60,1903),(60,2089),(60,3149),(60,4056),(60,4141),(60,4144),(60,4167),(60,4275),(60,4327),(60,4465),(60,4542),(60,4970),(60,5365),(60,5511),(60,5570),(60,5571),(60,5769),(60,7916),(60,7963),(60,8067),(60,8068),(60,8072),(60,8097),(60,8101),(60,8103),(60,8104),(60,8118),(60,8266),(60,8285),(60,8343),(60,8349),(60,8431),(60,8437),(60,8440),(60,8542),(60,8588),(60,8813),(60,8980),(60,9228),(60,9234),(60,9236),(60,9237),(60,9241),(60,9242),(60,9244),(60,9245),(60,9275),(60,9294),(60,9326),(60,9328),(60,9330),(60,9335),(60,9336),(60,9340),(60,9342),(60,9344),(60,9347),(60,9348),(60,9349),(60,9351),(60,9355),(60,9357),(60,9358),(60,9359),(60,9370),(60,9379),(60,9380),(60,9385),(60,9386),(60,9391),(60,9392),(60,9393),(60,9398),(60,9400),(60,9401),(60,9402),(60,9405),(60,9406),(60,9412),(60,9413),(60,9414),(60,9415),(60,9416),(60,9420),(60,9421),(60,9422),(60,9427),(60,9431),(60,9442),(60,9447),(60,9448),(60,9449),(60,9451),(60,9457),(60,9458),(60,9464),(60,9467),(60,9468),(60,9471),(60,9473),(60,9476),(60,9483),(60,9484),(60,9488),(61,6),(61,8),(61,22),(61,35),(61,36),(61,41),(61,75),(61,98),(61,104),(61,111),(61,129),(61,135),(61,159),(61,178),(61,188),(61,191),(61,196),(61,197),(61,198),(61,201),(61,204),(61,207),(61,218),(61,249),(61,266),(61,280),(61,297),(61,426),(61,565),(61,576),(61,599),(61,603),(61,653),(61,742),(61,775),(61,837),(61,886),(61,892),(61,893),(61,894),(61,896),(61,897),(61,900),(61,960),(61,983),(61,987),(61,988),(61,1028),(61,1039),(61,1046),(61,1088),(61,1105),(61,1142),(61,1488),(61,1489),(61,1490),(61,1522),(61,1550),(61,1573),(61,1582),(61,1642),(61,2007),(61,2086),(61,3263),(61,3327),(61,3399),(61,3780),(61,3888),(61,4002),(61,4125),(61,4335),(61,4687),(61,4818),(61,4933),(61,4992),(61,5057),(61,5290),(61,5321),(61,5499),(61,5525),(61,5527),(61,5570),(61,5571),(61,5587),(61,5734),(61,6085),(61,7170),(61,7172),(61,7916),(61,7948),(61,8001),(61,8055),(61,8067),(61,8068),(61,8072),(61,8083),(61,8092),(61,8093),(61,8094),(61,8095),(61,8101),(61,8103),(61,8104),(61,8191),(61,8266),(61,8279),(61,8296),(61,8300),(61,8380),(61,8385),(61,8431),(61,8437),(61,8723),(61,8742),(61,8744),(61,9034),(61,9081),(61,9133),(61,9351),(61,9370),(61,9379),(61,9380),(61,9405),(61,9412),(61,9413),(61,9499),(61,9501),(61,9519),(61,9523),(61,9524),(61,9525),(61,9527),(61,9528),(61,9529),(61,9530),(61,9531),(61,9532),(61,9534),(61,9554),(61,9566),(61,9567),(61,9572),(61,9574),(61,9575),(61,9579),(61,9580),(61,9581),(61,9582),(61,9586),(61,9590),(61,9591),(61,9592),(61,9593),(61,9597),(61,9600),(61,9601),(61,9602),(61,9603),(61,9604),(61,9605),(61,9607),(61,9608),(61,9610),(61,9613),(61,9615),(61,9616),(61,9618),(61,9619),(61,9620),(61,9625),(61,9626),(61,9627),(61,9628),(61,9629),(61,9633),(61,9634),(61,9635),(61,9636),(61,9639),(61,9642),(61,9644),(61,9646),(61,9647),(61,9649),(61,9650),(61,9651),(61,9652),(61,9653),(61,9663),(61,9664),(61,9665),(61,9668),(61,9670),(61,9675),(61,9676),(61,9678),(61,9683),(61,9684),(61,9685),(61,9687),(61,9688),(61,9689),(61,9691),(61,9692),(61,9696),(62,6),(62,22),(62,35),(62,36),(62,41),(62,55),(62,59),(62,66),(62,98),(62,104),(62,109),(62,111),(62,121),(62,122),(62,135),(62,145),(62,186),(62,188),(62,191),(62,192),(62,196),(62,207),(62,218),(62,251),(62,280),(62,282),(62,328),(62,336),(62,412),(62,425),(62,462),(62,485),(62,539),(62,555),(62,559),(62,627),(62,663),(62,714),(62,840),(62,881),(62,883),(62,888),(62,896),(62,897),(62,905),(62,983),(62,990),(62,1045),(62,1064),(62,1073),(62,1102),(62,1104),(62,1192),(62,1210),(62,1270),(62,1488),(62,1522),(62,1548),(62,1550),(62,1557),(62,1561),(62,1562),(62,1568),(62,1573),(62,1642),(62,1695),(62,2007),(62,2089),(62,2123),(62,2438),(62,3263),(62,3485),(62,3784),(62,3821),(62,3840),(62,3866),(62,4125),(62,4148),(62,4150),(62,4159),(62,4327),(62,4330),(62,4364),(62,4379),(62,4542),(62,4546),(62,4769),(62,4933),(62,4943),(62,4965),(62,5250),(62,5443),(62,5570),(62,5605),(62,5767),(62,5904),(62,7172),(62,7472),(62,7573),(62,7715),(62,7732),(62,7823),(62,7916),(62,8001),(62,8067),(62,8068),(62,8072),(62,8076),(62,8101),(62,8103),(62,8104),(62,8145),(62,8170),(62,8173),(62,8191),(62,8271),(62,8279),(62,8300),(62,8438),(62,8440),(62,8442),(62,8901),(62,8902),(62,8932),(62,9094),(62,9111),(62,9117),(62,9234),(62,9255),(62,9348),(62,9358),(62,9379),(62,9392),(62,9393),(62,9402),(62,9431),(62,9702),(62,9707),(62,9710),(62,9714),(62,9715),(62,9717),(62,9718),(62,9719),(62,9720),(62,9722),(62,9724),(62,9726),(62,9727),(62,9728),(62,9732),(62,9735),(62,9738),(62,9748),(62,9751),(62,9754),(62,9761),(62,9764),(62,9768),(62,9776),(62,9782),(62,9784),(62,9785),(62,9789),(62,9795),(62,9803),(62,9806),(62,9808),(62,9809),(62,9810),(62,9811),(62,9812),(62,9813),(62,9820),(62,9821),(62,9825),(62,9833),(62,9837),(62,9840),(62,9843),(62,9845),(62,9846),(62,9847),(62,9850),(62,9853),(62,9854),(62,9861),(62,9863),(62,9865),(62,9866),(62,9867),(62,9868),(62,9869),(62,9870),(62,9878),(62,9879),(62,9880),(62,9881),(62,9882),(62,9885),(62,9887),(62,9888),(62,9889),(62,9890),(62,9892),(62,9893),(62,9896),(62,9897),(62,9898),(62,9900),(62,9903),(62,9906),(62,9907),(62,9913);
/*!40000 ALTER TABLE `article_keyword` ENABLE KEYS */;
UNLOCK TABLES;

--
-- Table structure for table `keyword`
--

DROP TABLE IF EXISTS `keyword`;
/*!40101 SET @saved_cs_client     = @@character_set_client */;
/*!40101 SET character_set_client = utf8 */;
CREATE TABLE `keyword` (
  `id` int(11) NOT NULL AUTO_INCREMENT,
  `word` varchar(1024) NOT NULL,
  PRIMARY KEY (`id`),
  UNIQUE KEY `word` (`word`)
) ENGINE=InnoDB AUTO_INCREMENT=9917 DEFAULT CHARSET=utf8;
/*!40101 SET character_set_client = @saved_cs_client */;

--
-- Dumping data for table `keyword`
--

LOCK TABLES `keyword` WRITE;
/*!40000 ALTER TABLE `keyword` DISABLE KEYS */;
INSERT INTO `keyword` VALUES (109,''),(1727,'0100'),(326,'035075'),(688,'084'),(1717,'100'),(7196,'101002hipo22582'),(4578,'101002jbio201100133'),(4390,'101002mus24175'),(4222,'101007s0013401432249'),(550,'101007s0039401818031'),(7628,'101016jchembiol201503010'),(5204,'101016jexpneurol200802012'),(9501,'101016jhealthpol201701010'),(7892,'101016jjaph201809006'),(1767,'101016jjvsv201709010'),(1591,'101016jjvsv201711003'),(728,'101016jjvsv201711015'),(5688,'101016jneuron201803042'),(5794,'101016jnlm201803006'),(8706,'101016jsocscimed201803007'),(903,'101016jstem201712010'),(9330,'101016jypmed201702022'),(6022,'101021acsjnatprod6b01185'),(7468,'101038ismej2015128'),(7779,'101038nn3981'),(5002,'101038nprot201010'),(8400,'101038s413930180174z'),(1422,'101038s415360170026z'),(351,'101038s4159801832613w'),(2115,'101056nejmoa1612917'),(5539,'101073pnas1717088115'),(7119,'1010800167683020171383467'),(5924,'1010800167683020171423347'),(8869,'1010801079026820181432308'),(8038,'1010801079026820181523776'),(4888,'101101pdbprot065615'),(4797,'101101pdbtop065607'),(3419,'101111clr13015'),(7,'101111clr13386'),(4077,'101113jphysiol2014282459'),(9024,'101136bmjopen2017017999'),(1246,'101152ajpgi002312017'),(6150,'1011770956797617728592'),(8182,'1011771715163518778301'),(9707,'101186s1288901639544'),(3731,'101186s130540161576y'),(3212,'101186s1339501701359'),(3911,'101186s4063501600834'),(1939,'101194jlrm079459'),(4677,'101371journalpbio1001236'),(4497,'101371journalpone0051980'),(140,'101371journalpone0206403'),(1118,'101530eje170902'),(9218,'1017269cjph1085715'),(8605,'102147copds158614'),(8234,'102147ppas170417'),(5376,'103389fmicb201801730'),(3560,'103389fneur201700075'),(7307,'103390metabo6010002'),(5106,'103791705'),(9298,'109228'),(456,'10center'),(1514,'10department'),(7375,'10strathclyde'),(9629,'10toronto'),(20,'10year'),(9305,'110340'),(9308,'110358'),(9304,'113297'),(3160,'114'),(458,'11department'),(1520,'11faculties'),(8472,'11michael'),(7377,'11scottish'),(7800,'11]'),(8677,'12'),(3163,'122'),(901,'1222177190e7'),(9299,'123299'),(1528,'12bioethics'),(8476,'12schlegeluniversity'),(1244,'13145g566g582'),(1532,'13department'),(8479,'13waterloo'),(1714,'14'),(7449,'1492558'),(1533,'14school'),(8482,'14university'),(5974,'14yearold'),(626,'151'),(4075,'1559316347181'),(1537,'15johnson'),(8483,'15school'),(9597,'160500'),(8603,'161312071216'),(8487,'16department'),(5484,'16s'),(8492,'17school'),(8036,'18118'),(321,'18805724'),(8494,'18centre'),(8495,'19department'),(5946,'1a'),(9415,'1a8'),(4253,'1anesthesiology'),(969,'1biomedical'),(5119,'1brain'),(7489,'1center'),(9735,'1centre'),(1811,'1dante'),(37,'1department'),(1623,'1division'),(1408,'1endothelial'),(5221,'1graduate'),(767,'1instituto'),(8431,'1leslie'),(9580,'1m8'),(1462,'1national'),(7344,'1qa'),(8623,'1respiratory'),(8733,'1saint'),(177,'1school'),(7336,'1scottish'),(1152,'1section'),(9751,'1t8'),(5406,'1the'),(9056,'1toronto'),(3447,'1unit'),(6058,'1unité'),(9413,'1v7'),(9380,'1w8'),(8204,'1womens'),(7355,'1xq'),(3253,'1z3'),(9216,'201081e7e13'),(4495,'2012712e51980'),(8997,'214'),(3247,'2172176'),(6020,'22801128632873'),(7626,'23224460471'),(8984,'233'),(9022,'2479e017999'),(303,'25'),(138,'251310e0206403'),(556,'25ohd'),(672,'25ohd2'),(9013,'273'),(1713,'28'),(684,'283'),(2113,'283771312281239'),(5686,'2983645657e6'),(9566,'2a2'),(3456,'2ardec'),(2024,'2b'),(9627,'2b4'),(3775,'2berlin'),(3255,'2centre'),(1821,'2dante'),(411,'2department'),(1635,'2division'),(6078,'2institut'),(8438,'2institute'),(777,'2instituto'),(596,'2interdisciplinary'),(3959,'2klinik'),(8209,'2leslie'),(184,'2lung'),(8631,'2rehabilitation'),(1474,'2riken'),(9615,'2s8'),(1163,'2section'),(7503,'2skaggs'),(1989,'2st'),(7347,'2strathclyde'),(3599,'2the'),(8742,'2toronto'),(44,'2university'),(694,'30'),(8180,'301514228232'),(5537,'3111531e7418e7427'),(8679,'355'),(8342,'36'),(8982,'367'),(1698,'36item'),(301,'399'),(1009,'3biomedical'),(8081,'3c'),(422,'3center'),(8442,'3centre'),(4868,'3d'),(201,'3department'),(1636,'3division'),(5572,'3g3'),(9067,'3gerstein'),(6089,'3institut'),(8213,'3institute'),(1480,'3keio'),(8635,'3leslie'),(9370,'3m2'),(9386,'3m5'),(9634,'3m6'),(9406,'3m7'),(1915,'3month'),(5721,'3neuroscience'),(7357,'3scottish'),(5422,'3sediment'),(8746,'3toronto'),(1822,'3unilago'),(47,'3university'),(8341,'4'),(7430,'40'),(858,'41'),(7999,'4144'),(7812,'41]'),(7431,'42'),(8591,'441259'),(7996,'4482'),(859,'451'),(5280,'4aminopyridine'),(49,'4ardec'),(1018,'4biomedical'),(9400,'4centre'),(3316,'4cv'),(8087,'4d'),(9761,'4dalla'),(208,'4department'),(8218,'4faculty'),(1483,'4keio'),(7359,'4matis'),(3971,'4neurology'),(430,'4novystem'),(1996,'4providence'),(9591,'4r2'),(8449,'4rehabilitation'),(9582,'4school'),(7698,'4skaggs'),(5430,'4strathclyde'),(3466,'4university'),(8978,'50'),(7816,'51]'),(7994,'537'),(4477,'55'),(8555,'56'),(1019,'5biomedical'),(7700,'5center'),(431,'5centre'),(3468,'5department'),(608,'5division'),(8090,'5e'),(3974,'5experimental'),(7364,'5faculty'),(214,'5immunotransfusional'),(9764,'5institute'),(8452,'5leslie'),(8220,'5north'),(3785,'5research'),(9593,'5toronto'),(8755,'5university'),(3430,'5year'),(1716,'60'),(302,'601'),(3665,'60125'),(4988,'612'),(8232,'61216991715'),(1735,'618'),(8527,'66+'),(124,'67'),(1025,'6biomedical'),(9414,'6centre'),(3788,'6cro'),(219,'6department'),(438,'6division'),(8096,'6f'),(3984,'6heart'),(8453,'6institute'),(9768,'6leslie'),(7367,'6matis'),(3422,'6mmlong'),(1916,'6month'),(9601,'6morton'),(1492,'6national'),(3469,'6poi'),(9082,'6school'),(8757,'6university'),(848,'70'),(8678,'74'),(855,'745'),(8565,'75'),(680,'751880'),(3990,'7berlin'),(2007,'7department'),(227,'7dipartimento'),(3791,'7dzhk'),(8099,'7g'),(446,'7heidelberg'),(619,'7interdisciplinary'),(1494,'7john'),(7369,'7matis'),(1036,'7mrc'),(8454,'7rehabilitation'),(7436,'8'),(854,'82'),(1041,'8biomedical'),(1504,'8california'),(620,'8clinical'),(2008,'8department'),(237,'8dipartimento'),(8106,'8h'),(451,'8laboratory'),(9090,'8leslie'),(9776,'8public'),(9619,'8school'),(8455,'8st'),(7371,'8strathclyde'),(3531,'90'),(108,'917'),(1732,'92'),(7998,'932'),(317,'95'),(9464,'95ci'),(1733,'96'),(1507,'9alden'),(3801,'9berlin'),(454,'9center'),(249,'9department'),(8109,'9i'),(9094,'9institute'),(8462,'9neural'),(7373,'9scottish'),(322,'<'),(879,'<30'),(877,'<40'),(815,'<50'),(878,'<60'),(1682,'>3'),(3672,'>85'),(6161,'a1'),(8614,'a12'),(1459,'a15'),(751,'a2'),(1270,'a3'),(934,'a4'),(5792,'a4056'),(8420,'a6'),(1527,'ab'),(3020,'abbott'),(4038,'abductor'),(1874,'aberdeen'),(6159,'abilities'),(5283,'ability'),(1853,'ablation'),(4067,'abnormal'),(3295,'abnormalities'),(142,'abo'),(4766,'abolishes'),(1344,'abrogated'),(9176,'abstracted'),(5873,'abstraction'),(9166,'abstracts'),(491,'abundance'),(83,'abutments'),(5534,'acad'),(7934,'academic'),(50,'academy'),(8385,'access'),(1348,'accompanied'),(7524,'account'),(9684,'accountability'),(5765,'accumbens'),(3679,'accumulated'),(3621,'accumulating'),(1077,'accumulation'),(832,'accuracy'),(3061,'acheatel'),(1745,'achieved'),(355,'acid'),(487,'acidenriched'),(71,'acidetched'),(1406,'acidprotective'),(1319,'acids'),(4641,'acquired'),(7597,'acquisition'),(4117,'acting'),(7410,'actinobacteria'),(7387,'actinomyces'),(7551,'actinomycete'),(4546,'action'),(1561,'actionable'),(7823,'actions'),(1067,'activated'),(508,'activation'),(3821,'active'),(1913,'activities'),(4141,'activity'),(4175,'activitydependent'),(148,'acute'),(2470,'adamkova'),(6062,'adaptation'),(5781,'adaptive'),(5847,'adaptively'),(2588,'adawi'),(885,'added'),(3115,'adding'),(4463,'addition'),(8145,'additional'),(775,'address'),(1369,'adenine'),(7456,'adenocarcinoma'),(8933,'adequately'),(8230,'adherence'),(9467,'adjusting'),(540,'adjuvant'),(2868,'adler'),(3146,'administered'),(8493,'administration'),(8512,'administrative'),(9647,'administrators'),(285,'admitted'),(8282,'adopt'),(1202,'adrenal'),(291,'adult'),(713,'adults'),(793,'advanced'),(5139,'advantage'),(5355,'advantages'),(3192,'adverse'),(9664,'advocacy'),(2152,'af'),(1149,'af2'),(1004,'affairs'),(5248,'affect'),(3358,'affected'),(2075,'affecting'),(1616,'ag2'),(670,'age'),(9810,'agencies'),(9141,'agency'),(3633,'agents'),(1194,'agerelated'),(564,'agespecific'),(998,'aging'),(2247,'aguliera'),(2514,'ah'),(552,'ahead'),(273,'ahrf'),(267,'aim'),(9261,'aimed'),(2320,'aizenberg'),(8428,'ak61819'),(8058,'ak67'),(2262,'akerblom'),(3086,'akinboboye'),(3012,'akpunonu'),(1024,'al'),(1510,'albany'),(1525,'alberta'),(4829,'albino'),(2645,'alcocer'),(1295,'alcohol'),(1314,'alcoholconsuming'),(1254,'alcoholic'),(2263,'alexander'),(2803,'alfonso'),(4617,'algorithm'),(663,'aligned'),(9888,'aligning'),(9880,'alignment'),(2264,'alkhatib'),(9040,'allin'),(4772,'allowing'),(743,'almeida'),(3678,'als'),(4874,'altered'),(1006,'alto'),(2806,'alvarez'),(2316,'alvarisqueta'),(572,'am12'),(753,'am2'),(2455,'amador'),(2258,'ambrish'),(2595,'ambrosio'),(2016,'ambulation'),(1948,'ambulatory'),(3656,'amd3100'),(478,'ameliorate'),(357,'ameliorates'),(494,'amelioration'),(2341,'amerena'),(2102,'american'),(354,'amino'),(690,'amounts'),(3996,'amplitudes'),(3200,'amylin'),(3573,'amyotrophic'),(202,'anaesthesia'),(3240,'anaesthesiology'),(1677,'analog'),(328,'analyses'),(104,'analysis'),(8533,'analytical'),(3051,'anastasi'),(5993,'anatomical'),(801,'anatomy'),(2171,'anderson'),(2607,'andersone'),(3694,'andor'),(758,'andrade'),(5428,'andrews'),(2947,'anekwe'),(238,'anestesia'),(220,'anesthesia'),(1976,'anesthesiology'),(1128,'aneuploidies'),(1169,'aneuploidy'),(2694,'ang'),(2751,'angelescu'),(2808,'angustias'),(2027,'animal'),(3111,'ann'),(2257,'anoop'),(6028,'antagonism'),(7397,'antarctic'),(6130,'antibiosis'),(7575,'antibiotic'),(7828,'anticipation'),(5320,'antiepileptic'),(1402,'antireactive'),(1145,'anzuini'),(2817,'aomar'),(3335,'aortic'),(2521,'aoy'),(2142,'ap'),(2060,'apoe'),(3360,'apoenull'),(3319,'apolipoprotein'),(4166,'apoptosis'),(4186,'apoptotic'),(6180,'apparent'),(3719,'appears'),(2515,'appel'),(3895,'applicability'),(3867,'application'),(4859,'applications'),(5290,'applied'),(4618,'apply'),(8685,'applying'),(5057,'approach'),(7764,'approaches'),(5072,'approximately'),(5004,'apr'),(9499,'apr1214389396'),(1116,'apr1784343352'),(4220,'apr40452838'),(4430,'apr5146245'),(4431,'apr5146256'),(2206,'aps'),(2750,'ar'),(3087,'arauzpacheco'),(470,'architecture'),(258,'ards'),(3485,'area'),(1565,'areas'),(1558,'arena'),(7569,'arenicola'),(1351,'arginine'),(2958,'argoud'),(5868,'argue'),(2796,'arguelles'),(9392,'ariel'),(3458,'ariminum'),(7818,'arise'),(7841,'arises'),(8002,'arising'),(784,'ariz'),(780,'arizona'),(9129,'arksey'),(2265,'armaganijan'),(2743,'aron'),(2921,'aronoff'),(5305,'arrest'),(2453,'arroyo'),(8819,'arthritis'),(5176,'article'),(8139,'articles'),(133,'as'),(2885,'asamoahowusu'),(7324,'ásgeirsdóttir'),(1321,'asked'),(604,'asklepios'),(711,'aspect'),(1205,'aspects'),(5058,'assay'),(5467,'assemblages'),(3337,'assess'),(641,'assessed'),(6217,'assessing'),(4306,'assessment'),(1686,'assigned'),(9185,'assist'),(4480,'assistance'),(1731,'assisted'),(7888,'assoc'),(5744,'associate'),(276,'association'),(5768,'associations'),(6203,'associative'),(222,'asst'),(8773,'assumption'),(5971,'atelectasis'),(3338,'atherosclerosis'),(3385,'atherosclerotic'),(2183,'athwal'),(4154,'atp'),(4361,'atrogin1'),(2013,'atrophy'),(4202,'attempt'),(3649,'attempted'),(7970,'attempts'),(8852,'attending'),(9101,'attention'),(1542,'attracted'),(3398,'attributable'),(625,'auenbruggerplatz'),(548,'aug'),(7194,'aug2689951007'),(8853,'augmenting'),(3772,'augustenburger'),(2621,'augusteniene'),(1035,'australia'),(616,'austria'),(35,'author'),(342,'authors'),(9011,'autonomic'),(2234,'av'),(5525,'availability'),(6085,'avenue'),(676,'average'),(4688,'awake'),(8584,'award'),(3230,'ay12'),(3059,'azad'),(2945,'azizad'),(744,'b1'),(1457,'b14'),(1138,'b2'),(9590,'b3h'),(584,'b5'),(6033,'bacillus'),(627,'background'),(5491,'bacteria'),(5381,'bacterial'),(6122,'bacterium'),(5493,'bacteroidetes'),(2822,'badat'),(2941,'bain'),(3052,'bajaj'),(1413,'balance'),(3101,'baldauf'),(31,'baldi'),(2819,'balsells'),(2376,'bandeira'),(362,'banfi'),(2762,'barbarash'),(2865,'barber'),(568,'barbieri'),(2572,'barkai'),(2974,'baron'),(2642,'barrientos'),(3619,'barrier'),(9820,'barriers'),(2266,'barros'),(2611,'barsiene'),(955,'barta'),(2922,'bartkowiak'),(2330,'bartolacci'),(555,'based'),(1696,'baseline'),(2582,'bashkin'),(6234,'basic'),(5289,'bath'),(9613,'bathurst'),(2267,'batit'),(2185,'batra'),(7789,'bb1'),(5701,'bb2'),(3620,'bbb'),(982,'bc'),(489,'bcaaem'),(497,'bcaaemtreated'),(1320,'bcaas'),(2484,'becker'),(9665,'behalf'),(4034,'behavior'),(5285,'behavioral'),(8285,'behaviors'),(8780,'behaviours'),(370,'belicchi'),(2407,'bell'),(371,'bella'),(174,'bellani'),(2870,'bellary'),(2801,'bellido'),(7407,'belonged'),(7412,'belonging'),(2671,'bemmel'),(3404,'benefit'),(8006,'benefits'),(6224,'benefitted'),(1438,'benjaminy'),(2860,'benjasuratwong'),(3090,'benson'),(2585,'bental'),(5380,'benthic'),(9527,'bereket'),(2913,'berenfus'),(2248,'bergenstal'),(3093,'berk'),(3771,'berlin'),(3467,'bern'),(2268,'bernacki'),(2269,'bernandez'),(1971,'bernatchez'),(3989,'bernau'),(45,'berne'),(2942,'bestermann'),(756,'beteli'),(2126,'bethel'),(2550,'bezzegh'),(2738,'bh'),(3005,'bhargava'),(3108,'bhatt'),(5611,'bias'),(5490,'biased'),(2959,'bickel'),(5278,'bicuculline'),(2518,'bieler'),(3928,'bierbrauer'),(379,'bifari'),(3778,'bih'),(5989,'bilateral'),(7460,'bioactive'),(7453,'bioactivity'),(1032,'biochemistry'),(4552,'biocompatibility'),(4536,'biocompatible'),(5460,'biodiversity'),(1509,'bioethics'),(1395,'biogenesis'),(5384,'biogeochemical'),(7443,'biogeographic'),(7763,'bioinformatic'),(4674,'biol'),(7392,'biological'),(6238,'biologically'),(185,'biology'),(38,'biomedical'),(1030,'biomedicine'),(4575,'biophotonics'),(7313,'bioprospecting'),(4315,'biopsies'),(4320,'biopsy'),(7590,'biosynthetic'),(428,'biotechnology'),(3029,'biscoveanu'),(1794,'bl2'),(3047,'bland'),(4658,'bleedthrough'),(2840,'blignaut'),(1692,'blinded'),(4763,'blockade'),(936,'blonigan'),(143,'blood'),(3618,'bloodbrain'),(2270,'bloomfield'),(1424,'blueprint'),(3078,'blumberg'),(9575,'blvd'),(2536,'bm'),(9702,'bmc'),(3660,'bmdc'),(3615,'bmdcs'),(519,'bmderived'),(9340,'bmi'),(9019,'bmj'),(2393,'bobeva'),(7134,'bodily'),(4970,'body'),(2513,'boenninghoff'),(3019,'boggs'),(5760,'bold'),(42,'bologna'),(594,'bolzano'),(9554,'bond'),(2771,'bondar'),(90,'bone'),(9358,'booth'),(2364,'borges'),(2793,'botella'),(2456,'botero'),(2903,'botsyurko'),(33,'botticelli'),(2422,'bourgeois'),(9586,'box'),(5975,'boy'),(2529,'bpy'),(3378,'brachii'),(4103,'brain'),(486,'branchedchain'),(3985,'brandenburg'),(2505,'braun'),(773,'brazil'),(7318,'brennan'),(1291,'brescia'),(3062,'bressler'),(4040,'brevis'),(213,'brianza'),(8014,'bridge'),(9087,'bridgepoint'),(3544,'bridges'),(4533,'bright'),(979,'british'),(2274,'brito'),(5904,'broad'),(4622,'broadening'),(1549,'broader'),(8619,'brooks'),(6052,'brunelle'),(776,'brunolorencao@gmailcom'),(4093,'brusco'),(2472,'brychta'),(7659,'bs3'),(7697,'bsmoore@ucsdedu'),(2780,'buganova'),(6186,'build'),(197,'building'),(9715,'built'),(2882,'bundy'),(8279,'burden'),(8384,'burdenfree'),(9252,'burgeoning'),(3596,'burnaby'),(3262,'burrard'),(2500,'busch'),(2133,'buse'),(3634,'busulfan'),(3723,'busulfanconditioned'),(2586,'butnaru'),(9696,'bv'),(2966,'bybee'),(1101,'bypass'),(1262,'c1'),(1966,'c12'),(8194,'c12345'),(1960,'c23'),(367,'c3'),(952,'c4'),(3442,'c5'),(960,'c6'),(382,'c9'),(245,'ca'),(7267,'ca1'),(3581,'ca2'),(4155,'ca2+'),(2640,'cabrera'),(8049,'cadel'),(6042,'caer'),(933,'cait'),(4726,'calcium'),(5062,'calciumsensitive'),(8542,'calculated'),(2315,'calella'),(2157,'califf'),(7496,'california'),(7953,'call'),(8009,'calls'),(2888,'calvert'),(8419,'calzavara'),(7909,'cameron'),(1820,'camilabaumann@yahoocombr'),(383,'campaner'),(2177,'campbell'),(3766,'campus'),(983,'canada'),(3018,'canadas'),(8314,'canadian'),(8343,'canadians'),(441,'cancer'),(3616,'capable'),(840,'capacity'),(522,'capillary'),(2625,'caponis'),(3191,'carcinoma'),(3283,'cardiac'),(770,'cardiologia'),(1814,'cardiology'),(2120,'cardiovascular'),(8574,'cardiovascularrelated'),(204,'care'),(2830,'carimganey'),(3057,'carr'),(1267,'carruba'),(3473,'cartagena'),(499,'cascade'),(4164,'cascades'),(5973,'case'),(1188,'casecontrol'),(1343,'casein'),(1365,'caseinderived'),(656,'cases'),(4187,'caspases'),(834,'categories'),(4027,'categorized'),(2252,'caterson'),(6103,'cathedral'),(2703,'catindig'),(498,'caused'),(759,'cavalcante'),(3036,'cavale'),(790,'cavaliliac'),(2598,'cavarape'),(1789,'cb1'),(757,'cb2'),(958,'cb4'),(2533,'cc'),(4409,'cd'),(3939,'cd3'),(448,'cell'),(4872,'cellautonomous'),(440,'cells'),(1411,'cellular'),(86,'cemented'),(599,'center'),(3622,'central'),(2077,'centrally'),(191,'centre'),(4179,'centres'),(406,'centro'),(6125,'cephalotaxus'),(2799,'cerezo'),(8977,'cervical'),(2368,'chacra'),(2981,'chadha'),(1363,'chain'),(7555,'challenge'),(4123,'challenged'),(4965,'challenges'),(7534,'challenging'),(5094,'chamber'),(1961,'chan'),(3887,'chance'),(3046,'chane'),(926,'chang'),(1695,'change'),(5450,'changing'),(4019,'channel'),(4005,'channels'),(7395,'characterised'),(822,'characteristic'),(7963,'characteristics'),(5259,'characterize'),(4340,'characterized'),(4809,'charged'),(3798,'charité'),(3770,'charitéuniversitätsmedizin'),(7961,'chart'),(8319,'charting'),(2887,'chatterjee'),(2681,'chaudhri'),(8881,'chaudhry'),(2635,'cheah'),(7623,'chem'),(622,'chemical'),(7388,'chemically'),(6113,'chemistry'),(5291,'chemoconvulsants'),(3632,'chemotherapeutic'),(3631,'chemotherapy'),(2847,'chen'),(2400,'cheung'),(2524,'cheungwong'),(3671,'chimerism'),(6079,'chimie'),(2137,'choi'),(1650,'choice'),(7783,'choices'),(1229,'cholesterol'),(5898,'cholinergicallymediated'),(7419,'chosen'),(3325,'chow'),(644,'chromatography'),(1168,'chromosome'),(1130,'chromosomes'),(8598,'chron'),(794,'chronic'),(2522,'chu'),(325,'ci'),(2592,'cignarelli'),(4441,'cim'),(4470,'cimcip'),(8649,'cinahl'),(3997,'cip'),(5040,'circuit'),(5368,'circuits'),(1317,'circulating'),(3693,'circulation'),(9224,'city'),(211,'civile'),(2468,'cj'),(3348,'ck'),(927,'ck4'),(8405,'claims'),(8008,'clarification'),(2875,'clark'),(803,'class'),(8531,'classes'),(1124,'classic'),(4113,'classical'),(4165,'classically'),(9850,'classified'),(2271,'clausen'),(2957,'claxton'),(1033,'clayton'),(5501,'clear'),(1,'clin'),(605,'clinic'),(55,'clinical'),(3874,'clinically'),(3202,'clinicaltrialsgov'),(5302,'clonuslike'),(4364,'closely'),(7720,'cluster'),(4681,'clustering'),(4756,'clusters'),(2594,'cm'),(6072,'cnrs'),(3625,'cns'),(5455,'co2'),(5386,'coastal'),(5846,'codes'),(4774,'coding'),(324,'coefficient'),(2831,'coetzee'),(2845,'coetzer'),(5776,'cognitive'),(3030,'cohen'),(9335,'cohesion'),(21,'cohort'),(4789,'cold'),(2194,'coleman'),(9806,'collaboration'),(2156,'collaborators'),(9088,'collaboratory'),(857,'collaterals'),(9132,'colleagues'),(282,'collected'),(9882,'collective'),(1039,'college'),(2203,'collier'),(2335,'colman'),(3476,'colombia'),(7455,'colon'),(3652,'colonystimulating'),(8983,'colorectal'),(2344,'colquhoun'),(980,'columbia'),(4539,'combination'),(3323,'combined'),(4863,'combining'),(8951,'comfort'),(4178,'command'),(1645,'comment'),(8003,'comments'),(664,'commercial'),(462,'common'),(7579,'commonly'),(1572,'communication'),(1547,'communities'),(1573,'community'),(9315,'communitybased'),(3856,'comparative'),(1658,'compare'),(263,'compared'),(1597,'comparing'),(7616,'compete'),(344,'competing'),(6139,'competition'),(7471,'competitive'),(4398,'complete'),(5633,'completion'),(535,'complex'),(8480,'complexity'),(1905,'complication'),(115,'complications'),(7744,'components'),(3136,'composite'),(5505,'composition'),(7722,'compound'),(7461,'compounds'),(1902,'compressibility'),(739,'compression'),(5738,'comprise'),(5775,'computational'),(6235,'computations'),(5982,'computed'),(7682,'computer'),(8646,'computerbased'),(677,'concentration'),(667,'concentrations'),(7724,'concept'),(9420,'concerns'),(4767,'conclude'),(122,'conclusion'),(882,'conclusions'),(9572,'concordia'),(3636,'condition'),(3628,'conditioned'),(3684,'conditioning'),(653,'conditions'),(9813,'conducive'),(8300,'conducted'),(4026,'conduction'),(318,'confidence'),(5695,'configural'),(5736,'configurations'),(1215,'confirmed'),(339,'conflict'),(5861,'conflicting'),(8394,'conflicts'),(6124,'conifer'),(5844,'conjunctive'),(9519,'conklin'),(8582,'connaught'),(5763,'connectivity'),(9616,'conniemarras@utorontoca'),(79,'consecutive'),(3299,'consequence'),(5258,'consequences'),(7751,'considerable'),(105,'considered'),(6229,'consistent'),(5292,'consistently'),(699,'constant'),(2760,'constantinescu'),(9837,'consultations'),(1296,'consumption'),(4854,'contact'),(7446,'contained'),(467,'content'),(7292,'context'),(8929,'contextobjective'),(7976,'continuity'),(707,'continuous'),(5830,'contradictory'),(4399,'contrary'),(4061,'contrast'),(2810,'contreras'),(4371,'contribute'),(3314,'contribution'),(3395,'contributors'),(4151,'control'),(1773,'controlled'),(4199,'controlling'),(1193,'controls'),(7980,'convenience'),(1836,'conventional'),(7288,'conversely'),(5315,'convulsants'),(5301,'convulsive'),(2423,'conway'),(7611,'cooccurring'),(4718,'coordinated'),(8610,'copd'),(8124,'cope'),(3144,'coprimary'),(886,'copyright'),(1500,'coral'),(3567,'cord'),(2992,'corder'),(1463,'core'),(3183,'coronary'),(2452,'coronel'),(253,'correlate'),(4336,'correlated'),(7834,'correlates'),(731,'correlation'),(4650,'correlationtosample'),(5517,'corresponded'),(1259,'corsetti'),(5641,'cortex'),(5875,'cortical'),(8373,'cost'),(2379,'costa'),(9103,'costeffective'),(8236,'costrelated'),(8277,'costs'),(629,'countries'),(7601,'coupled'),(7864,'covaried'),(5499,'coverage'),(2662,'cox'),(6073,'cp'),(2466,'cr'),(8585,'craig'),(2682,'crawford'),(9869,'create'),(3346,'creatine'),(9719,'creatore'),(5894,'creb'),(2333,'crimmins'),(3727,'crit'),(8156,'criteria'),(221,'critical'),(3805,'critically'),(8286,'crna'),(3688,'cross'),(2059,'crossing'),(1187,'crosssectional'),(4547,'crosssections'),(92,'crownimplant'),(13,'crowns'),(3716,'crucial'),(2322,'cruciani'),(7645,'crüsemann'),(5984,'ct'),(2997,'cuddihy'),(6193,'cue'),(5752,'cues'),(2757,'culman'),(1059,'culture'),(1085,'cultures'),(3529,'cumulative'),(190,'cúram'),(2460,'cure'),(9133,'current'),(4031,'currentthreshold'),(871,'curve'),(823,'curves'),(2700,'custodio'),(4634,'custombuilt'),(2687,'cutfield'),(6075,'cuvier'),(1662,'cvd'),(2728,'cw'),(2848,'cy'),(7573,'cycle'),(5385,'cycling'),(2707,'cylkowska'),(2559,'czegany'),(5017,'d1'),(8620,'d125'),(6047,'d2'),(1435,'d234'),(3444,'d26'),(7319,'d3'),(34,'d4'),(7793,'da3'),(9242,'daegu'),(534,'dag'),(3074,'dagostino'),(4481,'daily'),(8197,'dainty'),(8092,'dalhousie'),(9401,'dalla'),(1415,'damage'),(1048,'damaged'),(2388,'damyanova'),(8067,'dan'),(2867,'dang'),(768,'dante'),(364,'dantona'),(2614,'danyte'),(2181,'darbyshire'),(2089,'data'),(8137,'databases'),(7711,'date'),(3041,'dauber'),(2624,'dauksiene'),(5560,'davachi'),(7374,'davidgreen@samsacuk'),(3008,'davies'),(3104,'davis'),(5702,'daw'),(2879,'dawson'),(4356,'day'),(2999,'dayamani'),(308,'days'),(2527,'dc'),(742,'de'),(3063,'dean'),(8369,'dearth'),(3139,'death'),(7358,'debrabrennan@samsacuk'),(9,'dec'),(3417,'dec281214781483'),(5,'dec291212121219'),(3909,'dec4110'),(6227,'decayed'),(287,'december'),(6026,'decipher'),(7835,'decision'),(5605,'decisionmaking'),(5547,'decisions'),(1580,'declare'),(343,'declared'),(3285,'decline'),(1721,'declined'),(7851,'decodable'),(4584,'deconvolution'),(4625,'deconvolving'),(1221,'decrease'),(4369,'decreased'),(4753,'decreasing'),(1062,'deeper'),(1302,'defective'),(1387,'defects'),(6178,'deficiencies'),(633,'deficiency'),(685,'deficient'),(8530,'defined'),(234,'degli'),(4227,'degradation'),(3690,'degree'),(8473,'degroote'),(231,'dei'),(4407,'deja'),(2225,'del'),(3980,'delbrück'),(2332,'delcourt'),(2091,'deleterious'),(8803,'delivered'),(4807,'delivering'),(119,'delivery'),(6044,'dellanegra'),(8051,'deluca'),(9893,'demand'),(4122,'demands'),(4551,'demonstrate'),(475,'demonstrated'),(7458,'demonstrating'),(4135,'dendrites'),(2441,'deng'),(2968,'denham'),(2693,'denopol'),(523,'density'),(3462,'dental'),(426,'department'),(7508,'departments'),(5754,'depended'),(8337,'depending'),(6191,'depends'),(7581,'depletion'),(4008,'depolarization'),(4054,'depolarized'),(3387,'deposition'),(8186,'deprescribing'),(5082,'depression'),(9476,'deprivation'),(7758,'depsipeptide'),(1891,'depth'),(4544,'derivatives'),(6063,'des'),(275,'describe'),(7170,'describes'),(8532,'descriptive'),(1186,'design'),(7938,'designed'),(9811,'designing'),(9147,'designs'),(5177,'detail'),(7226,'details'),(4983,'detectable'),(5349,'detected'),(7721,'detection'),(4620,'detector'),(8311,'determinants'),(268,'determine'),(4335,'determined'),(8019,'determining'),(3034,'detweiler'),(442,'deutsches'),(4267,'devastating'),(8173,'develop'),(628,'developed'),(4021,'developing'),(1045,'development'),(1476,'developmental'),(3288,'develops'),(194,'devices'),(5558,'devinsky'),(2275,'devore'),(2563,'dezso'),(2756,'dg'),(3307,'dgc'),(7329,'dh9'),(1223,'dheas'),(6070,'dhistoire'),(228,'di'),(2123,'diabetes'),(610,'diabetology'),(292,'diagnosed'),(736,'diagnosis'),(825,'diagnostic'),(624,'diagnostics'),(3961,'diagnostische'),(6120,'dialogue'),(2674,'diamant'),(1890,'diameter'),(2082,'diaphragm'),(2241,'diaz'),(102,'died'),(7498,'diego'),(1339,'diet'),(484,'dietary'),(3371,'dietfed'),(3328,'diets'),(1179,'differ'),(1886,'difference'),(565,'differences'),(5769,'differential'),(7473,'differentiate'),(5848,'differentiated'),(1069,'differentiationprimed'),(6006,'differs'),(3083,'digiovanna'),(4931,'dimensions'),(3818,'diminishing'),(2863,'dimitropoulos'),(407,'dino'),(1370,'dinucleotide'),(5981,'diplopia'),(4126,'direct'),(4862,'directed'),(4143,'directly'),(8601,'dis'),(4272,'disability'),(4437,'discharge'),(8392,'disclosure'),(9689,'discourse'),(7710,'discovered'),(1031,'discovery'),(5666,'discrimination'),(5184,'discuss'),(4860,'discussed'),(8007,'discussion'),(1105,'disease'),(1049,'diseased'),(3682,'diseasedependent'),(9117,'diseases'),(4203,'disentangle'),(725,'disord'),(9605,'disorders'),(8522,'dispensed'),(3383,'displayed'),(4342,'disrupted'),(9182,'dissemination'),(7875,'dissociate'),(7290,'dissociation'),(77,'distal'),(4754,'distant'),(2820,'distiller'),(1233,'distinct'),(4440,'distinction'),(5837,'distinctiveness'),(5146,'distinguishing'),(5834,'distorts'),(256,'distress'),(666,'distribution'),(592,'district'),(4276,'disturbed'),(5515,'diurnal'),(7549,'divergence'),(4775,'diverse'),(5382,'diversity'),(813,'divided'),(1465,'division'),(2680,'dixon'),(5401,'dm3'),(461,'dmd'),(1359,'dna'),(4924,'dnaexpressing'),(940,'doan'),(8567,'doctor'),(1665,'documented'),(2764,'dogadin'),(6,'doi'),(5700,'doll'),(2276,'dombrowski'),(5495,'dominated'),(375,'donato'),(2451,'dong'),(3643,'donor'),(3031,'donovan'),(5902,'dopaminergicallymediated'),(7483,'dorrestein'),(2374,'dos'),(3130,'dose'),(5298,'dosedependent'),(3663,'doses'),(1771,'doubleblind'),(1595,'doubleblinded'),(2063,'doubleknockout'),(1384,'downregulated'),(5554,'doyle'),(7727,'draft'),(2043,'dramatic'),(2233,'dreval'),(2346,'drexel'),(5443,'drive'),(5379,'driven'),(8273,'drivers'),(4682,'drives'),(106,'drop'),(1726,'dropped'),(5321,'drug'),(4818,'drugs'),(5115,'ds1'),(2439,'du'),(2417,'dube'),(460,'duchenne'),(4002,'due'),(2509,'duengen'),(2933,'duganodaphnis'),(3075,'dulin'),(2408,'dumas'),(5402,'duncan'),(5715,'duncan@psychutorontoca'),(4693,'dunfield'),(3089,'dungan'),(2685,'dunn'),(1862,'duplex'),(2186,'durborow'),(2976,'dushkin'),(2523,'dw'),(4643,'dwell'),(9278,'dwelling'),(4928,'dye'),(4557,'dyefilled'),(4532,'dyes'),(4225,'dynamics'),(2037,'dysf'),(2064,'dysfapoe'),(2057,'dysfdeficient'),(2036,'dysferlinnull'),(2092,'dysferlinopathic'),(2018,'dysferlinopathies'),(2099,'dysferlinopathy'),(1299,'dysfunction'),(1176,'dysgenesis'),(9012,'dysreflexia'),(479,'dystrophic'),(529,'dystrophin'),(532,'dystrophinassociated'),(3286,'dystrophindeficient'),(359,'dystrophy'),(2230,'dziemidok'),(2778,'dzupina'),(28,'e1'),(386,'e10'),(157,'e123'),(7305,'e2'),(943,'e4'),(1437,'e5'),(376,'e567'),(7323,'e6'),(2704,'ea'),(2277,'eapen'),(7148,'ear'),(2995,'earl'),(1218,'earlier'),(4341,'early'),(9427,'eating'),(2951,'eaton'),(2355,'ebenbichler'),(2692,'ebo'),(2823,'ebrahim'),(1843,'ec'),(1744,'echo'),(3329,'echocardiogram'),(2988,'eckel'),(141,'ecollection'),(7531,'ecological'),(5423,'ecology'),(9863,'economic'),(5461,'ecosystem'),(240,'ed'),(9607,'edmond'),(1526,'edmonton'),(7330,'edradaebel'),(9471,'education'),(9075,'educationcenter'),(1857,'effect'),(539,'effective'),(8769,'effectiveness'),(1347,'effects'),(1855,'efficacy'),(4630,'efficiency'),(4773,'efficient'),(3689,'efficiently'),(7750,'efforts'),(2608,'eglite'),(2676,'eh'),(4472,'eightyeight'),(3053,'eisen'),(951,'eisner'),(3064,'el'),(715,'elderly'),(4848,'electric'),(4951,'electrical'),(4808,'electrically'),(1776,'electrocoagulation'),(5637,'electrocorticography'),(4835,'electrode'),(5313,'electrographic'),(297,'electronic'),(4000,'electrophysiological'),(4799,'electroporation'),(4036,'electrotonus'),(5737,'elements'),(3318,'elevated'),(2584,'elias'),(2369,'eliaschewitz'),(5033,'elicit'),(6210,'elicited'),(1684,'eligible'),(2172,'elkins'),(2401,'elliott'),(2837,'ellis'),(892,'elsevier'),(1426,'elsi'),(7749,'elucidation'),(4541,'elusive'),(2487,'em'),(8652,'embase'),(5043,'embryonic'),(5634,'emerge'),(1648,'emerged'),(209,'emergency'),(241,'emergenza'),(8271,'emerging'),(5836,'emphasize'),(5853,'empirical'),(3664,'employed'),(9194,'employers'),(8352,'employment'),(7608,'employs'),(9881,'enable'),(4683,'encoding'),(7260,'encodingretrieval'),(6194,'encountered'),(8518,'encounters'),(8781,'encourages'),(1184,'endocrinal'),(1121,'endocrine'),(1115,'endocrinol'),(609,'endocrinology'),(1155,'endocrinologydepartment'),(3400,'endogenously'),(6030,'endophytes'),(503,'endothelial'),(1659,'endovascular'),(493,'endurance'),(1412,'energy'),(1568,'engagement'),(7684,'engineering'),(2110,'engl'),(9156,'english'),(1071,'engrafting'),(8024,'enhance'),(1096,'enhanced'),(7978,'enhancements'),(4085,'enhancer'),(481,'enhancing'),(5986,'enlargement'),(5957,'enophthalmos'),(507,'enos'),(1325,'enriched'),(4045,'enrolled'),(5038,'ensemble'),(5010,'ensembles'),(4719,'ensure'),(678,'entire'),(5966,'entity'),(9431,'environment'),(5451,'environmental'),(9259,'environments'),(457,'enzonisoli@unimiit'),(1534,'epidemiology'),(5591,'epilepsy'),(5312,'epileptiform'),(7222,'episodic'),(7454,'epithelial'),(521,'eps'),(8,'epub'),(3388,'equal'),(8837,'equation'),(4947,'equipment'),(4651,'equivalent'),(3096,'erickson'),(373,'erratico'),(7870,'error'),(2740,'es'),(2648,'espinosa'),(4191,'essential'),(3967,'esslingen'),(8760,'established'),(3713,'establishment'),(2983,'estevez'),(1336,'ethanol'),(1551,'ethical'),(1571,'ethics'),(800,'etiology'),(1355,'etoh'),(1354,'etohconsuming'),(1337,'etohcontaining'),(1385,'etohexposed'),(1345,'etohinduced'),(546,'eur'),(705,'europe'),(560,'european'),(7368,'evakuttner@matisis'),(53,'evaluate'),(94,'evaluated'),(8025,'evaluating'),(111,'evaluation'),(9865,'evaluations'),(8440,'evaluative'),(3158,'event'),(500,'events'),(4125,'evidence'),(9821,'evidencebased'),(7942,'evidenceinformed'),(7273,'evident'),(4729,'evoked'),(7519,'evolution'),(7546,'evolutionary'),(7614,'evolved'),(3217,'exacerbate'),(3372,'exacerbation'),(9484,'exact'),(8987,'exam'),(4465,'examination'),(1555,'examine'),(5632,'examined'),(5189,'examples'),(5241,'exceptionally'),(3922,'excitability'),(5889,'excitabilitymediated'),(103,'excluded'),(2119,'exenatide'),(471,'exercise'),(2065,'exhibited'),(2039,'exhibiting'),(346,'exist'),(8296,'existing'),(3908,'exp'),(1055,'expand'),(1089,'expanded'),(910,'expansion'),(3877,'expenditure'),(7606,'expense'),(1841,'expensive'),(4709,'experience'),(4770,'experiencedependent'),(5621,'experiences'),(9292,'experiencing'),(5835,'experiential'),(5472,'experiment'),(450,'experimental'),(5096,'experiments'),(9887,'expertise'),(5860,'explain'),(7610,'exploitation'),(8370,'explores'),(8185,'exploring'),(1414,'exposed'),(1356,'exposure'),(3303,'express'),(3645,'expressing'),(513,'expression'),(9200,'expressly'),(6173,'exquisite'),(2153,'exscel'),(3129,'extendedrelease'),(4979,'extending'),(8578,'extensive'),(6182,'extensively'),(3702,'extent'),(5306,'extracellular'),(654,'extracted'),(7425,'extracts'),(7525,'extraordinary'),(5770,'eye'),(24,'f1'),(3434,'f12'),(1455,'f13'),(1140,'f2'),(378,'f3'),(1968,'f356'),(165,'f5'),(380,'f8'),(1044,'fabio@brcubcca'),(3515,'fabricated'),(8356,'face'),(7175,'facilitate'),(7741,'facilitated'),(1075,'facilitates'),(9710,'facilitating'),(3300,'fact'),(511,'factor'),(1361,'factors'),(8068,'faculty'),(2029,'fail'),(5346,'failed'),(151,'failure'),(6212,'familiarity'),(8097,'family'),(7755,'familygene'),(2568,'farago'),(166,'faraldi'),(2377,'farias'),(3002,'farnsworth'),(7913,'farrell'),(2350,'fasching'),(4581,'fast'),(4346,'fasttwitch'),(1305,'fat'),(3178,'fatal'),(495,'fatigue'),(4006,'faulty'),(5899,'favoring'),(7946,'faxing'),(9717,'fazli'),(9754,'fazlig@smhca'),(3937,'fc5'),(867,'fcgrh'),(3739,'feasibility'),(3882,'feasible'),(480,'features'),(900,'feb'),(7466,'feb10247890'),(7890,'feb5917986e1'),(1937,'feb592261272'),(4576,'feb6215362'),(1334,'fed'),(2788,'fedacko'),(9845,'federal'),(4962,'feedback'),(3013,'feinglos'),(2371,'felicio'),(669,'females'),(860,'femoral'),(865,'femorocaval'),(2442,'feng'),(2184,'ferch'),(7424,'fermentation'),(7908,'fernandes'),(2818,'fernández'),(29,'ferraioli'),(408,'ferrari'),(3071,'ferrier'),(1607,'fh1'),(746,'fh2'),(9235,'fi'),(9722,'fi345'),(9355,'fi4'),(3424,'fiberreinforced'),(492,'fibres'),(2072,'fibrofatty'),(6181,'fickleness'),(4639,'fidelity'),(2894,'field'),(3940,'fielitz'),(5429,'fife'),(8996,'fifteen'),(797,'fifty'),(1879,'fiftyseven'),(6141,'fight'),(4836,'filled'),(3381,'finally'),(1582,'financial'),(7278,'find'),(4069,'finding'),(4171,'findings'),(5665,'finegrained'),(7409,'firmicutes'),(2679,'fisher'),(2930,'fishman'),(229,'fisiopatologia'),(4138,'fission'),(3427,'fixed'),(2814,'fj'),(1502,'fl'),(2189,'flanagan'),(5897,'fleeting'),(5766,'flexible'),(5929,'floor'),(1896,'flow'),(8991,'flu'),(5192,'fluorescence'),(3647,'fluorescent'),(5193,'fluorescently'),(4505,'fluorophores'),(966,'fm8'),(7259,'fmri'),(3234,'fmv3'),(4832,'focal'),(3890,'focus'),(5457,'focused'),(5864,'focusing'),(2546,'foldesi'),(4978,'follow'),(11,'followup'),(243,'fondazione'),(2631,'foo'),(2964,'force'),(331,'forced'),(415,'forensic'),(2967,'forker'),(1700,'form'),(9688,'formal'),(4852,'formation'),(9145,'formats'),(4648,'formed'),(464,'forms'),(356,'formula'),(2492,'forst'),(2380,'forti'),(67,'forty'),(8153,'fortytwo'),(7713,'fostered'),(172,'foti'),(874,'found'),(1496,'foundation'),(3040,'fox'),(1730,'fracture'),(4373,'frames'),(9128,'frameworks'),(6077,'france'),(2351,'francesconi'),(3594,'fraser'),(3429,'frcrbfdps'),(2323,'frechtel'),(5286,'freely'),(3502,'frequency'),(843,'frequent'),(1312,'frequently'),(3556,'front'),(6177,'frustrated'),(1209,'ft3'),(1208,'ft4'),(6039,'fu'),(2318,'fuente'),(2829,'fulat'),(126,'full'),(2030,'fully'),(2543,'fulop'),(168,'fumagalli'),(112,'function'),(4090,'functional'),(525,'functionally'),(1203,'functions'),(6157,'fundamental'),(5841,'fundamentally'),(3199,'funded'),(6135,'fungal'),(6121,'fungus'),(3960,'für'),(2905,'fushtey'),(4137,'fusion'),(2549,'futo'),(1563,'future'),(161,'g1'),(173,'g19'),(365,'g2'),(929,'g4'),(8728,'g5'),(171,'g78'),(1443,'g8'),(2544,'gaal'),(1501,'gables'),(1799,'gabriel'),(2202,'gagel'),(2259,'gallegos'),(200,'galway'),(2646,'gamba'),(3091,'gandy'),(2836,'gani'),(7719,'gap'),(8170,'gaps'),(2370,'garbelini'),(2792,'garcia'),(2986,'garvey'),(2650,'garza'),(3376,'gastrocnemius'),(1242,'gastrointest'),(158,'gatti'),(2924,'gaudiani'),(3654,'gcsf'),(2754,'gd'),(2324,'gelersztein'),(2278,'gellad'),(563,'gender'),(9342,'gendered'),(3321,'gene'),(7413,'genera'),(4068,'general'),(5456,'generally'),(9892,'generate'),(651,'generated'),(2056,'generating'),(1425,'generation'),(1405,'genes'),(1079,'genetic'),(974,'genetics'),(4190,'genome'),(432,'genomic'),(1487,'genomics'),(2597,'genovese'),(2001,'george'),(5584,'georges'),(217,'gerardo'),(3787,'geriatrics'),(3792,'german'),(445,'germany'),(3662,'gfp+'),(2633,'ghani'),(3100,'giep'),(6088,'gifsuryvette'),(2811,'gilbert'),(2686,'gillies'),(2012,'girdle'),(566,'giuliani'),(2434,'gj'),(9732,'gl395'),(9359,'gl6'),(5435,'glasgow'),(9236,'glazier'),(995,'glenn'),(1484,'global'),(9785,'globally'),(9602,'gloria'),(533,'glycoprotein'),(4548,'gm'),(3790,'gmbh'),(7321,'gó45'),(3105,'godbole'),(2429,'godoy'),(3102,'golden'),(8617,'goldstein'),(2467,'gomez'),(1201,'gonadal'),(1220,'gonadotropins'),(2363,'gonzaga'),(884,'good'),(2249,'goodman'),(2199,'gorelick'),(2409,'gosselin'),(2166,'gottlieb'),(2832,'govender'),(9683,'governance'),(9809,'government'),(2717,'grabowska'),(866,'gradient'),(733,'gradients'),(1539,'graduate'),(1141,'granato'),(402,'granda'),(246,'grandaospedale'),(223,'grande'),(8590,'grant'),(9201,'granted'),(3651,'granulocyte'),(170,'grasselli'),(2744,'graur'),(3098,'graves'),(615,'graz'),(1780,'great'),(851,'greater'),(2261,'green'),(2411,'greenspoon'),(5392,'gregory'),(5586,'grenada'),(8143,'grey'),(2906,'grishyna'),(942,'groppa'),(3934,'grosskreutz'),(186,'group'),(8786,'groupbased'),(8794,'groupderived'),(671,'groups'),(8120,'growing'),(510,'growth'),(7598,'growthlimiting'),(2504,'grueneberg'),(2940,'grunberger'),(9718,'gs12'),(1839,'gsv'),(1883,'gsvs'),(2435,'gu'),(7363,'gudmundo@matisis'),(747,'guerra'),(7916,'guilcher'),(2279,'guimaraes'),(2437,'guo'),(8243,'gupta'),(2389,'gushterova'),(2138,'gustavson'),(1964,'gw4'),(9244,'gyeongsan'),(2914,'gyrina'),(9626,'h3a'),(9579,'h3g'),(923,'h4'),(9728,'h48'),(3744,'haas'),(5448,'habitats'),(3023,'hagekorban'),(8093,'halifax'),(2280,'halim'),(2880,'hall'),(2017,'hallmark'),(1366,'halted'),(2480,'hamann'),(4237,'hamati'),(935,'hamer'),(2745,'hancu'),(5849,'hand'),(2096,'handling'),(2222,'hanefeld'),(2164,'hannan'),(3066,'haque'),(4791,'harb'),(3077,'hargrove'),(6126,'harringtonia'),(2281,'harrison'),(2883,'harvey'),(2627,'hassan'),(2425,'hatheway'),(2473,'havelkova'),(2282,'hawes'),(8727,'hawker'),(3164,'hazard'),(2510,'hd'),(1230,'hdl'),(2919,'headapohl'),(2179,'heal'),(82,'healing'),(207,'health'),(8517,'healthcare'),(8783,'healthrelated'),(1192,'healthy'),(781,'heart'),(4278,'heavy'),(444,'heidelberg'),(9447,'height'),(9668,'heightened'),(3835,'held'),(2873,'heller'),(2689,'helm'),(3982,'helmholtz'),(7993,'helpful'),(8122,'helping'),(3861,'hemodynamic'),(3843,'hemodynamics'),(3035,'henson'),(1307,'hepatocytes'),(1357,'hepg2'),(2508,'hergdt'),(2501,'hermes'),(2151,'hernandez'),(3021,'herring'),(585,'herrmann'),(1518,'hershey'),(2591,'herskovits'),(2283,'hess'),(5114,'hewapathirane'),(2538,'hf'),(5656,'hfa'),(1191,'hga'),(1173,'hgas'),(2207,'hian'),(5388,'hicks'),(3081,'hidalgo'),(3045,'higgins'),(630,'high'),(5339,'highamplitude'),(3342,'highdensity'),(681,'higher'),(1172,'highergrade'),(8975,'highest'),(5655,'highfrequency'),(1127,'highgrade'),(5838,'highlight'),(9255,'highlights'),(4990,'highly'),(7199,'highresolution'),(4538,'highsensitivity'),(1052,'hindered'),(5609,'hippocampal'),(5549,'hippocampus'),(6200,'hippocampuss'),(4325,'hipreplacement'),(3969,'hirschlandstraße'),(2365,'hissa'),(2084,'histological'),(2070,'histology'),(8053,'hitzig'),(9142,'hivaids'),(2489,'hj'),(2539,'hodi'),(8417,'hogan'),(2124,'holman'),(2716,'homenda'),(2663,'hoogendyk'),(2672,'hoogslag'),(5907,'hope'),(2349,'hoppichler'),(658,'hormone'),(218,'hospital'),(3179,'hospitalization'),(205,'hospitals'),(9050,'hossain'),(3853,'hour'),(8519,'housed'),(4115,'housekeeping'),(2354,'hr'),(7320,'hreggviðsson'),(7423,'hrmsms'),(2855,'hsieh'),(2254,'hu'),(1020,'hudsonalpha'),(1088,'human'),(1515,'humanities'),(2035,'humans'),(3067,'humiston'),(2853,'hung'),(1023,'huntsville'),(2669,'hw'),(6100,'hw608'),(9228,'hwang'),(9246,'hwangjo@daeguackr'),(4194,'hydrogen'),(6140,'hydrolyze'),(3685,'hydrophilic'),(2284,'hyland'),(7162,'hypercoagulable'),(864,'hyperemia'),(1177,'hypergonadotropic'),(5958,'hypoglobus'),(1178,'hypogonadism'),(3145,'hypotheses'),(7880,'hypothesis'),(3658,'hypothesized'),(149,'hypoxaemic'),(272,'hypoxemic'),(580,'i12'),(956,'i4'),(2232,'ia'),(2856,'ic'),(7362,'iceland'),(270,'icu'),(3804,'icuacquired'),(288,'icus'),(7742,'identification'),(4542,'identified'),(841,'identify'),(881,'identifying'),(8847,'identitybased'),(818,'ii'),(2939,'iii'),(434,'iit@semm'),(2733,'ij'),(2732,'ik'),(737,'iliac'),(2386,'ilieva'),(3806,'ill'),(1432,'illes'),(2391,'illiev'),(3813,'illness'),(8792,'illnessrelated'),(5481,'illumina'),(7450,'illustrating'),(4661,'image'),(4930,'imaged'),(4640,'images'),(4132,'imaging'),(1056,'immature'),(1894,'immediately'),(3820,'immobilized'),(1027,'immunity'),(638,'immunoassays'),(5365,'impact'),(9866,'impactful'),(473,'impaired'),(1346,'impairment'),(1038,'imperial'),(87,'implant'),(3,'implants'),(18,'implantsa'),(9111,'implementation'),(4281,'implicated'),(1554,'implications'),(7440,'implying'),(719,'importance'),(710,'important'),(4716,'improve'),(913,'improved'),(1742,'improvement'),(8011,'improvements'),(4759,'improves'),(7925,'improving'),(4624,'impulses'),(600,'imrest'),(6093,'in2p3cnrs'),(1053,'inability'),(4065,'inactivation'),(1309,'inadequate'),(8304,'inception'),(3185,'incidence'),(2019,'include'),(290,'included'),(5078,'includes'),(4150,'including'),(8155,'inclusion'),(8349,'income'),(1897,'incompressibility'),(5352,'incorporation'),(121,'increase'),(118,'increased'),(1082,'increases'),(4748,'increasing'),(880,'independent'),(9163,'independently'),(496,'index'),(3475,'indias'),(3172,'indicating'),(5588,'indies'),(4819,'individual'),(697,'individuals'),(3715,'induce'),(5087,'induced'),(528,'inducing'),(514,'induction'),(1569,'industry'),(9678,'inequities'),(3142,'infarction'),(1026,'infection'),(7158,'infectious'),(3720,'infiltrate'),(1011,'inflammation'),(7159,'inflammatory'),(7400,'influence'),(5511,'influenced'),(4144,'influences'),(8942,'influenza'),(36,'information'),(9825,'infrastructure'),(5061,'infusion'),(1224,'inhibin'),(906,'inhibition'),(1091,'inhibitor'),(7558,'inhibitory'),(4376,'initiated'),(1557,'initiatives'),(5093,'injection'),(3128,'injections'),(8046,'injury'),(1983,'innovation'),(7897,'inpatient'),(3498,'insertion'),(5908,'inspire'),(3506,'installation'),(76,'installed'),(5843,'instantiated'),(188,'institute'),(8744,'instituteuniversity'),(7493,'institution'),(1626,'instituto'),(795,'insufficiency'),(8361,'insufficient'),(8347,'insurance'),(8597,'int'),(4821,'intact'),(5850,'integrated'),(5890,'integration'),(5418,'integrative'),(1389,'integrity'),(203,'intensive'),(3170,'intentiontotreat'),(9457,'interaction'),(4080,'interactions'),(4297,'interdisciplinary'),(340,'interest'),(345,'interests'),(7605,'interference'),(3846,'intermittent'),(3472,'internacional'),(612,'internal'),(9109,'internet'),(7939,'interprofessional'),(3156,'interquartile'),(5824,'interrelated'),(3868,'interrupted'),(9879,'intersectoral'),(4184,'intertwined'),(319,'interval'),(96,'intervals'),(3855,'intervention'),(1637,'interventional'),(3963,'interventionelle'),(4327,'interventions'),(9644,'interviews'),(5164,'intracellular'),(1892,'intraoperative'),(734,'intravascular'),(809,'intravenous'),(4183,'intricately'),(4181,'intriguingly'),(250,'introduction'),(708,'inverse'),(7867,'inversely'),(1183,'investigate'),(1204,'investigated'),(6184,'investigating'),(7200,'investigation'),(3889,'investigations'),(8583,'investigator'),(1174,'involve'),(4167,'involved'),(7224,'involves'),(9907,'involving'),(5351,'iodide'),(7433,'ions'),(2140,'iqbal'),(244,'irccs'),(199,'ireland'),(7600,'iron'),(3630,'irradiation'),(8351,'irregular'),(5316,'irrespective'),(1440,'isasi'),(7465,'isme'),(3642,'isolated'),(7406,'isolates'),(7383,'isolation'),(3068,'ison'),(9393,'israel'),(9010,'issues'),(435,'istituto'),(436,'italiano'),(43,'italy'),(5650,'item'),(5647,'items'),(2392,'ivanov'),(1652,'ivo'),(789,'ivus'),(2766,'izmozherova'),(754,'izukawa'),(1433,'j1'),(1447,'j10'),(937,'j2'),(3757,'j247'),(9351,'j3'),(8888,'j34'),(8890,'j35'),(3935,'j4'),(3941,'j567'),(9530,'j8'),(2260,'ja'),(2285,'jackson'),(2579,'jaffe'),(2405,'jaffer'),(2980,'jaffrani'),(8723,'jaglal'),(2228,'jakuboniene'),(9581,'jamesconklin@concordiaca'),(905,'jan'),(4675,'jan101e1001236'),(6148,'jan2914555'),(286,'january'),(1479,'japan'),(2457,'jaramilo'),(2641,'jardines'),(2783,'jascur'),(2134,'jb'),(2136,'jc'),(8720,'je1'),(2336,'jeffries'),(3973,'jena'),(7485,'jensen'),(2251,'jf'),(2639,'jh'),(2440,'ji'),(8741,'jimcameron@smuca'),(2948,'jimenez'),(2696,'jimeno'),(2382,'jk'),(2196,'jl'),(1453,'jm1'),(130,'john'),(8076,'johns'),(2892,'johnson'),(7500,'jolla'),(2286,'jones'),(2287,'jordan'),(4209,'journal'),(2361,'jp'),(6043,'jp2'),(2702,'jr'),(9045,'jr6'),(2569,'jt'),(916,'judson'),(1420,'jul'),(8704,'jul208172179'),(726,'jul64492499'),(8184,'julaug'),(2478,'julius'),(5202,'jun21124808'),(7117,'jun373175178'),(9328,'jun99293298'),(2255,'junbo'),(8142,'june'),(2618,'juskiene'),(9620,'jversnel@dalca'),(7141,'jy1'),(3577,'k1'),(8198,'k12345'),(5553,'k2'),(3749,'k24'),(3931,'k3'),(8901,'ka'),(3099,'kaczmarek'),(5276,'kainic'),(2620,'kakariekiene'),(3039,'kalen'),(752,'kambara'),(2507,'kamke'),(2841,'kaplan'),(961,'karimi'),(3069,'karounos'),(7378,'katherineduncan@samsacuk'),(2190,'katona'),(2288,'katz'),(9348,'kaufmanshriqui'),(5731,'kavli'),(2925,'kayne'),(5805,'kd1'),(3755,'kd16'),(7791,'kd2'),(9233,'ke'),(9738,'keenan'),(2826,'kelfkens'),(2469,'kellinerova'),(2223,'keltai'),(2660,'kempen'),(2178,'kennedy'),(5394,'kenny'),(2666,'kentgens'),(7346,'kep@pmlacuk'),(2562,'kerenyi'),(2690,'kerr'),(2553,'kesmarki'),(2996,'kessel'),(1102,'key'),(2516,'kf'),(4668,'kgaa'),(9449,'kgheight'),(2212,'kh'),(3050,'khan'),(2768,'khokhlov'),(3710,'ki67'),(2878,'kilvert'),(2725,'kim'),(3347,'kinase'),(5842,'kinds'),(3592,'kinesiology'),(5414,'kingdom'),(3027,'kingsley'),(8258,'kingston'),(3106,'kirby'),(2554,'kis'),(2552,'kiss'),(8108,'kitchener'),(7133,'kj1'),(2590,'klainman'),(4243,'kleber'),(1436,'kleiderman'),(2511,'kleinertz'),(5601,'kline'),(1125,'klinefelter'),(3768,'klinikum'),(4512,'klochko'),(2993,'klonoff'),(2313,'klyver'),(2730,'km'),(3322,'knockout'),(5767,'knowledge'),(9854,'knowledgetoaction'),(3361,'ko'),(1478,'kobe'),(3926,'koch'),(2205,'kong'),(2229,'kooy'),(2915,'kopytsya'),(9245,'korea'),(8193,'korenvain'),(2712,'korzeniak'),(2655,'köse'),(2776,'koshelskaya'),(2289,'koshizaka'),(2383,'kovacheva'),(2556,'kovacs'),(2895,'koval'),(7482,'kr1'),(7333,'kr11'),(5403,'kr14'),(6049,'kr4'),(2471,'krami'),(2975,'kravitz'),(2688,'krebs'),(443,'krebsforschungszentrum'),(3585,'krieger'),(2971,'kruger'),(1165,'ks'),(2512,'kuesters'),(2864,'kumar'),(2530,'kung'),(2406,'kuritsky'),(2907,'kuskalo'),(7322,'kuttner'),(2736,'kw'),(30,'l1'),(8196,'l12345'),(7210,'l13'),(5399,'l2'),(9039,'l3'),(925,'l4'),(946,'l5'),(167,'l6'),(5561,'l67'),(2317,'la'),(4245,'labeit'),(4566,'label'),(4929,'labeled'),(3707,'labeling'),(623,'laboratory'),(3072,'labroo'),(8125,'lack'),(4735,'laevis'),(3032,'laferrere'),(2606,'lagzdina'),(2851,'lai'),(5631,'laid'),(2290,'lakey'),(9402,'lana'),(2243,'lanas'),(2503,'landers'),(25,'lang'),(4240,'langhans'),(9157,'language'),(2432,'larenas'),(558,'large'),(70,'largegrit'),(4980,'larger'),(2896,'larin'),(2170,'larson'),(4585,'laser'),(2623,'lasiene'),(4365,'late'),(3574,'lateral'),(4317,'lateralis'),(2167,'lavender'),(1521,'law'),(8572,'laxatives'),(4971,'layer'),(7327,'lc8'),(554,'lcmsms'),(5595,'ld24@columbiaedu'),(1228,'ldl'),(6041,'le'),(2093,'lead'),(9652,'leaders'),(2014,'leading'),(3280,'leads'),(5743,'learn'),(4992,'learned'),(4690,'learning'),(5143,'leaving'),(2291,'leblanc'),(7647,'lechner'),(2795,'lecube'),(515,'led'),(3094,'ledesma'),(2731,'lee'),(2876,'leese'),(846,'left'),(2396,'lefterov'),(1552,'legal'),(2495,'lehrke'),(2605,'leitane'),(2414,'leiter'),(2246,'leivapons'),(2168,'leloudis'),(277,'length'),(3028,'lenhard'),(1147,'lenzi'),(2292,'leonardi'),(3103,'lesh'),(8066,'leslie'),(1350,'leucine'),(9131,'levac'),(2897,'levchenko'),(75,'level'),(1210,'levels'),(2610,'levinger'),(2956,'levinson'),(2384,'levterov'),(957,'lewis'),(1952,'lgmd2b'),(2438,'li'),(1335,'lieberdecarli'),(1704,'life'),(9291,'likelihood'),(3070,'lillestol'),(1785,'limb'),(2020,'limbgirdle'),(812,'limbs'),(9143,'limit'),(1061,'limitation'),(7538,'limitations'),(8161,'limited'),(8540,'limits'),(2459,'linares'),(6153,'lingering'),(4172,'link'),(7574,'linked'),(8015,'linking'),(2485,'linn'),(2215,'linong'),(1935,'lipid'),(3405,'lipidlowering'),(3326,'lipidrich'),(3369,'lipids'),(3343,'lipoprotein'),(2541,'lippai'),(643,'liquid'),(2378,'lisboa'),(8150,'lists'),(2893,'litchfield'),(5863,'literature'),(2443,'liu'),(5190,'live'),(1243,'liver'),(5421,'liverpool'),(4933,'living'),(5551,'lj1'),(2752,'lm'),(7135,'lm1'),(123,'loaded'),(97,'loading'),(7241,'lobe'),(4152,'local'),(4136,'localization'),(7401,'location'),(7439,'locations'),(2412,'lochnan'),(4238,'lodka'),(8057,'lofters'),(838,'logistic'),(5550,'lohnas'),(928,'loi'),(2132,'lokhnygina'),(1442,'lomax'),(381,'lonati'),(1037,'london'),(5606,'long'),(3857,'longitudinal'),(5034,'longlasting'),(10,'longterm'),(2242,'lopes'),(741,'lorenção'),(279,'los'),(91,'loss'),(3545,'losses'),(99,'lost'),(2842,'lottering'),(7372,'louiseyoung@strathacuk'),(2844,'louw'),(2576,'lovasz'),(127,'low'),(811,'lower'),(9007,'lowest'),(4609,'lsm'),(941,'ltn2'),(5396,'lucaci'),(2932,'lucas'),(577,'lucchiari'),(3936,'luft'),(2352,'luger'),(7910,'lui'),(2520,'luk'),(7914,'luke'),(1643,'lukes'),(9089,'lunenfeldtanenbaum'),(1982,'lung'),(2293,'luo'),(4239,'lutherschroeder'),(3016,'luttrell'),(724,'lymphat'),(7356,'lynseymacintyre@strathacuk'),(2387,'lyubenova'),(369,'m1'),(578,'m12'),(919,'m2'),(954,'m4'),(9385,'m4n'),(9524,'m5'),(9379,'m5b'),(9412,'m5g'),(5571,'m5s'),(9405,'m5t'),(586,'m678'),(2127,'ma'),(8246,'ma1'),(1970,'ma27'),(1495,'macdonald'),(2891,'macfarlane'),(7316,'macintyre'),(8195,'mackeigan'),(5440,'macrofauna'),(5459,'macrofaunal'),(4810,'macromolecules'),(7520,'macroorganisms'),(2890,'macrury'),(7971,'made'),(3095,'madu'),(2312,'maffei'),(2141,'maggioni'),(247,'maggiore'),(7843,'magnetic'),(2705,'magno'),(2337,'mah'),(3085,'mahabadi'),(2294,'mahaffey'),(3748,'mai'),(1903,'main'),(4120,'maintain'),(125,'maintained'),(9574,'maisoneuve'),(145,'major'),(7411,'majority'),(2827,'makan'),(8376,'make'),(9653,'makers'),(6013,'making'),(1131,'male'),(668,'males'),(977,'mall'),(2326,'mallagray'),(1311,'malnutrition'),(1378,'mammalianmechanistic'),(1399,'mammals'),(8372,'manage'),(7172,'management'),(9003,'managing'),(2295,'mandawat'),(6240,'manipulation'),(5141,'manipulations'),(5470,'manipulative'),(3683,'manner'),(2977,'manning'),(2955,'manos'),(9727,'manson'),(8147,'manually'),(7832,'map'),(730,'mar'),(1589,'mar62183191'),(1646,'mar62191'),(1765,'mar62212219'),(2767,'marasaev'),(1508,'march'),(3441,'marchetti'),(2816,'marcos'),(3043,'marcus'),(89,'marginal'),(7370,'margreteva@matisis'),(2465,'marin'),(5409,'marine'),(5347,'marked'),(3709,'marker'),(5157,'markers'),(2204,'markovic'),(2342,'marks'),(618,'markusherrmann@medunigrazat'),(2654,'márquezrodriguez'),(9525,'marras'),(518,'marrow'),(3563,'marrowderived'),(2143,'marso'),(2898,'martynyuk'),(8734,'marys'),(2899,'maslyanko'),(646,'mass'),(1444,'master'),(2180,'masterson'),(3132,'matching'),(65,'material'),(648,'materials'),(9234,'matheson'),(2219,'mathieu'),(1162,'matteospaziani@uniroma1it'),(3979,'max'),(3546,'maxilla'),(5960,'maxillary'),(9002,'maximum'),(2884,'maxwell'),(7777,'may18576772'),(5000,'may558418'),(3113,'may610194'),(2424,'mazza'),(2978,'mb'),(7905,'mccarthy'),(8245,'mccoll'),(1446,'mccormick'),(2989,'mcdermott'),(1489,'mcgill'),(3006,'mcguire'),(9232,'mcisaac'),(2886,'mcknight'),(8475,'mcmaster'),(2200,'mcmurray'),(2962,'mcneill'),(3076,'mcwilliams'),(3298,'md'),(360,'mdx'),(3355,'mdxapoe'),(8418,'me5'),(7325,'me7'),(2169,'meadows'),(8672,'means'),(689,'measureable'),(637,'measured'),(810,'measurements'),(4330,'measures'),(294,'mechanical'),(334,'mechanically'),(5317,'mechanism'),(1064,'mechanisms'),(4293,'mechanistic'),(1419,'med'),(7743,'media'),(7239,'medial'),(304,'median'),(7252,'mediate'),(1391,'mediated'),(4206,'mediating'),(2791,'mediavilla'),(193,'medical'),(7901,'medication'),(8239,'medications'),(178,'medicine'),(230,'medicochirurgica'),(8650,'medline'),(897,'medline]'),(3189,'medullary'),(9898,'meet'),(4086,'mef2'),(4204,'mef2mitochondria'),(2497,'mehling'),(2296,'mehta'),(2297,'melloni'),(5790,'mem'),(7559,'members'),(536,'membrane'),(7286,'memoranda'),(5614,'memories'),(5546,'memory'),(6220,'memoryretrieval'),(7201,'memoryspecific'),(9294,'men'),(8796,'mental'),(2128,'mentz'),(368,'meregalli'),(2934,'merrick'),(5471,'mesocosm'),(9867,'messaging'),(8154,'met'),(1122,'metabolic'),(452,'metabolism'),(7312,'metabolite'),(7302,'metabolites'),(4092,'metaplasticity'),(4174,'metaplasticityassociated'),(665,'method'),(7537,'methodological'),(8301,'methodology'),(66,'methods'),(907,'methyltransferase'),(224,'metropolitano'),(1617,'metzger'),(2496,'meyerpannwitt'),(3131,'mg'),(3666,'mgkg'),(3988,'mhb'),(2314,'mi'),(9720,'mi3'),(1499,'miami'),(361,'mice'),(8104,'michaels'),(2784,'micko'),(5441,'microalgae'),(5465,'microbial'),(5373,'microbiol'),(6064,'microorganismes'),(5442,'microorganisms'),(4949,'micropipette'),(4636,'microscope'),(4587,'microscopy'),(712,'middleaged'),(3617,'migrating'),(1709,'migration'),(2638,'mijangos'),(2954,'mikell'),(2721,'mikolajczykswatko'),(1955,'milad'),(226,'milan'),(181,'milanbicocca'),(236,'milano'),(3289,'mild'),(2573,'mileder'),(2502,'milek'),(1137,'mileno'),(8887,'milligan'),(5483,'million'),(2994,'mills'),(2862,'milward'),(2390,'mincheva'),(5728,'mind'),(2741,'mindrescu'),(8947,'mineral'),(4944,'minimal'),(7634,'mining'),(717,'minor'),(2578,'minuchin'),(3838,'minutes'),(2697,'mirasoi'),(2713,'mirecka'),(2426,'misterski'),(526,'mitigated'),(4081,'mitochondria'),(1298,'mitochondrial'),(3769,'mitte'),(488,'mixture'),(2025,'miyoshi'),(7915,'mj'),(921,'mj3'),(5807,'ml2'),(9047,'mla7'),(2746,'mlitaru'),(60,'mm'),(962,'mm7'),(5604,'mnemonic'),(1268,'mo1'),(3570,'mobilization'),(332,'model'),(7782,'modelbased'),(7819,'modelfree'),(5910,'modeling'),(1098,'models'),(16,'moderately'),(68,'modified'),(72,'modsla'),(2828,'mogashoa'),(414,'molecular'),(4839,'molecules'),(2462,'molina'),(2490,'mölle'),(2571,'molnar'),(1029,'monash'),(4728,'monitor'),(3840,'monitoring'),(1712,'months'),(1490,'montreal'),(182,'monza'),(2735,'moon'),(7658,'moore'),(748,'moraes'),(2926,'moran'),(2943,'morawski'),(4406,'mörgeli'),(4939,'morphology'),(2298,'morse'),(271,'mortality'),(2577,'mosenzon'),(4134,'motile'),(3831,'motion'),(6239,'motivated'),(6195,'motivating'),(3920,'motor'),(4124,'mounting'),(1087,'mouse'),(9604,'movement'),(5771,'movements'),(2311,'mr'),(2628,'mra'),(4352,'mrna'),(7242,'mtl'),(1381,'mtor'),(2444,'mu'),(3054,'mudaliar'),(2494,'mugge'),(3044,'mulford'),(152,'multicenter'),(8174,'multifaceted'),(9421,'multifactorial'),(9451,'multilevel'),(7956,'multimethod'),(8176,'multimorbidity'),(806,'multiplanar'),(4148,'multiple'),(7933,'multisite'),(327,'multivariate'),(7261,'multivoxel'),(2182,'mumtaz'),(9034,'munce'),(9847,'municipalities'),(2759,'munteanu'),(4360,'murf1'),(2235,'murin'),(3287,'murine'),(468,'muscle'),(2069,'muscles'),(1058,'muscs'),(358,'muscular'),(6068,'muséum'),(162,'muttini'),(6129,'mutual'),(808,'mv'),(9600,'mverrier@utorontoca'),(4280,'myhc'),(4370,'myhcs'),(3141,'myocardial'),(4084,'myocyte'),(2074,'myofiber'),(2079,'myofibers'),(466,'myofibre'),(911,'myogenic'),(2026,'myopathy'),(4226,'myosin'),(7448,'mz'),(32,'n1'),(1956,'n12'),(1144,'n2'),(9442,'n2300'),(2935,'nadar'),(2747,'nafornita'),(2540,'nagy'),(2824,'naiker'),(2727,'nam'),(2734,'namgung'),(2327,'nardone'),(4998,'nat'),(5600,'nathan'),(198,'national'),(5533,'natl'),(5088,'natural'),(7530,'nature'),(6071,'naturelle'),(6081,'naturelles'),(6050,'nay'),(3204,'nct01144338'),(3897,'nct01286610'),(5703,'nd3'),(7797,'nd5'),(2651,'ne'),(4146,'nearby'),(4503,'nearinfrared'),(9906,'necessity'),(1846,'necrosis'),(1073,'needed'),(831,'negative'),(8116,'negatively'),(2753,'negrisanu'),(9275,'nehw'),(9336,'neighborhood'),(9812,'neighborhoods'),(9258,'neighbourhood'),(8586,'neilsen'),(9046,'nelson'),(3921,'nerve'),(3623,'nervous'),(8491,'netherlands'),(4687,'network'),(7437,'networked'),(6115,'networking'),(4733,'networklevel'),(5876,'networks'),(4168,'neural'),(5788,'neurobiol'),(6209,'neurochemical'),(6197,'neurocomputational'),(1464,'neuroethics'),(3557,'neurol'),(988,'neurological'),(987,'neurology'),(5599,'neuromodulation'),(39,'neuromotorial'),(3610,'neuromuscular'),(4870,'neuron'),(4088,'neuronal'),(4130,'neurons'),(7776,'neurosci'),(5223,'neuroscience'),(3780,'neurosurgery'),(3088,'neutel'),(5474,'nextgeneration'),(5518,'nh4'),(1094,'niche'),(2701,'nicodemus'),(3082,'nicol'),(2790,'nicolau'),(1368,'nicotinamide'),(2719,'niegowska'),(225,'niguarda'),(8490,'nijmegen'),(2394,'nikitov'),(2684,'nirmalaraj'),(385,'nisoli'),(662,'nist972'),(504,'nitric'),(5523,'nitrogen'),(2147,'nj'),(2742,'nm'),(755,'nm2'),(8730,'nm6'),(4761,'nmda'),(679,'nmoll'),(4656,'noise'),(8237,'nonadherence'),(3140,'nonfatal'),(1943,'nonhdl'),(2062,'nonhdlassociated'),(5927,'nonhealing'),(3147,'noninferior'),(3174,'noninferiority'),(5056,'noninvasive'),(4582,'nonnegative'),(5979,'nonoperative'),(8133,'nonpharmacological'),(1749,'nonrandomized'),(691,'normal'),(1349,'normalization'),(8223,'north'),(289,'northern'),(2833,'nortje'),(1017,'norway'),(1013,'norwegian'),(9903,'noted'),(1400,'noteworthy'),(2506,'nothroff'),(3396,'notoriously'),(1941,'nov'),(8398,'nov561110591068'),(8094,'nova'),(2329,'novaretto'),(6213,'novelty'),(4993,'novice'),(26,'np23'),(3436,'np34'),(1417,'npj'),(7762,'nrps40'),(8486,'ns'),(2589,'nseir'),(6091,'nucléaire'),(1076,'nuclear'),(2078,'nucleated'),(5764,'nucleus'),(3965,'nuklearmedizin'),(3203,'number'),(3661,'numbers'),(1746,'numerous'),(2373,'nunes'),(547,'nutr'),(476,'nutrient'),(7599,'nutrients'),(3784,'nutrition'),(9391,'nutritional'),(7480,'nv1'),(1513,'ny'),(5559,'o5'),(8645,'oa'),(1505,'oakland'),(5412,'oban'),(583,'obermayerpietsch'),(425,'obesity'),(9782,'obesityrelated'),(7852,'object'),(785,'objective'),(52,'objectives'),(2777,'obrezan'),(8551,'observation'),(4294,'observational'),(3869,'observe'),(2034,'observed'),(1103,'obstacle'),(8599,'obstruct'),(816,'obstruction'),(791,'obstructions'),(1390,'obtained'),(4514,'obukhova'),(9237,'ocampo'),(5640,'occipitotemporal'),(1868,'occlusion'),(8083,'occupational'),(3718,'occur'),(3159,'occurred'),(1922,'occurrence'),(5246,'occurring'),(7494,'oceanography'),(5426,'oceans'),(137,'oct'),(5922,'oct375375377'),(314,'odds'),(3459,'odontologica'),(3471,'odontológico'),(2872,'oelbaum'),(2486,'oerter'),(1559,'offer'),(8336,'offered'),(4961,'offers'),(1448,'ogbogu'),(2145,'öhman'),(2718,'okopien'),(2657,'oldenburgligtenberg'),(8408,'older'),(2787,'olexa'),(4815,'oligonucleotides'),(2428,'olivares'),(4515,'om'),(9130,'omalley'),(2240,'omar'),(2118,'onceweekly'),(602,'oncologic'),(2334,'oneal'),(2629,'ong'),(9025,'online'),(1797,'onofre'),(7563,'onset'),(8072,'ontario'),(9150,'onwards'),(4513,'op'),(2987,'oparil'),(4313,'open'),(821,'operating'),(3764,'operative'),(7123,'ophthalmic'),(5948,'ophthalmology'),(9651,'opinion'),(8573,'opioids'),(8016,'opportunities'),(5073,'optic'),(8020,'optimal'),(4715,'optimally'),(5186,'optimize'),(5171,'optimized'),(4972,'optimizing'),(3817,'option'),(2,'oral'),(5603,'orangeburg'),(5921,'orbit'),(5928,'orbital'),(7129,'orbitopathy'),(6107,'ore'),(4304,'organ'),(4116,'organelles'),(9649,'organization'),(5858,'organizing'),(9422,'origin'),(5988,'original'),(2548,'oroszan'),(2458,'orozco'),(6094,'orsay'),(2805,'ortega'),(5625,'orthogonal'),(2815,'ortiz'),(210,'ospedale'),(8608,'osteoarthritis'),(5968,'ostiomeatal'),(3048,'osunkoya'),(5642,'otc'),(8179,'ott'),(1536,'ottawa'),(920,'oudhoff'),(2193,'oulhaj'),(330,'outcome'),(57,'outcomes'),(5857,'outline'),(8354,'outofpocket'),(561,'outpatient'),(1429,'outreach'),(2950,'overcash'),(1060,'overcome'),(5673,'overlapping'),(5905,'overview'),(9416,'overweight'),(9458,'overweightobese'),(9483,'overweightobesity'),(3543,'owing'),(465,'oxidative'),(505,'oxide'),(1403,'oxygen'),(2519,'ozaki'),(3175,'p006'),(372,'p1'),(939,'p2'),(950,'p4'),(3236,'p45'),(1972,'p82'),(3173,'p<0001'),(1519,'pa'),(7343,'pa37'),(2699,'pacheco'),(8055,'packer'),(2821,'padayachee'),(2146,'pagidipati'),(2299,'pagidpati'),(2920,'pahl'),(1679,'pain'),(938,'paine'),(7756,'pairings'),(2558,'palinkas'),(1005,'palo'),(2673,'pam'),(2216,'pan'),(3187,'pancreatic'),(3186,'pancreatitis'),(2415,'pandey'),(2210,'panelo'),(2908,'panina'),(2474,'pantikova'),(8981,'pap'),(9636,'paper'),(2555,'papp'),(6031,'paraconiothyrium'),(5080,'paradigms'),(661,'parallel'),(3357,'parameters'),(657,'parathyroid'),(856,'paravertebral'),(7432,'parent'),(1906,'paresthesia'),(6076,'paris'),(7912,'pariser'),(6084,'parissaclay'),(6083,'parissud'),(8626,'park'),(2239,'parkhomenko'),(9610,'parkinsons'),(3399,'part'),(9178,'participant'),(4301,'participants'),(7990,'participating'),(4128,'participation'),(7514,'partitioning'),(3721,'partly'),(3796,'partner'),(7921,'partnership'),(704,'parts'),(2009,'pascalbernatchez@ubcca'),(1959,'pascoe'),(3829,'passive'),(1556,'past'),(2604,'pastare'),(2159,'patel'),(1710,'patency'),(5400,'paterson'),(4375,'pathogenesis'),(591,'pathology'),(4016,'pathophysiological'),(392,'pathophysiology'),(7849,'paths'),(1393,'pathway'),(1383,'pathways'),(101,'patient'),(80,'patients'),(6160,'patil'),(7479,'patin'),(5544,'pattern'),(7632,'patternbased'),(5295,'patterns'),(2545,'pauker'),(994,'paul'),(772,'paulo'),(1990,'pauls'),(2356,'paulweber'),(421,'pavia'),(1963,'payne'),(2698,'paz'),(769,'pazzanese'),(1618,'pb2'),(2658,'pc'),(7484,'pc2'),(7661,'pc4'),(4886,'pdbprot065615'),(4795,'pdbtop065607'),(7699,'pdorrestein@ucsdedu'),(764,'pe3'),(3576,'peake'),(2419,'pearce'),(3009,'peden'),(5931,'pediatric'),(9026,'peer'),(2859,'pei'),(2781,'pella'),(1516,'pennsylvania'),(5274,'pentylenetetrazol'),(2565,'penzes'),(5734,'people'),(8776,'peoples'),(4565,'peptideconjugate'),(4816,'peptides'),(5735,'perceive'),(9220,'perceived'),(4473,'percent'),(9287,'perception'),(9264,'perceptions'),(2909,'pererva'),(2454,'perez'),(9173,'perform'),(482,'performance'),(3509,'performed'),(100,'periimplantitis'),(5367,'perinatal'),(117,'period'),(4490,'periodicals'),(5304,'periods'),(3569,'peripheral'),(7203,'perirhinal'),(2175,'perkins'),(3925,'permeability'),(4855,'permits'),(9199,'permitted'),(4195,'peroxidase'),(9038,'perrier'),(4357,'persisted'),(4270,'persistent'),(5892,'persistently'),(4377,'persisting'),(9306,'personal'),(4994,'personnel'),(8526,'persons'),(3162,'personyears'),(5832,'perspectives'),(2575,'peterfai'),(2491,'pfutzner'),(7887,'pharm'),(8380,'pharmacare'),(1523,'pharmaceutical'),(3201,'pharmaceuticals'),(7966,'pharmacies'),(7954,'pharmacist'),(7899,'pharmacists'),(1080,'pharmacological'),(1977,'pharmacology'),(1522,'pharmacy'),(9853,'phase'),(3859,'phases'),(527,'phenotype'),(264,'phenotypes'),(2869,'philip'),(2786,'philippiova'),(2965,'phillips'),(783,'phoenix'),(4627,'photocurrent'),(4621,'photocurrents'),(4623,'photon'),(5504,'phyla'),(8266,'physical'),(8945,'physicals'),(1691,'physician'),(1545,'physicians'),(1241,'physiol'),(4101,'physiological'),(3591,'physiology'),(3822,'physiotherapy'),(6090,'physique'),(5279,'picrotoxin'),(2345,'pieber'),(2711,'piepiorka'),(571,'pierro'),(4794,'pii'),(2843,'pillai'),(5281,'pilocarpine'),(8589,'pilot'),(581,'pilz'),(4834,'pipette'),(2227,'pirags'),(5950,'pittsburgh'),(1199,'pituitary'),(7701,'pjensen@ucsdedu'),(3849,'place'),(3133,'placebo'),(9900,'planners'),(9803,'planning'),(3386,'plaque'),(2095,'plasma'),(4923,'plasmid'),(4091,'plasticity'),(8790,'platform'),(3773,'platz'),(9311,'plays'),(3655,'plerixafor'),(2566,'ples'),(136,'plos'),(2338,'pm'),(5196,'pmc2762236'),(4777,'pmc3254648'),(4571,'pmc3522634'),(7771,'pmc4409930'),(7883,'pmc4414826'),(4213,'pmc4560579'),(7619,'pmc4737938'),(7463,'pmc4812331'),(4071,'pmc4875580'),(7298,'pmc4949140'),(9913,'pmc5210277'),(3901,'pmc5220605'),(3725,'pmc5340765'),(3409,'pmc5596936'),(9203,'pmc5623492'),(1575,'pmc5677945'),(2108,'pmc5794421'),(8689,'pmc5909783'),(1112,'pmc6031334'),(5676,'pmc6077719'),(5530,'pmc6115492'),(8387,'pmc6134942'),(8226,'pmc6141936'),(544,'pmc6168581'),(337,'pmc6201964'),(8593,'pmc6218396'),(336,'pmcid'),(135,'pmid'),(2197,'pocock'),(4509,'podgorski'),(2720,'pogorzelska'),(2476,'pohl'),(844,'point'),(4349,'points'),(8544,'poisson'),(2300,'pokorney'),(4018,'polarization'),(248,'policlinico'),(1488,'policy'),(9861,'policyinformed'),(1548,'policymakers'),(9870,'political'),(4039,'pollicis'),(3915,'polyneuropathy'),(8503,'polypharmacy'),(8974,'poor'),(1070,'poorly'),(2749,'popa'),(8121,'popularity'),(280,'population'),(8411,'populationbased'),(5051,'populations'),(85,'porcelainfusedtometal'),(4851,'pore'),(4982,'pores'),(7247,'posit'),(3837,'position'),(4142,'positioning'),(312,'positive'),(6196,'possibility'),(3854,'post'),(63,'posterior'),(1904,'postoperative'),(8172,'postsci'),(3674,'posttransplant'),(2301,'posvic'),(915,'potential'),(5081,'potentiation'),(2430,'potthoff'),(2148,'poulter'),(3056,'powell'),(5661,'power'),(2192,'pozzi'),(2596,'pozzilli'),(7486,'pr1'),(7663,'pr5'),(718,'practical'),(7936,'practice'),(6054,'prado'),(2347,'prager'),(2226,'prato'),(7272,'prc'),(8350,'precarious'),(1097,'preclinical'),(1216,'precocious'),(329,'predict'),(7705,'predicted'),(7869,'prediction'),(830,'predictive'),(313,'predictor'),(4449,'predicts'),(5994,'predisposition'),(636,'predominantly'),(8229,'prefer'),(7607,'preferentially'),(5095,'preparation'),(5137,'preparations'),(8571,'prescribed'),(8363,'prescribing'),(7948,'prescription'),(8357,'prescriptions'),(836,'presence'),(639,'present'),(5934,'presentation'),(5069,'presentations'),(870,'presented'),(5903,'presenting'),(1398,'preserves'),(732,'pressure'),(861,'pressures'),(9326,'prev'),(631,'prevalence'),(8112,'prevalent'),(1331,'prevent'),(3892,'prevention'),(1535,'preventive'),(1253,'prevents'),(634,'previous'),(1747,'previously'),(2871,'price'),(266,'primary'),(5488,'primer'),(2000,'prince'),(5724,'princeton'),(5859,'principles'),(553,'print]'),(3833,'prior'),(1562,'priorities'),(7747,'prioritized'),(9251,'priority'),(9889,'private'),(5008,'probing'),(5532,'proc'),(1649,'procedure'),(7244,'process'),(5250,'processes'),(5612,'processing'),(6018,'prod'),(7386,'produce'),(7434,'produced'),(7717,'product'),(4192,'production'),(6112,'products'),(8364,'professionals'),(1342,'profile'),(3402,'profiles'),(520,'progenitors'),(4450,'prognosis'),(1028,'program'),(3470,'programa'),(9188,'programmes'),(7923,'programs'),(2010,'progressive'),(2340,'proietto'),(8581,'project'),(1225,'prolactin'),(1068,'proliferating'),(3708,'proliferation'),(4057,'prolonged'),(5828,'prominent'),(9113,'promising'),(1327,'promote'),(502,'promoted'),(1081,'promotes'),(9241,'promotion'),(7922,'prompt'),(7973,'prompts'),(695,'pronounced'),(5331,'propagating'),(5042,'properties'),(5350,'propidium'),(299,'proportion'),(5833,'propose'),(7183,'proptosis'),(7863,'prospection'),(19,'prospective'),(54,'prospectively'),(3428,'prostheses'),(120,'prosthesis'),(3507,'prosthetic'),(1397,'protects'),(530,'protein'),(1364,'proteins'),(5494,'proteobacteria'),(4792,'protoc'),(4941,'protocol'),(7732,'provide'),(9646,'providers'),(7612,'providing'),(8338,'province'),(9675,'provinces'),(9846,'provincial'),(8511,'provinciallevel'),(845,'proximal'),(2691,'pryke'),(2910,'prysupa'),(4569,'psd95'),(5935,'pseudosilent'),(6146,'psychol'),(8766,'psychological'),(5565,'psychology'),(8588,'psychosocial'),(8651,'psycinfo'),(659,'pth'),(5275,'ptz'),(5323,'ptzinduced'),(412,'public'),(8323,'publication'),(8515,'publicly'),(134,'published'),(2807,'puig'),(4950,'puller'),(2970,'pullman'),(8600,'pulmon'),(2416,'punthakee'),(2715,'pupekmusialik'),(2861,'purewal'),(1657,'purpose'),(7314,'purves'),(579,'pusceddu'),(1491,'qc'),(6038,'qp2'),(2445,'qu'),(8191,'qualitative'),(1703,'quality'),(8292,'quantity'),(4629,'quantum'),(918,'quarta'),(9081,'quebec'),(8256,'queens'),(2809,'quesada'),(9119,'question'),(1705,'questionnaire'),(5363,'questions'),(4957,'quickly'),(2683,'quinn'),(7757,'quinomycintype'),(7331,'r10'),(1962,'r12'),(8618,'r1245'),(169,'r16'),(5393,'r2'),(932,'r4'),(1441,'r7'),(9532,'r9'),(2634,'ra'),(3097,'radbill'),(8488,'radboud'),(1148,'radicioni'),(1777,'radiofrequency'),(56,'radiographic'),(3964,'radiologie'),(779,'radiology'),(4242,'radtke'),(2427,'raffo'),(1263,'ragni'),(2149,'ramachandran'),(2626,'ramanathan'),(2652,'ramirez'),(963,'rando'),(1594,'randomized'),(1685,'randomly'),(1734,'range'),(693,'ranged'),(306,'range]'),(5167,'ranging'),(2825,'ranjith'),(2302,'rao'),(1380,'rapamycin'),(4350,'rapid'),(3700,'rapidly'),(7126,'rare'),(2990,'rasouli'),(2372,'rassi'),(2985,'rassouli'),(107,'rate'),(1711,'rates'),(93,'ratio'),(315,'ration'),(8758,'rationale'),(8283,'rationing'),(1333,'rats'),(3037,'ravi'),(1450,'ravitsky'),(3107,'razzaque'),(2366,'rea'),(863,'reactive'),(4619,'readout'),(3014,'reaven'),(6171,'recall'),(3126,'receive'),(3198,'received'),(820,'receiver'),(1723,'receiving'),(4159,'recent'),(4762,'receptor'),(4768,'receptors'),(3637,'recipient'),(3627,'recipients'),(5646,'recognition'),(7540,'recognize'),(6204,'recollection'),(3534,'reconstruction'),(8989,'record'),(4030,'recorded'),(5308,'recordings'),(284,'records'),(4475,'recovered'),(4037,'recovery'),(8664,'recruited'),(516,'recruitment'),(4502,'red'),(4554,'redemitting'),(9795,'reduce'),(1316,'reduced'),(4765,'reduces'),(8568,'reducing'),(4378,'reduction'),(5522,'redundancy'),(2938,'reed'),(8149,'reference'),(7250,'referred'),(1407,'reflect'),(1840,'reflux'),(1418,'regen'),(1000,'regeneration'),(187,'regenerative'),(5512,'regime'),(1540,'regina'),(64,'region'),(5651,'regions'),(116,'registered'),(3894,'registration'),(749,'rego'),(839,'regression'),(1410,'regulate'),(4140,'regulated'),(4189,'regulates'),(1065,'regulating'),(4180,'regulation'),(8077,'rehab'),(603,'rehabilitation'),(2561,'reiber'),(2191,'reicher'),(7822,'reinforced'),(5696,'reinforcement'),(5543,'reinstatement'),(7269,'reinstating'),(1550,'related'),(5364,'relating'),(5851,'relational'),(269,'relationship'),(5755,'relative'),(4368,'relevance'),(714,'relevant'),(1740,'relief'),(5608,'rely'),(698,'remained'),(3541,'remaining'),(5244,'remains'),(189,'remedi'),(7225,'remembering'),(3379,'reminiscent'),(2088,'remodelling'),(8805,'remote'),(348,'rep'),(1001,'repair'),(1047,'repairing'),(5648,'repeated'),(7820,'repetition'),(2769,'repin'),(2073,'replacement'),(531,'replacing'),(1092,'repopulate'),(483,'report'),(252,'reported'),(8158,'reporting'),(6007,'reports'),(4176,'repositioning'),(5823,'represent'),(5798,'representations'),(9650,'representatives'),(4724,'represented'),(2031,'reproduce'),(9398,'republic'),(660,'requested'),(9488,'require'),(4382,'required'),(3717,'requirement'),(4943,'requires'),(293,'requiring'),(4,'res'),(1570,'resaerch'),(192,'research'),(6189,'researchers'),(894,'reserved'),(7712,'reservoir'),(3426,'resinbonded'),(4613,'resolution'),(3501,'resonance'),(128,'resorption'),(7382,'resource'),(8932,'resources'),(3148,'respect'),(150,'respiratory'),(5468,'respond'),(8998,'responded'),(9014,'respondents'),(4758,'responding'),(3741,'response'),(4741,'responses'),(3722,'responsible'),(862,'rest'),(1002,'restoration'),(8284,'restrictive'),(4850,'restricts'),(5527,'result'),(3667,'resulted'),(3866,'resulting'),(98,'results'),(7759,'retimycin'),(5615,'retrieval'),(153,'retrospective'),(1911,'return'),(7604,'reveal'),(2086,'revealed'),(1386,'reverted'),(4196,'review'),(298,'reviewed'),(9162,'reviewers'),(5852,'reviewing'),(7962,'reviews'),(7847,'rewardlearning'),(2653,'reyes'),(7361,'reykjavik'),(2644,'reyna'),(156,'rezoagli'),(1854,'rfa'),(948,'rh4'),(9357,'rh5'),(2838,'rheeder'),(5310,'rhythmic'),(239,'rianimazione'),(27,'ricci'),(9628,'richardriopelle@mcgillca'),(2201,'riddle'),(893,'rights'),(2729,'rim'),(51,'rimini'),(9531,'riopelle'),(9784,'rise'),(5453,'rising'),(255,'risk'),(8537,'risks'),(3042,'rizvi'),(2129,'rj'),(2319,'rl'),(2158,'rm'),(917,'rn1'),(4813,'rna'),(2984,'robbins'),(3022,'roberts'),(1452,'robillard'),(2410,'robitaille'),(8543,'robust'),(2931,'rodbard'),(1256,'rodents'),(761,'rodrigues'),(2303,'roe'),(3007,'rohatgi'),(2665,'rojaslingan'),(2052,'role'),(1160,'rome'),(9625,'room'),(2321,'roque'),(2483,'rose'),(2952,'roseman'),(2402,'ross'),(23,'rossi'),(8963,'rostered'),(2593,'rotella'),(17,'rough'),(2195,'rouleau'),(652,'routine'),(3092,'rovner'),(2125,'rr'),(5485,'rrna'),(7376,'ruangelieedraebel@strathacuk'),(2900,'rudyk'),(6074,'rue'),(366,'ruocco'),(8804,'rural'),(159,'s1'),(9534,'s10'),(567,'s12'),(9053,'s1249'),(1142,'s2'),(3747,'s3'),(9724,'s365'),(3943,'s37'),(163,'s4'),(384,'s5'),(1439,'s6'),(3759,'s89'),(1800,'sa3'),(2797,'sabán'),(3333,'sacrifice'),(1737,'safe'),(1845,'safely'),(3149,'safety'),(9608,'safra'),(3080,'salacata'),(2463,'salazar'),(8729,'salbach'),(7568,'salinispora'),(2599,'salvioni'),(2331,'salvo'),(2772,'samoylova'),(7981,'sample'),(4626,'sampled'),(687,'samples'),(3848,'sampling'),(216,'san'),(2637,'sanchez'),(69,'sandblasted'),(2176,'sanders'),(2431,'santibañez'),(2375,'santos'),(771,'são'),(206,'saolta'),(1781,'saphenous'),(1158,'sapienza'),(311,'sapsii'),(8437,'saraguilcher@utorontoca'),(9567,'sarahmunce@uhnca'),(2381,'saraiva'),(7649,'sarkar'),(1093,'satellite'),(2874,'sathayapalan'),(2238,'sattar'),(2643,'sauque'),(8724,'sb3'),(1678,'scale'),(4586,'scanning'),(4804,'sce'),(5480,'scenarios'),(3017,'schactman'),(2517,'schaefer'),(2493,'schäufele'),(2482,'schellong'),(5885,'scheme'),(5856,'schemes'),(2499,'schenkenberger'),(2218,'schernthaner'),(2667,'schipperen'),(5806,'schlichting'),(5821,'schlichting@psychutorontoca'),(2348,'schnack'),(2963,'schnall'),(2353,'schoenherr'),(3448,'scholar'),(990,'school'),(2475,'schoper'),(3024,'schubart'),(4246,'schuelke'),(8885,'schuler'),(2477,'schummdraeger'),(347,'sci'),(40,'science'),(196,'sciences'),(1544,'scientists'),(9004,'scirelevant'),(3575,'sclerosis'),(8047,'scoping'),(1681,'score'),(4308,'scores'),(8095,'scotia'),(2209,'scott'),(5407,'scottish'),(9164,'screen'),(8941,'screening'),(3511,'screwretained'),(7492,'scripps'),(8560,'sd'),(8648,'search'),(8138,'searched'),(8148,'searching'),(673,'seasonal'),(274,'secondary'),(5168,'seconds'),(9890,'sector'),(9808,'sectors'),(5497,'sediment'),(5387,'sediments'),(2835,'seedat'),(5829,'seemingly'),(1898,'segment'),(78,'segments'),(1969,'seidman'),(2481,'seissler'),(5209,'seizure'),(5269,'seizureinduced'),(5243,'seizures'),(2789,'selecky'),(353,'selective'),(1844,'selectively'),(8714,'selfefficacy'),(8042,'selfmanagement'),(4771,'selforganization'),(8813,'selfreported'),(1953,'sellers'),(9642,'semistructured'),(4561,'sensitive'),(827,'sensitivity'),(3995,'sensory'),(1965,'seow'),(2112,'sep'),(9035,'sep1'),(5791,'sep153pt'),(5239,'sep213179'),(4388,'sep5034316'),(7876,'separate'),(5845,'separated'),(5545,'separation'),(261,'sepsis'),(8809,'september'),(5487,'sequences'),(5475,'sequencing'),(4303,'sequential'),(1750,'series'),(2675,'serné'),(2794,'serrano'),(642,'serum'),(7967,'served'),(5462,'services'),(4953,'set'),(4556,'setau647'),(908,'setd7'),(4296,'setting'),(7945,'settings'),(5089,'setup'),(2936,'severa'),(260,'severe'),(1697,'severity'),(1167,'sex'),(1129,'sexual'),(3011,'seyoum'),(760,'sf2'),(2632,'sh'),(2304,'shah'),(3065,'shahawy'),(2918,'shanik'),(4973,'shape'),(6236,'shaped'),(7438,'shared'),(9885,'sharing'),(2385,'sheinkova'),(2436,'shen'),(9036,'shepherd'),(2773,'sherenkov'),(2357,'shernthaner'),(2213,'sheu'),(8259,'shikhagupta@queensuca'),(2581,'shimon'),(8902,'shing'),(5704,'shohamy'),(15,'short'),(706,'show'),(850,'showed'),(1919,'shown'),(7268,'shows'),(1538,'shoyama'),(9603,'shulman'),(2395,'shumkova'),(2309,'sicer'),(2403,'sigal'),(2418,'sigalas'),(7157,'sightthreatening'),(1382,'signaling'),(7871,'signals'),(7856,'signatures'),(1908,'significance'),(837,'significant'),(683,'significantly'),(3842,'signs'),(2722,'sikorski'),(5955,'silent'),(2362,'silva'),(2709,'silwinska'),(1923,'similar'),(4751,'similarity'),(4757,'similarly'),(2547,'simon'),(2498,'simonwagner'),(4942,'simple'),(4119,'simply'),(2877,'simpson'),(5507,'simulated'),(4633,'simulation'),(4731,'simultaneously'),(12,'single'),(4798,'singlecell'),(4714,'singleneuron'),(5936,'sinus'),(5961,'sinusitis'),(1434,'sipp'),(1372,'sirt1'),(1392,'sirt1enosmtor'),(1371,'sirtuin'),(3797,'site'),(5437,'sites'),(9639,'situation'),(2526,'siu'),(8969,'sixty'),(5987,'size'),(2198,'sj'),(8248,'sj2'),(8616,'sj23'),(7917,'sjt'),(9347,'sjt1'),(8416,'sjt1234'),(8200,'sjt12345'),(8062,'sjt147'),(8892,'sjt16'),(8726,'sjt4'),(9049,'sjt8'),(1541,'sk'),(7686,'skaggs'),(3208,'skelet'),(524,'skeletal'),(8166,'skills'),(2858,'sl'),(1954,'sl12'),(8054,'sl234'),(8422,'sl78910'),(3495,'slactive'),(8883,'slater'),(4056,'slightly'),(4345,'slow'),(2139,'sm'),(4535,'small'),(4842,'smaller'),(1090,'smallmolecule'),(8249,'smith'),(2774,'smolenskaya'),(9043,'sn5'),(8701,'soc'),(1553,'social'),(888,'society'),(9468,'sociodemographic'),(3924,'sodium'),(4307,'sofa'),(73,'soft'),(2600,'sokolova'),(2953,'soler'),(2083,'soleus'),(922,'soliman'),(4837,'solution'),(9896,'solutionfocused'),(8103,'solutions'),(132,'sons'),(6066,'sorbonne'),(2937,'sorli'),(7130,'sorrentino'),(2785,'sosovec'),(3789,'sostana'),(2800,'soto'),(3084,'soufer'),(3015,'soule'),(7582,'sources'),(2161,'sourij'),(750,'sousa'),(702,'south'),(559,'southern'),(2273,'souza'),(2723,'sowinski'),(2144,'sp'),(9008,'spasticity'),(7515,'spatial'),(4746,'spatially'),(4200,'spatiotemporal'),(1135,'spaziani'),(5127,'specialized'),(1404,'species'),(485,'specific'),(5886,'specifically'),(828,'specificity'),(4321,'specimens'),(647,'spectrometry'),(2982,'sperlhillen'),(3750,'spies'),(5340,'spikes'),(3566,'spinal'),(8580,'sponsorship'),(5956,'spontaneous'),(7396,'sporeforming'),(417,'sport'),(3756,'spranger'),(4790,'spring'),(4247,'spuler'),(4504,'squaraine'),(4555,'squarainerotaxane'),(3055,'sr'),(2214,'sritara'),(2710,'sroka'),(1642,'st'),(5943,'st1'),(4553,'stability'),(3864,'stable'),(3336,'staining'),(9840,'stakeholders'),(2603,'stalte'),(989,'stanford'),(3079,'staniloae'),(3850,'start'),(1226,'starting'),(2708,'stasinksa'),(1517,'state'),(9195,'stated'),(341,'statement'),(6155,'states'),(1907,'statistical'),(1884,'statistically'),(8534,'statistics'),(557,'status'),(278,'stay'),(1308,'steatosis'),(3800,'steffenwebercarstens@charitede'),(5942,'stefko'),(3752,'steinhagenthiessen'),(2609,'stelmane'),(439,'stem'),(984,'stemcell'),(9670,'stems'),(1707,'stent'),(1603,'stenting'),(1724,'stents'),(4948,'stereomicroscope'),(2583,'stern'),(2779,'stevlik'),(4042,'stimulation'),(4952,'stimulator'),(4722,'stimuli'),(4033,'stimulusresponse'),(4739,'stimulusspecific'),(2173,'stone'),(8366,'stop'),(5867,'stored'),(2927,'stout'),(4956,'straightforward'),(7725,'strains'),(7472,'strategies'),(541,'strategy'),(5434,'strathclyde'),(309,'stratified'),(2601,'strautina'),(3263,'street'),(5660,'strength'),(4058,'strengthduration'),(7415,'streptomyces'),(1301,'stress'),(3143,'stroke'),(5446,'strong'),(2763,'strongin'),(2488,'strotmann'),(2929,'struble'),(4089,'structural'),(7748,'structure'),(4747,'structured'),(235,'studi'),(675,'studied'),(474,'studies'),(22,'study'),(945,'su'),(4562,'subcellular'),(5959,'subclinical'),(3127,'subcutaneous'),(7266,'subfield'),(1213,'subgroup'),(1198,'subgroups'),(716,'subjects'),(805,'submitted'),(5801,'subregion'),(4028,'subsequently'),(6080,'substances'),(6034,'subtilis'),(6237,'subtle'),(3535,'success'),(1719,'successful'),(2802,'sucunza'),(3532,'suffered'),(3714,'sufficient'),(2090,'suggest'),(5992,'suggested'),(1388,'suggesting'),(4379,'suggests'),(3003,'sugimoto'),(9633,'suite'),(5779,'suited'),(2612,'sulskiene'),(5691,'sum'),(7997,'summaries'),(7950,'summary'),(8078,'sunnybrook'),(4052,'superexcitability'),(3150,'superior'),(3176,'superiority'),(4193,'superoxidase'),(3836,'supine'),(2765,'suplotova'),(1396,'supplement'),(352,'supplementation'),(477,'supplements'),(4769,'support'),(14,'supported'),(62,'supporting'),(2901,'suprun'),(3049,'suresh'),(61,'surface'),(6134,'surfactins'),(722,'surg'),(179,'surgery'),(455,'surgical'),(5144,'surrounding'),(9878,'surveillance'),(1702,'survey'),(7959,'surveys'),(88,'survival'),(4486,'survivors'),(9635,'susanjaglal@utorontoca'),(3958,'susannekoch@charitede'),(5242,'susceptible'),(9189,'sustainable'),(3670,'sustained'),(5978,'sustaining'),(2670,'swart'),(9042,'sweet'),(5287,'swimming'),(2664,'swinkelsdiepenmaat'),(46,'switzerland'),(1661,'symptomatic'),(798,'symptoms'),(4147,'synapses'),(4129,'synaptic'),(5066,'synchronized'),(5311,'synchronous'),(257,'syndrome'),(506,'synthase'),(1409,'synthasemammalian'),(4334,'synthesis'),(4563,'synthesizing'),(4814,'synthetic'),(2531,'sys'),(655,'system'),(8611,'systematic'),(9789,'systems'),(2557,'szakal'),(2574,'szentpeteri'),(2748,'szilagyi'),(4234,'t1'),(8424,'t11121314'),(3743,'t12'),(8426,'t151617'),(6040,'t2'),(576,'t4'),(5557,'t45'),(9528,'t7'),(8060,'t89'),(964,'ta2'),(9692,'table'),(4831,'tadpole'),(5077,'tadpoles'),(1143,'tahani'),(2724,'tahk'),(9897,'tailored'),(2542,'takacs'),(4987,'takes'),(2881,'takhar'),(8367,'taking'),(2567,'taller'),(2649,'tamez'),(2343,'tan'),(645,'tandem'),(2220,'tankova'),(3026,'tannenbaum'),(9592,'tanyapacker@dalca'),(1379,'target'),(5060,'targeted'),(9714,'targeting'),(9868,'targets'),(9618,'tarikbereket@utorontoca'),(7848,'task'),(8165,'tasks'),(7132,'taubenslag'),(3025,'taylon'),(8110,'team'),(114,'technical'),(1718,'technically'),(3883,'technique'),(5155,'techniques'),(985,'technologies'),(449,'technology'),(437,'tecnologia'),(4827,'tectal'),(4736,'tectum'),(1257,'tedesco'),(3229,'tehrani'),(8801,'telehealth'),(7952,'telephone'),(2911,'teliatnikova'),(5378,'temperature'),(4583,'temporal'),(58,'ten'),(5319,'terminated'),(4511,'terpetschnig'),(6087,'terrasse'),(9676,'territories'),(3312,'test'),(5282,'tested'),(1175,'testicular'),(4484,'testing'),(1222,'testosterone'),(8949,'tests'),(2602,'teterovska'),(6136,'tetronic'),(9171,'text'),(9833,'thematic'),(8001,'themes'),(5831,'theoretical'),(7284,'theory'),(914,'therapeutic'),(1978,'therapeutics'),(3407,'therapies'),(1046,'therapy'),(1834,'thermoablation'),(5556,'thesen'),(7418,'thirtyeight'),(4478,'thirtysix'),(110,'thirtythree'),(2360,'thissen'),(3038,'thomas'),(2130,'thompson'),(763,'thorpe'),(5628,'thought'),(4867,'threedimensional'),(3513,'threeunit'),(4035,'threshold'),(7125,'thrombosis'),(1214,'thyroglobulin'),(1200,'thyroid'),(84,'tightened'),(8305,'till'),(2305,'tillmann'),(95,'time'),(4331,'timedependent'),(8013,'timeefficient'),(4131,'timelapse'),(7176,'timely'),(5541,'timeresolved'),(4644,'times'),(6230,'timescale'),(5166,'timescales'),(9303,'timesrelated'),(2813,'tinahones'),(4840,'tip'),(2706,'tirador'),(2174,'tisch'),(74,'tissue'),(4010,'tissues'),(9165,'titles'),(2761,'tivadar'),(2630,'tk'),(8056,'tl5'),(762,'to2'),(1482,'tokyo'),(472,'tolerance'),(9044,'tomasone'),(5983,'tomography'),(7205,'tompary'),(7715,'tools'),(9250,'top'),(8005,'topics'),(8272,'topmost'),(2236,'torello'),(5570,'toronto'),(3499,'torques'),(387,'torrente'),(1227,'total'),(3004,'toth'),(6046,'touboul'),(1367,'toxicity'),(6188,'traces'),(6110,'traditional'),(1428,'training'),(4540,'traits'),(3582,'tran'),(1360,'transcription'),(4985,'transfected'),(4977,'transfecting'),(4989,'transfection'),(5980,'transient'),(1066,'transition'),(7903,'transitions'),(3112,'transl'),(883,'translate'),(1104,'translation'),(429,'translational'),(5874,'transmit'),(9685,'transparency'),(5262,'transparent'),(853,'transpelvic'),(1057,'transplantable'),(393,'transplantation'),(3626,'transplanted'),(9843,'transportation'),(232,'trapianti'),(262,'trauma'),(8406,'traumatic'),(3888,'treat'),(1095,'treated'),(542,'treatment'),(5151,'treatments'),(3635,'treosulfan'),(3692,'treosulfanconditioned'),(1656,'trial'),(5663,'trials'),(2245,'triana'),(606,'triberg'),(3377,'triceps'),(3345,'triglycerides'),(3058,'tripathy'),(1016,'trondheim'),(7578,'tropica'),(2306,'truffa'),(1352,'tryptophan'),(2532,'tsang'),(2928,'tsao'),(2479,'tschöpe'),(2537,'tse'),(2902,'tseluyko'),(2849,'tseng'),(5353,'tunel'),(4749,'tuning'),(4188,'turn'),(4285,'turnover'),(2770,'turova'),(3491,'twenty'),(4302,'twentynine'),(4044,'twentysix'),(3512,'two'),(4507,'twophoton'),(251,'type'),(144,'types'),(537,'typically'),(703,'tyrol'),(2413,'tytus'),(1449,'u11'),(1979,'ubc'),(3644,'ubiquitously'),(1040,'uk'),(2946,'ukwade'),(2310,'ulla'),(4500,'ultrabright'),(735,'ultrasound'),(4343,'ultrastructure'),(6065,'umr'),(6092,'umr8608'),(3687,'unable'),(5145,'unaltered'),(5273,'unanesthetized'),(265,'unavailable'),(7539,'uncertainties'),(4275,'unclear'),(3962,'und'),(7187,'underdiagnosed'),(1689,'undergo'),(4324,'undergoing'),(7872,'underlie'),(5251,'underlying'),(7186,'underrecognized'),(5669,'underscore'),(5751,'understand'),(1063,'understanding'),(8771,'understood'),(7381,'understudied'),(6119,'undertaken'),(4025,'underwent'),(5933,'unique'),(215,'unit'),(3736,'unitacquired'),(5413,'united'),(7542,'units'),(8382,'universal'),(233,'università'),(3972,'universitätsklinikum'),(3978,'universitätsmedizin'),(6067,'université'),(41,'university'),(3120,'unknown'),(1340,'unlike'),(9223,'unmet'),(5995,'unrelated'),(2087,'untouched'),(7145,'upmc'),(6082,'upr2301'),(8976,'uptake'),(8967,'uptodate'),(8101,'urban'),(2615,'urbanaviciene'),(2616,'urbanavicius'),(9344,'urbandwelling'),(9687,'urgent'),(242,'urgenza'),(2244,'urina'),(993,'usa'),(3117,'usual'),(4560,'utility'),(2695,'uy'),(1451,'v12'),(9349,'v2'),(569,'v23'),(9726,'v37'),(3252,'v6t'),(4112,'v6t2b5'),(2758,'vacaru'),(8992,'vaccination'),(8943,'vaccinations'),(1269,'valerio'),(2668,'valk'),(6035,'vallet'),(5322,'valproate'),(876,'values'),(2659,'van'),(6037,'vanbellingen'),(981,'vancouver'),(930,'vander'),(2551,'vandorfi'),(2359,'vanuytsel'),(2613,'varanauskiene'),(6032,'variabile'),(674,'variability'),(5452,'variables'),(692,'variation'),(1786,'varicose'),(8661,'varied'),(4438,'varies'),(5170,'variety'),(1680,'vas'),(721,'vasc'),(509,'vascular'),(1634,'vascular369@hotmailcom'),(3406,'vasculartargeted'),(469,'vasculature'),(4316,'vastus'),(2904,'vatutin'),(2917,'vayda'),(512,'vegf'),(738,'vein'),(1787,'veins'),(2619,'velaviciene'),(2622,'velickiene'),(2804,'vendrell'),(807,'venography'),(723,'venous'),(335,'ventilated'),(295,'ventilation'),(3353,'ventricular'),(2231,'veresiu'),(2358,'verhaegen'),(4666,'verlag'),(9523,'verrier'),(4805,'versatile'),(8802,'version'),(9529,'versnel'),(300,'versus'),(3313,'vessel'),(2050,'vessels'),(1003,'veterans'),(3613,'vhhsc'),(3733,'vibration'),(1034,'vic'),(9748,'victoria'),(5175,'video'),(2398,'videva'),(4114,'view'),(1560,'views'),(160,'villa'),(2325,'villarino'),(2647,'villeda'),(212,'vimercate'),(2782,'vinanska'),(2187,'vincent'),(7360,'vinlandsleið'),(3767,'virchow'),(3950,'virchowklinikum'),(5101,'vis'),(2580,'vishlitsky'),(8566,'visits'),(1676,'visual'),(4960,'visualization'),(3841,'vital'),(8828,'vitality'),(632,'vitamin'),(909,'vitro'),(2081,'vivo'),(4825,'vivotargeted'),(2916,'vizir'),(2912,'vlasenko'),(3073,'vo'),(419,'voghera'),(9691,'voice'),(4004,'voltagegated'),(3354,'volume'),(2969,'vonderhaar'),(2656,'voorspette'),(2560,'voros'),(8721,'voth'),(2131,'vp'),(788,'vpgs'),(2535,'vt'),(9663,'vulnerability'),(944,'w4'),(3033,'wade'),(2224,'wainstein'),(9302,'wait'),(3060,'wakefield'),(9473,'walkability'),(1847,'wall'),(2446,'wang'),(1947,'wasting'),(8107,'waterloo'),(4549,'wavelengths'),(5330,'waves'),(2042,'weakness'),(7451,'wealth'),(9112,'webbased'),(3758,'webercarstens'),(2961,'webster'),(1865,'week'),(3134,'weekly'),(81,'weeks'),(9448,'weight'),(8671,'weighted'),(4669,'weinheim'),(2949,'weiss'),(8118,'wellbeing'),(2253,'weng'),(931,'werff'),(3754,'wernecke'),(4603,'wesbrook'),(5587,'west'),(3327,'western'),(2846,'whh'),(259,'white'),(2972,'whitehouse'),(3629,'wholebody'),(4717,'wholenetwork'),(4645,'wide'),(7825,'widely'),(2221,'widimsky'),(575,'widmann'),(4843,'width'),(3359,'wildtype'),(2866,'wiles'),(131,'wiley'),(4665,'wileyvch'),(2834,'wilhase'),(1456,'wilson'),(8552,'window'),(5882,'windows'),(2979,'wine'),(2839,'wing'),(1332,'wistar'),(2339,'wittert'),(2564,'wittman'),(2636,'wk'),(5555,'wk3'),(4235,'woehlecke'),(3746,'wolf'),(3742,'wollersheim'),(3932,'wolter'),(8980,'women'),(2162,'wong'),(2404,'woo'),(2188,'woodall'),(2420,'woodford'),(8395,'work'),(7940,'working'),(1310,'worsened'),(2889,'wright'),(8613,'wshah'),(2852,'wt'),(2661,'ww'),(2739,'wy'),(3010,'wyne'),(2973,'wysham'),(5391,'x2'),(4734,'xenopus'),(4802,'xf'),(949,'xu'),(388,'y11'),(2399,'yakov'),(2250,'yale'),(2528,'yan'),(2433,'yanez'),(2450,'yang'),(700,'year'),(59,'years'),(5216,'yen'),(2534,'yeung'),(924,'yi'),(1083,'yield'),(2854,'yj'),(2726,'yn'),(2217,'yong'),(2211,'yoon'),(5566,'york'),(696,'young'),(7140,'yu'),(2447,'yuan'),(459,'yvantorrente@unimiit'),(2163,'yw'),(1958,'z12'),(1445,'z9'),(2617,'zabuliene'),(2755,'zaharie'),(2397,'zaharieva'),(2328,'zaidman'),(2714,'zaluska'),(2256,'zannad'),(959,'zaph'),(1458,'zarzeczny'),(2307,'zazula'),(2308,'zeitler'),(947,'zhang'),(2449,'zhou'),(7652,'ziemert'),(2570,'zilahi'),(3001,'zimering'),(2998,'zimmerman'),(2150,'zinman'),(2775,'zrahevskiy'),(5727,'zuckerman'),(48,'zurich'),(307,'[212]'),(7806,'[2]'),(3153,'[731]'),(320,'[ci]'),(551,'[epub'),(896,'[indexed'),(305,'[interquartile'),(316,'[or]'),(129,'©'),(113,'±'),(323,'β'),(1078,'βcatenin'),(9137,'≥18'),(819,'≥50');
/*!40000 ALTER TABLE `keyword` ENABLE KEYS */;
UNLOCK TABLES;

--
-- Table structure for table `lab`
--

DROP TABLE IF EXISTS `lab`;
/*!40101 SET @saved_cs_client     = @@character_set_client */;
/*!40101 SET character_set_client = utf8 */;
CREATE TABLE `lab` (
  `id` int(11) NOT NULL AUTO_INCREMENT,
  `lab_name` text NOT NULL,
  `location` text DEFAULT NULL,
  `url` text DEFAULT NULL,
  PRIMARY KEY (`id`)
) ENGINE=InnoDB AUTO_INCREMENT=5 DEFAULT CHARSET=utf8;
/*!40101 SET character_set_client = @saved_cs_client */;

--
-- Dumping data for table `lab`
--

LOCK TABLES `lab` WRITE;
/*!40000 ALTER TABLE `lab` DISABLE KEYS */;
INSERT INTO `lab` VALUES (1,'the Rossi Laboratory','2222 Health Sciences Mall, Vancouver, British Columbia, Canada','http://www.rossilab.ca/'),(2,'Haas Lab','2211 Wesbrook Mall, Vancouver, British Columbia, Canada','http://www.haaslab.com/'),(3,'The Duncan Lab','100 St George St, Toronto, Ontario, Canada','http://duncanlab.org/'),(4,'Guilcher Lab','144 College St, Toronto, Ontario, Canada','https://www.guilcherlab.com/');
/*!40000 ALTER TABLE `lab` ENABLE KEYS */;
UNLOCK TABLES;

--
-- Table structure for table `lab_article`
--

DROP TABLE IF EXISTS `lab_article`;
/*!40101 SET @saved_cs_client     = @@character_set_client */;
/*!40101 SET character_set_client = utf8 */;
CREATE TABLE `lab_article` (
  `lab_id` int(11) NOT NULL,
  `article_id` int(11) NOT NULL,
  PRIMARY KEY (`lab_id`,`article_id`),
  KEY `article_id` (`article_id`),
  CONSTRAINT `lab_article_ibfk_1` FOREIGN KEY (`lab_id`) REFERENCES `lab` (`id`),
  CONSTRAINT `lab_article_ibfk_2` FOREIGN KEY (`article_id`) REFERENCES `article` (`id`)
) ENGINE=InnoDB DEFAULT CHARSET=utf8;
/*!40101 SET character_set_client = @saved_cs_client */;

--
-- Dumping data for table `lab_article`
--

LOCK TABLES `lab_article` WRITE;
/*!40000 ALTER TABLE `lab_article` DISABLE KEYS */;
INSERT INTO `lab_article` VALUES (1,1),(1,2),(1,3),(1,4),(1,5),(1,6),(1,7),(1,8),(1,9),(1,10),(1,11),(1,12),(1,13),(1,14),(1,15),(1,16),(2,17),(2,18),(2,19),(2,20),(2,21),(2,22),(2,23),(2,24),(2,25),(2,26),(2,27),(2,28),(2,29),(3,30),(3,31),(3,32),(3,33),(3,34),(3,35),(3,36),(3,37),(3,38),(3,39),(3,40),(3,41),(3,42),(3,43),(3,44),(3,45),(3,46),(3,47),(3,48),(3,49),(4,50),(4,51),(4,52),(4,53),(4,54),(4,55),(4,56),(4,57),(4,58),(4,59),(4,60),(4,61),(4,62);
/*!40000 ALTER TABLE `lab_article` ENABLE KEYS */;
UNLOCK TABLES;

--
-- Table structure for table `lab_person`
--

DROP TABLE IF EXISTS `lab_person`;
/*!40101 SET @saved_cs_client     = @@character_set_client */;
/*!40101 SET character_set_client = utf8 */;
CREATE TABLE `lab_person` (
  `lab_id` int(11) NOT NULL,
  `person_id` int(11) NOT NULL,
  PRIMARY KEY (`lab_id`,`person_id`),
  KEY `person_id` (`person_id`),
  CONSTRAINT `lab_person_ibfk_1` FOREIGN KEY (`lab_id`) REFERENCES `lab` (`id`),
  CONSTRAINT `lab_person_ibfk_2` FOREIGN KEY (`person_id`) REFERENCES `person` (`id`)
) ENGINE=InnoDB DEFAULT CHARSET=utf8;
/*!40101 SET character_set_client = @saved_cs_client */;

--
-- Dumping data for table `lab_person`
--

LOCK TABLES `lab_person` WRITE;
/*!40000 ALTER TABLE `lab_person` DISABLE KEYS */;
INSERT INTO `lab_person` VALUES (1,1),(2,2),(3,3),(4,4);
/*!40000 ALTER TABLE `lab_person` ENABLE KEYS */;
UNLOCK TABLES;

--
-- Table structure for table `person`
--

DROP TABLE IF EXISTS `person`;
/*!40101 SET @saved_cs_client     = @@character_set_client */;
/*!40101 SET character_set_client = utf8 */;
CREATE TABLE `person` (
  `id` int(11) NOT NULL AUTO_INCREMENT,
  `name` text DEFAULT NULL,
  `email` text DEFAULT NULL,
  PRIMARY KEY (`id`)
) ENGINE=InnoDB AUTO_INCREMENT=5 DEFAULT CHARSET=utf8;
/*!40101 SET character_set_client = @saved_cs_client */;

--
-- Dumping data for table `person`
--

LOCK TABLES `person` WRITE;
/*!40000 ALTER TABLE `person` DISABLE KEYS */;
INSERT INTO `person` VALUES (1,'Fabio Rossi','fabio@brc.ubc.ca'),(2,'Kurt Haas','kurt.haas@ubc.ca'),(3,'Katherine Duncan','duncan@psych.utoronto.ca'),(4,'Sara Guilcher','sara.guilcher@utoronto.ca');
/*!40000 ALTER TABLE `person` ENABLE KEYS */;
UNLOCK TABLES;
/*!40103 SET TIME_ZONE=@OLD_TIME_ZONE */;

/*!40101 SET SQL_MODE=@OLD_SQL_MODE */;
/*!40014 SET FOREIGN_KEY_CHECKS=@OLD_FOREIGN_KEY_CHECKS */;
/*!40014 SET UNIQUE_CHECKS=@OLD_UNIQUE_CHECKS */;
/*!40101 SET CHARACTER_SET_CLIENT=@OLD_CHARACTER_SET_CLIENT */;
/*!40101 SET CHARACTER_SET_RESULTS=@OLD_CHARACTER_SET_RESULTS */;
/*!40101 SET COLLATION_CONNECTION=@OLD_COLLATION_CONNECTION */;
/*!40111 SET SQL_NOTES=@OLD_SQL_NOTES */;

-- Dump completed on 2019-02-10  7:53:00
